# Anel viário do Campus do Vale (UFRGS) — Laboratório 3 (PAA I)
# Cabeçalho: n m origem destino
9100 24700 3 2803
# Elementos usados apenas pelo visualizador (coordenadas em metros):
#PISTA 1300 7
#RUA 215.3 1106.3 418.6 1076.4 1136.2 1090.7
#RUA 428.1 891.0 424.6 992.6 421.0 1076.4
#RUA 466.4 962.7 765.4 962.7
#RUA 913.7 691.3 1028.5 687.7 1136.2 667.3
#PREDIO 364.8 133.9 21.5 53.8
#PREDIO 400.6 149.5 19.1 38.3
#PREDIO 432.9 149.5 19.1 38.3
#PREDIO 468.8 149.5 19.1 38.3
#PREDIO 504.7 153.1 19.1 35.9
#PREDIO 547.7 141.1 14.4 16.7
#PREDIO 364.8 203.3 21.5 53.8
#PREDIO 400.6 203.3 21.5 53.8
#PREDIO 432.9 203.3 21.5 53.8
#PREDIO 468.8 203.3 21.5 53.8
#PREDIO 504.7 203.3 21.5 53.8
#PREDIO 535.8 203.3 14.4 53.8
#PREDIO 358.8 271.5 169.8 14.4
#PREDIO 594.4 316.9 14.4 113.6
#PREDIO 625.5 325.3 55.0 15.5
#PREDIO 625.5 351.6 55.0 15.5
#PREDIO 625.5 379.1 55.0 15.5
#PREDIO 625.5 406.6 55.0 15.5
#PREDIO 552.5 412.6 26.3 21.5
#PREDIO 526.2 339.6 21.5 16.7
#PREDIO 666.1 443.7 59.8 16.7
#PREDIO 666.1 471.2 59.8 16.7
#PREDIO 731.9 497.5 26.3 40.7
#PREDIO 627.9 448.5 29.9 16.7
#PREDIO 590.8 516.6 15.5 167.4
#PREDIO 621.9 526.2 57.4 14.4
#PREDIO 621.9 553.7 57.4 14.4
#PREDIO 621.9 581.2 57.4 14.4
#PREDIO 621.9 608.7 57.4 14.4
#PREDIO 621.9 636.2 57.4 14.4
#PREDIO 621.9 663.8 57.4 14.4
#PREDIO 621.9 693.6 57.4 14.4
#PREDIO 691.3 540.6 41.9 14.4
#PREDIO 691.3 580.0 41.9 14.4
#PREDIO 691.3 607.5 41.9 14.4
#PREDIO 691.3 635.0 41.9 14.4
#PREDIO 691.3 661.4 41.9 14.4
#PREDIO 691.3 685.3 41.9 14.4
#PREDIO 734.3 598.0 17.9 41.9
#PREDIO 734.3 645.8 17.9 41.9
#PREDIO 621.9 724.7 23.9 14.4
#PREDIO 651.8 724.7 23.9 14.4
#PREDIO 691.3 724.7 32.3 14.4
#PREDIO 637.4 761.8 53.8 21.5
#PREDIO 526.2 514.3 29.9 47.8
#PREDIO 562.1 566.9 26.3 23.9
#PREDIO 493.9 581.2 21.5 21.5
#PREDIO 385.1 711.6 21.5 14.4
#PREDIO 490.3 1002.2 41.9 12.0
#PREDIO 490.3 1022.5 26.3 12.0
#PREDIO 490.3 1040.5 41.9 12.0
#PREDIO 609.9 992.6 119.6 9.6
#PREDIO 606.3 1022.5 62.2 12.0
#PREDIO 693.6 1022.5 38.3 12.0
#ROTULO 568.1 229.6 Bloco IV (INF)
#ROTULO 696.0 373.1 Bloco III
#ROTULO 767.8 509.5 Bloco II
#ROTULO 604.0 825.2 Bloco I
#ROTULO 344.4 541.8 Setor 6
#ROTULO 324.1 759.4 Setor 7
#ROTULO 765.4 1023.7 Setor 8
#ROTULO 765.4 1124.2 Av. Bento Gonçalves
# Vértices (pontos da pista): id x y buraco
0 429.76 888.45 0
1 429.22 889.29 0
2 428.69 890.14 0
3 428.15 890.98 0
4 427.61 891.82 0
5 427.07 892.67 0
6 426.54 893.51 0
7 428.37 887.48 0
8 427.75 888.27 0
9 427.13 889.05 0
10 426.51 889.84 0
11 425.89 890.62 0
12 425.27 891.41 0
13 424.65 892.20 0
14 427.21 886.44 0
15 426.49 887.13 0
16 425.76 887.81 0
17 425.03 888.50 0
18 424.30 889.18 0
19 423.57 889.87 0
20 422.84 890.55 0
21 426.11 885.13 0
22 425.32 885.75 0
23 424.53 886.36 0
24 423.74 886.97 0
25 422.95 887.59 0
26 422.16 888.20 0
27 421.37 888.81 0
28 425.24 883.79 0
29 424.38 884.29 0
30 423.51 884.80 0
31 422.65 885.30 0
32 421.78 885.80 0
33 420.92 886.30 0
34 420.05 886.80 0
35 424.50 882.32 0
36 423.58 882.72 0
37 422.66 883.12 0
38 421.75 883.51 0
39 420.83 883.91 0
40 419.91 884.31 0
41 418.99 884.70 0
42 423.86 880.66 0
43 422.91 880.99 0
44 421.97 881.32 0
45 421.02 881.65 0
46 420.08 881.98 0
47 419.14 882.31 0
48 418.19 882.64 0
49 423.37 879.00 1
50 422.40 879.24 0
51 421.43 879.49 1
52 420.46 879.73 0
53 419.49 879.97 0
54 418.52 880.22 0
55 417.55 880.46 0
56 422.98 877.20 0
57 422.00 877.39 0
58 421.02 877.58 1
59 420.04 877.78 0
60 419.06 877.97 0
61 418.07 878.16 0
62 417.09 878.35 0
63 422.70 875.43 0
64 421.71 875.55 0
65 420.72 875.68 0
66 419.73 875.80 0
67 418.74 875.93 0
68 417.74 876.05 0
69 416.75 876.17 0
70 422.51 873.55 0
71 421.51 873.64 0
72 420.51 873.73 0
73 419.52 873.81 0
74 418.52 873.90 0
75 417.52 873.98 0
76 416.53 874.07 0
77 422.38 871.66 0
78 421.38 871.71 0
79 420.39 871.76 0
80 419.39 871.82 1
81 418.39 871.87 0
82 417.39 871.92 0
83 416.39 871.97 1
84 422.33 869.79 0
85 421.33 869.80 0
86 420.33 869.81 0
87 419.33 869.82 1
88 418.33 869.83 0
89 417.33 869.84 1
90 416.33 869.85 1
91 422.33 867.86 0
92 421.33 867.84 1
93 420.33 867.83 0
94 419.33 867.82 0
95 418.33 867.80 0
96 417.33 867.79 0
97 416.33 867.78 0
98 422.37 865.92 0
99 421.37 865.88 0
100 420.37 865.85 1
101 419.37 865.82 1
102 418.37 865.79 1
103 417.37 865.75 1
104 416.37 865.72 1
105 422.45 863.97 0
106 421.46 863.92 0
107 420.46 863.87 0
108 419.46 863.82 0
109 418.46 863.77 0
110 417.46 863.72 0
111 416.46 863.67 0
112 422.57 862.01 0
113 421.57 861.95 1
114 420.57 861.89 0
115 419.58 861.82 0
116 418.58 861.76 0
117 417.58 861.70 0
118 416.58 861.63 0
119 422.71 860.06 1
120 421.71 859.99 0
121 420.72 859.91 1
122 419.72 859.83 0
123 418.72 859.75 0
124 417.72 859.67 0
125 416.73 859.59 0
126 422.87 858.09 0
127 421.87 858.01 0
128 420.88 857.92 0
129 419.88 857.84 0
130 418.88 857.75 0
131 417.89 857.67 0
132 416.89 857.58 0
133 423.04 856.11 0
134 422.04 856.02 0
135 421.05 855.93 0
136 420.05 855.84 1
137 419.06 855.76 0
138 418.06 855.67 0
139 417.06 855.58 0
140 423.22 854.12 0
141 422.22 854.03 0
142 421.23 853.94 0
143 420.23 853.85 0
144 419.23 853.76 0
145 418.24 853.67 0
146 417.24 853.58 0
147 423.40 852.12 0
148 422.40 852.04 0
149 421.40 851.95 0
150 420.41 851.86 0
151 419.41 851.77 0
152 418.42 851.68 0
153 417.42 851.60 0
154 423.57 850.11 0
155 422.57 850.03 0
156 421.57 849.95 0
157 420.58 849.87 0
158 419.58 849.79 0
159 418.58 849.71 0
160 417.59 849.63 0
161 423.72 848.08 0
162 422.73 848.01 0
163 421.73 847.94 1
164 420.73 847.87 1
165 419.73 847.80 1
166 418.74 847.73 0
167 417.74 847.66 0
168 423.85 846.05 1
169 422.86 845.99 0
170 421.86 845.93 0
171 420.86 845.88 0
172 419.86 845.82 0
173 418.86 845.76 0
174 417.86 845.71 0
175 423.95 843.97 1
176 422.95 843.94 1
177 421.95 843.91 0
178 420.95 843.88 0
179 419.95 843.85 0
180 418.95 843.82 0
181 417.95 843.79 0
182 424.01 841.99 1
183 423.01 841.95 0
184 422.01 841.92 1
185 421.01 841.88 0
186 420.01 841.84 0
187 419.01 841.81 0
188 418.02 841.77 0
189 424.10 840.06 0
190 423.10 840.00 0
191 422.10 839.94 0
192 421.11 839.88 0
193 420.11 839.82 0
194 419.11 839.77 1
195 418.11 839.71 0
196 424.23 838.11 0
197 423.23 838.03 0
198 422.23 837.96 1
199 421.23 837.89 0
200 420.24 837.81 0
201 419.24 837.74 0
202 418.24 837.67 0
203 424.39 836.17 0
204 423.39 836.08 0
205 422.39 835.99 0
206 421.40 835.89 0
207 420.40 835.80 0
208 419.41 835.71 0
209 418.41 835.61 0
210 424.58 834.23 0
211 423.59 834.12 0
212 422.59 834.01 1
213 421.60 833.90 0
214 420.60 833.80 0
215 419.61 833.69 0
216 418.62 833.58 0
217 424.81 832.30 0
218 423.82 832.17 0
219 422.82 832.04 0
220 421.83 831.92 0
221 420.84 831.79 0
222 419.85 831.67 0
223 418.86 831.54 0
224 425.07 830.35 0
225 424.08 830.21 0
226 423.09 830.07 0
227 422.10 829.94 0
228 421.11 829.80 0
229 420.12 829.66 0
230 419.13 829.52 0
231 425.36 828.43 0
232 424.37 828.27 0
233 423.38 828.11 0
234 422.39 827.96 0
235 421.41 827.80 0
236 420.42 827.64 0
237 419.43 827.49 0
238 425.68 826.49 1
239 424.69 826.32 1
240 423.71 826.15 1
241 422.72 825.99 1
242 421.73 825.82 1
243 420.75 825.65 0
244 419.76 825.48 0
245 426.02 824.57 0
246 425.04 824.39 1
247 424.06 824.20 0
248 423.07 824.02 0
249 422.09 823.83 0
250 421.11 823.65 0
251 420.12 823.46 0
252 426.40 822.64 1
253 425.41 822.44 0
254 424.43 822.25 0
255 423.45 822.05 0
256 422.47 821.86 0
257 421.49 821.66 0
258 420.51 821.47 0
259 426.79 820.72 0
260 425.81 820.51 1
261 424.84 820.30 1
262 423.86 820.09 0
263 422.88 819.89 0
264 421.90 819.68 0
265 420.92 819.47 0
266 427.21 818.79 0
267 426.24 818.58 0
268 425.26 818.36 0
269 424.28 818.14 0
270 423.31 817.92 0
271 422.33 817.71 0
272 421.36 817.49 0
273 427.65 816.88 1
274 426.68 816.65 0
275 425.71 816.42 0
276 424.73 816.19 0
277 423.76 815.96 0
278 422.79 815.73 0
279 421.81 815.50 0
280 428.12 814.96 0
281 427.14 814.72 0
282 426.17 814.49 0
283 425.20 814.25 1
284 424.23 814.01 0
285 423.26 813.77 0
286 422.29 813.53 0
287 428.59 813.05 0
288 427.63 812.81 0
289 426.66 812.56 1
290 425.69 812.31 0
291 424.72 812.06 0
292 423.75 811.81 0
293 422.78 811.56 0
294 429.09 811.14 0
295 428.13 810.88 1
296 427.16 810.63 0
297 426.19 810.37 0
298 425.22 810.12 0
299 424.26 809.86 0
300 423.29 809.61 0
301 429.60 809.23 0
302 428.64 808.97 0
303 427.67 808.70 0
304 426.71 808.44 0
305 425.74 808.18 0
306 424.78 807.91 0
307 423.82 807.65 1
308 430.13 807.32 0
309 429.17 807.05 0
310 428.20 806.78 0
311 427.24 806.51 0
312 426.28 806.24 0
313 425.31 805.98 0
314 424.35 805.71 0
315 430.67 805.41 0
316 429.71 805.14 0
317 428.75 804.86 0
318 427.78 804.59 0
319 426.82 804.31 1
320 425.86 804.04 1
321 424.90 803.77 0
322 431.22 803.51 1
323 430.26 803.23 1
324 429.30 802.95 0
325 428.34 802.67 0
326 427.38 802.39 0
327 426.42 802.11 0
328 425.46 801.83 0
329 431.78 801.60 0
330 430.82 801.32 1
331 429.86 801.03 0
332 428.90 800.75 0
333 427.94 800.46 0
334 426.98 800.18 0
335 426.02 799.90 0
336 432.35 799.69 0
337 431.39 799.40 0
338 430.43 799.12 0
339 429.47 798.83 1
340 428.51 798.54 0
341 427.56 798.26 0
342 426.60 797.97 0
343 432.92 797.79 0
344 431.96 797.50 0
345 431.01 797.21 0
346 430.05 796.92 0
347 429.09 796.63 0
348 428.14 796.33 0
349 427.18 796.04 0
350 433.50 795.90 0
351 432.54 795.60 0
352 431.59 795.30 0
353 430.63 795.00 1
354 429.68 794.71 0
355 428.73 794.41 0
356 427.77 794.11 0
357 434.09 794.04 0
358 433.14 793.73 0
359 432.20 793.41 1
360 431.25 793.10 1
361 430.30 792.79 1
362 429.35 792.47 1
363 428.40 792.16 1
364 434.73 792.20 0
365 433.78 791.87 0
366 432.84 791.54 0
367 431.89 791.21 0
368 430.95 790.88 0
369 430.01 790.55 1
370 429.06 790.22 0
371 435.38 790.38 0
372 434.45 790.03 0
373 433.51 789.68 0
374 432.58 789.33 0
375 431.64 788.98 1
376 430.70 788.63 0
377 429.77 788.27 0
378 436.08 788.55 1
379 435.15 788.18 1
380 434.22 787.82 0
381 433.29 787.46 0
382 432.35 787.10 1
383 431.42 786.73 0
384 430.49 786.37 0
385 436.80 786.72 0
386 435.88 786.35 1
387 434.95 785.97 1
388 434.02 785.60 0
389 433.09 785.22 0
390 432.17 784.85 0
391 431.24 784.48 1
392 437.55 784.90 0
393 436.62 784.51 1
394 435.70 784.13 0
395 434.78 783.75 0
396 433.85 783.36 0
397 432.93 782.98 0
398 432.00 782.60 0
399 438.31 783.07 1
400 437.39 782.68 0
401 436.47 782.29 0
402 435.55 781.90 0
403 434.63 781.51 0
404 433.71 781.12 0
405 432.79 780.73 0
406 439.09 781.26 0
407 438.17 780.86 0
408 437.26 780.46 0
409 436.34 780.07 0
410 435.42 779.67 0
411 434.50 779.27 0
412 433.59 778.87 0
413 439.89 779.44 0
414 438.97 779.04 0
415 438.06 778.64 1
416 437.14 778.23 0
417 436.23 777.83 1
418 435.31 777.43 0
419 434.39 777.02 0
420 440.69 777.63 0
421 439.78 777.22 0
422 438.87 776.81 0
423 437.95 776.40 0
424 437.04 776.00 0
425 436.12 775.59 0
426 435.21 775.18 0
427 441.51 775.81 0
428 440.59 775.40 0
429 439.68 774.99 1
430 438.77 774.58 0
431 437.86 774.17 0
432 436.95 773.76 0
433 436.03 773.35 1
434 442.33 773.99 0
435 441.42 773.58 0
436 440.50 773.17 0
437 439.59 772.76 0
438 438.68 772.35 0
439 437.77 771.93 0
440 436.86 771.52 0
441 443.15 772.17 0
442 442.24 771.76 0
443 441.33 771.35 0
444 440.42 770.94 0
445 439.51 770.52 0
446 438.60 770.11 0
447 437.69 769.70 0
448 443.98 770.35 1
449 443.07 769.94 1
450 442.15 769.53 1
451 441.24 769.11 1
452 440.33 768.70 1
453 439.42 768.29 0
454 438.51 767.88 0
455 444.80 768.52 0
456 443.89 768.11 0
457 442.98 767.70 0
458 442.07 767.29 0
459 441.15 766.88 0
460 440.24 766.47 0
461 439.33 766.06 0
462 445.63 766.69 0
463 444.71 766.28 1
464 443.80 765.87 0
465 442.89 765.47 0
466 441.97 765.06 0
467 441.06 764.65 0
468 440.15 764.24 0
469 446.44 764.85 1
470 445.53 764.45 1
471 444.61 764.04 0
472 443.70 763.64 0
473 442.78 763.24 0
474 441.87 762.83 0
475 440.95 762.43 1
476 447.25 763.01 0
477 446.34 762.61 0
478 445.42 762.21 0
479 444.50 761.81 0
480 443.59 761.41 0
481 442.67 761.01 0
482 441.75 760.61 0
483 448.06 761.15 1
484 447.14 760.76 0
485 446.22 760.37 0
486 445.30 759.97 0
487 444.38 759.58 0
488 443.46 759.19 0
489 442.54 758.80 0
490 448.85 759.29 1
491 447.92 758.90 0
492 447.00 758.52 0
493 446.08 758.13 0
494 445.16 757.75 0
495 444.23 757.36 0
496 443.31 756.98 0
497 449.62 757.42 1
498 448.70 757.04 0
499 447.77 756.66 0
500 446.84 756.28 1
501 445.92 755.91 0
502 444.99 755.53 0
503 444.07 755.15 0
504 450.38 755.53 0
505 449.45 755.17 0
506 448.52 754.80 0
507 447.59 754.43 0
508 446.66 754.06 0
509 445.73 753.69 0
510 444.80 753.33 0
511 451.12 753.64 1
512 450.19 753.28 0
513 449.26 752.93 0
514 448.32 752.57 0
515 447.39 752.21 0
516 446.45 751.85 0
517 445.52 751.50 0
518 451.84 751.74 0
519 450.91 751.39 0
520 449.97 751.04 1
521 449.03 750.70 0
522 448.09 750.35 0
523 447.15 750.01 0
524 446.21 749.66 0
525 452.54 749.82 0
526 451.60 749.48 0
527 450.66 749.15 0
528 449.71 748.82 0
529 448.77 748.48 0
530 447.83 748.15 0
531 446.88 747.82 0
532 453.21 747.89 0
533 452.26 747.57 0
534 451.32 747.25 1
535 450.37 746.93 0
536 449.42 746.61 0
537 448.47 746.29 0
538 447.52 745.97 0
539 453.85 745.94 0
540 452.90 745.64 0
541 451.95 745.33 0
542 450.99 745.03 0
543 450.04 744.73 0
544 449.09 744.42 0
545 448.14 744.12 0
546 454.46 743.98 0
547 453.50 743.69 0
548 452.55 743.41 1
549 451.59 743.12 1
550 450.63 742.83 1
551 449.67 742.55 1
552 448.71 742.26 1
553 455.04 742.02 0
554 454.07 741.74 0
555 453.11 741.47 0
556 452.15 741.20 0
557 451.19 740.93 0
558 450.22 740.66 0
559 449.26 740.38 0
560 455.58 740.08 0
561 454.62 739.81 0
562 453.65 739.54 0
563 452.69 739.27 0
564 451.73 739.01 0
565 450.76 738.74 0
566 449.80 738.47 0
567 456.11 738.13 0
568 455.15 737.87 0
569 454.18 737.61 0
570 453.22 737.35 0
571 452.25 737.08 0
572 451.29 736.82 0
573 450.32 736.56 1
574 456.64 736.18 0
575 455.67 735.93 0
576 454.70 735.67 0
577 453.74 735.41 0
578 452.77 735.16 0
579 451.80 734.90 0
580 450.84 734.65 0
581 457.15 734.23 0
582 456.18 733.98 1
583 455.21 733.73 0
584 454.24 733.48 0
585 453.28 733.23 0
586 452.31 732.98 1
587 451.34 732.73 0
588 457.65 732.28 1
589 456.68 732.03 0
590 455.71 731.79 0
591 454.74 731.54 1
592 453.77 731.30 0
593 452.80 731.05 0
594 451.83 730.81 0
595 458.14 730.32 0
596 457.17 730.08 0
597 456.20 729.84 0
598 455.22 729.60 0
599 454.25 729.36 0
600 453.28 729.12 0
601 452.31 728.89 0
602 458.61 728.36 0
603 457.64 728.12 0
604 456.67 727.89 0
605 455.70 727.66 1
606 454.72 727.43 0
607 453.75 727.19 0
608 452.78 726.96 0
609 459.08 726.39 0
610 458.10 726.17 1
611 457.13 725.94 1
612 456.15 725.71 0
613 455.18 725.49 1
614 454.21 725.26 1
615 453.23 725.03 0
616 459.53 724.42 0
617 458.55 724.20 0
618 457.58 723.98 1
619 456.60 723.76 1
620 455.63 723.54 1
621 454.65 723.32 0
622 453.67 723.10 0
623 459.96 722.45 0
624 458.99 722.24 0
625 458.01 722.02 1
626 457.03 721.81 0
627 456.06 721.60 0
628 455.08 721.38 0
629 454.10 721.17 0
630 460.39 720.48 0
631 459.41 720.27 0
632 458.43 720.06 0
633 457.45 719.86 0
634 456.48 719.65 0
635 455.50 719.44 0
636 454.52 719.23 1
637 460.80 718.50 1
638 459.82 718.30 0
639 458.84 718.10 1
640 457.86 717.90 0
641 456.88 717.70 0
642 455.90 717.50 0
643 454.92 717.30 0
644 461.20 716.52 0
645 460.22 716.32 0
646 459.24 716.13 1
647 458.25 715.94 1
648 457.27 715.74 0
649 456.29 715.55 1
650 455.31 715.35 0
651 461.58 714.53 1
652 460.60 714.35 1
653 459.62 714.16 1
654 458.63 713.97 1
655 457.65 713.79 1
656 456.67 713.60 1
657 455.69 713.41 0
658 461.95 712.55 0
659 460.97 712.37 0
660 459.98 712.19 1
661 459.00 712.01 0
662 458.02 711.83 0
663 457.03 711.65 0
664 456.05 711.47 0
665 462.31 710.56 0
666 461.32 710.38 0
667 460.34 710.21 1
668 459.35 710.04 0
669 458.37 709.87 1
670 457.38 709.69 0
671 456.40 709.52 1
672 462.65 708.56 0
673 461.66 708.40 0
674 460.67 708.23 0
675 459.69 708.07 0
676 458.70 707.90 0
677 457.72 707.74 0
678 456.73 707.57 0
679 462.97 706.57 0
680 461.99 706.41 0
681 461.00 706.25 0
682 460.01 706.09 0
683 459.02 705.93 1
684 458.04 705.78 0
685 457.05 705.62 0
686 463.29 704.57 1
687 462.30 704.42 0
688 461.31 704.27 0
689 460.32 704.12 0
690 459.33 703.97 1
691 458.34 703.81 0
692 457.35 703.66 0
693 463.58 702.57 0
694 462.59 702.43 0
695 461.60 702.28 0
696 460.61 702.14 0
697 459.62 702.00 1
698 458.64 701.85 0
699 457.65 701.71 0
700 463.87 700.57 1
701 462.88 700.43 1
702 461.89 700.30 0
703 460.90 700.16 0
704 459.90 700.02 0
705 458.91 699.89 1
706 457.92 699.75 0
707 464.14 698.57 0
708 463.14 698.44 0
709 462.15 698.31 1
710 461.16 698.18 0
711 460.17 698.05 0
712 459.18 697.92 0
713 458.19 697.79 0
714 464.39 696.56 1
715 463.40 696.44 0
716 462.41 696.32 1
717 461.41 696.19 0
718 460.42 696.07 0
719 459.43 695.95 0
720 458.44 695.83 0
721 464.63 694.55 0
722 463.64 694.44 0
723 462.65 694.32 0
724 461.65 694.21 0
725 460.66 694.09 0
726 459.66 693.98 0
727 458.67 693.86 0
728 464.86 692.54 0
729 463.86 692.44 0
730 462.87 692.33 0
731 461.88 692.22 0
732 460.88 692.11 0
733 459.89 692.01 0
734 458.89 691.90 1
735 465.07 690.53 0
736 464.08 690.43 0
737 463.08 690.33 0
738 462.09 690.23 0
739 461.09 690.13 0
740 460.10 690.03 0
741 459.10 689.93 0
742 465.27 688.53 0
743 464.27 688.43 0
744 463.28 688.34 0
745 462.28 688.24 0
746 461.29 688.14 0
747 460.29 688.05 0
748 459.30 687.95 0
749 465.45 686.52 0
750 464.46 686.43 0
751 463.46 686.34 0
752 462.46 686.25 0
753 461.47 686.16 1
754 460.47 686.07 0
755 459.48 685.98 0
756 465.62 684.50 0
757 464.63 684.42 1
758 463.63 684.34 0
759 462.63 684.26 0
760 461.64 684.18 0
761 460.64 684.09 0
762 459.64 684.01 0
763 465.78 682.49 0
764 464.78 682.41 0
765 463.79 682.34 1
766 462.79 682.26 1
767 461.79 682.19 1
768 460.79 682.11 1
769 459.80 682.04 1
770 465.92 680.45 0
771 464.92 680.39 0
772 463.93 680.33 0
773 462.93 680.27 0
774 461.93 680.21 1
775 460.93 680.15 0
776 459.93 680.08 0
777 466.04 678.42 0
778 465.04 678.37 0
779 464.04 678.32 0
780 463.04 678.27 0
781 462.04 678.22 0
782 461.04 678.18 0
783 460.04 678.13 0
784 466.13 676.40 0
785 465.13 676.36 0
786 464.13 676.32 0
787 463.13 676.27 0
788 462.13 676.23 0
789 461.13 676.19 0
790 460.13 676.15 0
791 466.20 674.36 0
792 465.20 674.33 0
793 464.20 674.30 0
794 463.20 674.28 1
795 462.20 674.25 0
796 461.20 674.22 0
797 460.20 674.19 0
798 466.25 672.33 0
799 465.25 672.31 0
800 464.25 672.29 1
801 463.25 672.28 1
802 462.25 672.26 1
803 461.25 672.24 0
804 460.25 672.22 0
805 466.28 670.32 0
806 465.28 670.30 0
807 464.28 670.29 0
808 463.28 670.28 1
809 462.28 670.26 0
810 461.28 670.25 0
811 460.28 670.23 1
812 466.30 668.29 0
813 465.30 668.29 0
814 464.30 668.28 1
815 463.30 668.28 0
816 462.30 668.27 0
817 461.30 668.27 0
818 460.30 668.26 0
819 466.30 666.27 0
820 465.30 666.27 0
821 464.30 666.27 0
822 463.30 666.28 0
823 462.30 666.28 0
824 461.30 666.28 0
825 460.30 666.29 1
826 466.29 664.26 0
827 465.29 664.26 0
828 464.29 664.27 0
829 463.29 664.28 0
830 462.29 664.28 1
831 461.29 664.29 0
832 460.29 664.30 0
833 466.27 662.24 1
834 465.27 662.25 0
835 464.27 662.26 0
836 463.27 662.28 0
837 462.27 662.29 0
838 461.27 662.30 0
839 460.27 662.32 0
840 466.23 660.22 0
841 465.23 660.24 0
842 464.23 660.26 1
843 463.23 660.28 0
844 462.24 660.30 0
845 461.24 660.32 0
846 460.24 660.34 0
847 466.19 658.21 0
848 465.19 658.23 0
849 464.19 658.26 1
850 463.19 658.28 0
851 462.19 658.30 0
852 461.19 658.32 0
853 460.19 658.35 0
854 466.14 656.20 1
855 465.14 656.22 0
856 464.14 656.25 0
857 463.14 656.28 1
858 462.14 656.31 1
859 461.14 656.33 0
860 460.14 656.36 0
861 466.08 654.19 1
862 465.08 654.22 0
863 464.08 654.25 0
864 463.08 654.28 1
865 462.08 654.31 0
866 461.08 654.34 0
867 460.08 654.37 0
868 466.02 652.18 0
869 465.02 652.21 0
870 464.02 652.25 0
871 463.02 652.28 0
872 462.02 652.31 0
873 461.02 652.35 1
874 460.02 652.38 0
875 465.95 650.17 1
876 464.95 650.21 1
877 463.95 650.24 1
878 462.95 650.28 1
879 461.95 650.32 1
880 460.95 650.36 0
881 459.95 650.39 0
882 465.87 648.17 0
883 464.87 648.21 0
884 463.87 648.25 1
885 462.87 648.28 0
886 461.87 648.32 1
887 460.87 648.36 0
888 459.87 648.40 0
889 465.79 646.16 0
890 464.79 646.20 0
891 463.79 646.24 0
892 462.79 646.29 0
893 461.79 646.33 0
894 460.79 646.37 0
895 459.79 646.41 1
896 465.71 644.16 0
897 464.71 644.20 0
898 463.71 644.25 0
899 462.71 644.29 1
900 461.71 644.33 1
901 460.71 644.37 0
902 459.71 644.41 1
903 465.62 642.16 0
904 464.62 642.20 0
905 463.62 642.25 0
906 462.62 642.29 0
907 461.62 642.33 0
908 460.62 642.38 0
909 459.63 642.42 0
910 465.53 640.16 0
911 464.53 640.20 0
912 463.53 640.25 0
913 462.54 640.29 0
914 461.54 640.34 0
915 460.54 640.38 0
916 459.54 640.42 1
917 465.44 638.16 0
918 464.44 638.20 0
919 463.45 638.25 0
920 462.45 638.29 0
921 461.45 638.34 0
922 460.45 638.38 0
923 459.45 638.43 0
924 465.35 636.16 0
925 464.36 636.21 0
926 463.36 636.25 1
927 462.36 636.30 0
928 461.36 636.34 0
929 460.36 636.38 0
930 459.36 636.43 0
931 465.27 634.17 0
932 464.27 634.21 0
933 463.27 634.25 0
934 462.27 634.30 0
935 461.27 634.34 0
936 460.27 634.39 0
937 459.27 634.43 0
938 465.18 632.17 0
939 464.18 632.21 0
940 463.18 632.26 0
941 462.18 632.30 0
942 461.18 632.34 0
943 460.18 632.39 0
944 459.19 632.43 0
945 465.10 630.18 1
946 464.10 630.22 1
947 463.10 630.26 0
948 462.10 630.30 0
949 461.10 630.34 0
950 460.10 630.38 0
951 459.10 630.42 0
952 465.02 628.18 0
953 464.02 628.22 0
954 463.02 628.26 0
955 462.02 628.30 0
956 461.02 628.34 0
957 460.02 628.38 0
958 459.02 628.42 0
959 464.94 626.19 0
960 463.94 626.23 0
961 462.94 626.27 0
962 461.94 626.30 0
963 460.94 626.34 1
964 459.94 626.38 0
965 458.94 626.42 0
966 464.87 624.21 0
967 463.87 624.24 0
968 462.87 624.27 0
969 461.87 624.31 0
970 460.87 624.34 0
971 459.87 624.37 1
972 458.87 624.41 0
973 464.80 622.21 0
974 463.80 622.24 0
975 462.80 622.28 0
976 461.80 622.31 0
977 460.81 622.34 0
978 459.81 622.37 0
979 458.81 622.40 0
980 464.75 620.23 0
981 463.75 620.26 0
982 462.75 620.28 0
983 461.75 620.31 0
984 460.75 620.34 0
985 459.75 620.36 0
986 458.75 620.39 0
987 464.70 618.25 0
988 463.70 618.27 0
989 462.70 618.29 0
990 461.70 618.31 0
991 460.70 618.33 1
992 459.70 618.35 0
993 458.70 618.37 0
994 464.66 616.27 0
995 463.66 616.28 1
996 462.66 616.30 0
997 461.66 616.31 0
998 460.66 616.32 0
999 459.66 616.34 0
1000 458.66 616.35 0
1001 464.64 614.28 0
1002 463.64 614.29 0
1003 462.64 614.30 0
1004 461.64 614.31 0
1005 460.64 614.32 0
1006 459.64 614.33 0
1007 458.64 614.34 0
1008 464.63 612.30 0
1009 463.63 612.31 0
1010 462.63 612.31 0
1011 461.63 612.31 0
1012 460.63 612.31 0
1013 459.63 612.31 0
1014 458.63 612.32 0
1015 464.63 610.33 1
1016 463.63 610.32 0
1017 462.63 610.32 0
1018 461.63 610.31 0
1019 460.63 610.30 0
1020 459.63 610.30 0
1021 458.63 610.29 0
1022 464.65 608.33 1
1023 463.65 608.33 0
1024 462.65 608.32 0
1025 461.65 608.31 0
1026 460.65 608.30 0
1027 459.65 608.29 0
1028 458.65 608.29 0
1029 464.66 606.33 0
1030 463.66 606.32 0
1031 462.66 606.32 1
1032 461.66 606.31 1
1033 460.66 606.30 1
1034 459.66 606.30 1
1035 458.66 606.29 1
1036 464.67 604.32 0
1037 463.67 604.32 0
1038 462.67 604.32 0
1039 461.67 604.31 0
1040 460.67 604.31 0
1041 459.67 604.30 1
1042 458.67 604.30 0
1043 464.68 602.32 0
1044 463.68 602.32 0
1045 462.68 602.31 0
1046 461.68 602.31 1
1047 460.68 602.31 0
1048 459.68 602.30 1
1049 458.68 602.30 1
1050 464.69 600.32 0
1051 463.69 600.32 0
1052 462.69 600.31 0
1053 461.69 600.31 0
1054 460.69 600.31 1
1055 459.69 600.31 0
1056 458.69 600.30 0
1057 464.69 598.32 0
1058 463.69 598.32 0
1059 462.69 598.31 0
1060 461.69 598.31 0
1061 460.69 598.31 0
1062 459.69 598.31 0
1063 458.69 598.30 0
1064 464.70 596.32 0
1065 463.70 596.32 0
1066 462.70 596.31 0
1067 461.70 596.31 0
1068 460.70 596.31 0
1069 459.70 596.31 0
1070 458.70 596.30 0
1071 464.70 594.32 0
1072 463.70 594.32 1
1073 462.70 594.31 0
1074 461.70 594.31 0
1075 460.70 594.31 0
1076 459.70 594.30 0
1077 458.70 594.30 0
1078 464.71 592.33 0
1079 463.71 592.32 0
1080 462.71 592.32 0
1081 461.71 592.31 0
1082 460.71 592.31 0
1083 459.71 592.30 1
1084 458.71 592.30 0
1085 464.72 590.33 0
1086 463.72 590.32 1
1087 462.72 590.32 0
1088 461.72 590.31 0
1089 460.72 590.31 0
1090 459.72 590.30 0
1091 458.72 590.29 0
1092 464.74 588.34 0
1093 463.74 588.33 0
1094 462.74 588.32 0
1095 461.74 588.31 0
1096 460.74 588.30 0
1097 459.74 588.29 0
1098 458.74 588.29 1
1099 464.76 586.35 0
1100 463.76 586.34 0
1101 462.76 586.33 0
1102 461.76 586.31 0
1103 460.76 586.30 0
1104 459.76 586.29 0
1105 458.76 586.27 0
1106 464.79 584.36 0
1107 463.79 584.35 0
1108 462.79 584.33 0
1109 461.79 584.31 0
1110 460.79 584.30 0
1111 459.79 584.28 0
1112 458.79 584.26 0
1113 464.83 582.38 1
1114 463.83 582.36 1
1115 462.83 582.33 1
1116 461.83 582.31 1
1117 460.83 582.29 1
1118 459.83 582.27 0
1119 458.83 582.25 0
1120 464.88 580.39 1
1121 463.88 580.37 0
1122 462.88 580.34 0
1123 461.88 580.31 0
1124 460.88 580.29 0
1125 459.88 580.26 0
1126 458.88 580.23 0
1127 464.94 578.42 1
1128 463.94 578.38 0
1129 462.94 578.35 0
1130 461.94 578.31 0
1131 460.94 578.28 0
1132 459.94 578.24 1
1133 458.94 578.21 0
1134 465.01 576.44 0
1135 464.01 576.40 0
1136 463.01 576.36 0
1137 462.01 576.32 0
1138 461.01 576.27 0
1139 460.02 576.23 0
1140 459.02 576.19 0
1141 465.10 574.46 0
1142 464.10 574.42 0
1143 463.10 574.37 0
1144 462.10 574.32 0
1145 461.11 574.27 0
1146 460.11 574.22 1
1147 459.11 574.17 0
1148 465.21 572.50 1
1149 464.21 572.44 0
1150 463.21 572.38 0
1151 462.21 572.32 0
1152 461.21 572.26 0
1153 460.22 572.20 0
1154 459.22 572.14 0
1155 465.33 570.53 0
1156 464.34 570.47 0
1157 463.34 570.40 0
1158 462.34 570.33 0
1159 461.34 570.26 0
1160 460.34 570.19 0
1161 459.35 570.12 0
1162 465.48 568.57 0
1163 464.48 568.49 0
1164 463.49 568.41 0
1165 462.49 568.33 0
1166 461.49 568.25 0
1167 460.50 568.17 0
1168 459.50 568.09 0
1169 465.65 566.62 0
1170 464.65 566.53 1
1171 463.66 566.43 0
1172 462.66 566.34 1
1173 461.67 566.24 0
1174 460.67 566.15 0
1175 459.68 566.05 0
1176 465.85 564.67 0
1177 464.85 564.56 0
1178 463.86 564.46 0
1179 462.86 564.35 0
1180 461.87 564.24 0
1181 460.87 564.14 0
1182 459.88 564.03 0
1183 466.07 562.74 0
1184 465.08 562.61 0
1185 464.08 562.49 1
1186 463.09 562.36 0
1187 462.10 562.24 0
1188 461.11 562.11 0
1189 460.11 561.99 0
1190 466.32 560.79 1
1191 465.33 560.65 0
1192 464.34 560.52 1
1193 463.35 560.38 1
1194 462.36 560.24 1
1195 461.37 560.10 0
1196 460.38 559.97 0
1197 466.61 558.88 1
1198 465.62 558.72 0
1199 464.63 558.56 0
1200 463.64 558.40 0
1201 462.66 558.24 0
1202 461.67 558.08 0
1203 460.68 557.93 0
1204 466.93 556.95 0
1205 465.94 556.77 1
1206 464.96 556.60 1
1207 463.97 556.43 0
1208 462.99 556.26 0
1209 462.00 556.08 0
1210 461.02 555.91 0
1211 467.28 555.08 0
1212 466.30 554.88 1
1213 465.33 554.67 1
1214 464.35 554.46 1
1215 463.37 554.26 1
1216 462.39 554.05 1
1217 461.41 553.85 1
1218 467.70 553.20 1
1219 466.73 552.97 0
1220 465.75 552.74 0
1221 464.78 552.51 0
1222 463.81 552.28 0
1223 462.83 552.06 1
1224 461.86 551.83 1
1225 468.17 551.35 0
1226 467.20 551.09 1
1227 466.24 550.83 0
1228 465.27 550.57 0
1229 464.31 550.31 0
1230 463.34 550.05 0
1231 462.37 549.79 1
1232 468.69 549.52 0
1233 467.73 549.23 0
1234 466.77 548.94 0
1235 465.82 548.65 1
1236 464.86 548.36 0
1237 463.90 548.07 0
1238 462.95 547.78 0
1239 469.27 547.67 0
1240 468.32 547.36 0
1241 467.37 547.05 0
1242 466.42 546.74 0
1243 465.46 546.43 0
1244 464.51 546.12 0
1245 463.56 545.82 0
1246 469.89 545.85 0
1247 468.95 545.52 0
1248 468.01 545.18 0
1249 467.06 544.85 1
1250 466.12 544.52 0
1251 465.18 544.18 0
1252 464.24 543.85 0
1253 470.56 544.04 0
1254 469.63 543.68 0
1255 468.69 543.33 0
1256 467.76 542.97 0
1257 466.82 542.62 0
1258 465.89 542.26 1
1259 464.95 541.91 0
1260 471.27 542.23 0
1261 470.34 541.86 0
1262 469.41 541.48 0
1263 468.49 541.11 0
1264 467.56 540.74 1
1265 466.63 540.36 0
1266 465.70 539.99 0
1267 472.01 540.43 0
1268 471.09 540.04 0
1269 470.17 539.65 1
1270 469.25 539.26 0
1271 468.33 538.87 0
1272 467.40 538.49 0
1273 466.48 538.10 0
1274 472.79 538.62 0
1275 471.87 538.22 0
1276 470.95 537.82 0
1277 470.03 537.42 0
1278 469.12 537.02 0
1279 468.20 536.63 0
1280 467.28 536.23 1
1281 473.58 536.81 0
1282 472.67 536.41 0
1283 471.75 536.00 0
1284 470.84 535.59 0
1285 469.93 535.19 0
1286 469.01 534.78 0
1287 468.10 534.37 0
1288 474.39 535.00 0
1289 473.48 534.59 0
1290 472.57 534.18 0
1291 471.66 533.77 0
1292 470.74 533.36 0
1293 469.83 532.95 0
1294 468.92 532.54 1
1295 475.21 533.17 0
1296 474.30 532.76 0
1297 473.39 532.35 0
1298 472.48 531.94 0
1299 471.56 531.53 0
1300 470.65 531.13 0
1301 469.74 530.72 0
1302 476.03 531.33 0
1303 475.12 530.93 0
1304 474.20 530.52 0
1305 473.29 530.12 0
1306 472.38 529.71 0
1307 471.46 529.31 0
1308 470.55 528.90 0
1309 476.85 529.47 0
1310 475.93 529.08 0
1311 475.01 528.68 0
1312 474.09 528.29 0
1313 473.18 527.89 0
1314 472.26 527.49 0
1315 471.34 527.10 0
1316 477.65 527.60 0
1317 476.72 527.21 0
1318 475.80 526.83 0
1319 474.88 526.45 1
1320 473.95 526.06 0
1321 473.03 525.68 0
1322 472.11 525.29 0
1323 478.42 525.70 0
1324 477.49 525.33 0
1325 476.56 524.96 1
1326 475.63 524.59 1
1327 474.70 524.23 0
1328 473.77 523.86 0
1329 472.84 523.49 1
1330 479.16 523.80 0
1331 478.23 523.44 1
1332 477.29 523.08 1
1333 476.36 522.73 0
1334 475.42 522.37 0
1335 474.49 522.02 1
1336 473.55 521.66 0
1337 479.87 521.85 0
1338 478.93 521.52 0
1339 477.98 521.18 0
1340 477.04 520.85 1
1341 476.10 520.52 0
1342 475.15 520.18 0
1343 474.21 519.85 0
1344 480.53 519.88 0
1345 479.58 519.57 0
1346 478.63 519.26 0
1347 477.68 518.95 0
1348 476.73 518.65 0
1349 475.77 518.34 0
1350 474.82 518.03 0
1351 481.14 517.88 0
1352 480.18 517.60 0
1353 479.22 517.32 0
1354 478.26 517.04 0
1355 477.30 516.76 0
1356 476.34 516.48 0
1357 475.38 516.20 0
1358 481.70 515.98 1
1359 480.74 515.69 1
1360 479.78 515.41 1
1361 478.82 515.12 1
1362 477.86 514.84 1
1363 476.91 514.55 1
1364 475.95 514.27 0
1365 482.27 514.08 0
1366 481.31 513.79 0
1367 480.35 513.50 0
1368 479.40 513.21 0
1369 478.44 512.92 0
1370 477.48 512.63 0
1371 476.53 512.34 0
1372 482.85 512.19 0
1373 481.90 511.89 0
1374 480.94 511.59 0
1375 479.99 511.30 0
1376 479.03 511.00 0
1377 478.08 510.70 0
1378 477.12 510.41 1
1379 483.45 510.29 0
1380 482.49 509.99 0
1381 481.54 509.69 0
1382 480.58 509.39 0
1383 479.63 509.09 0
1384 478.68 508.79 1
1385 477.72 508.49 0
1386 484.05 508.38 0
1387 483.09 508.08 0
1388 482.14 507.78 0
1389 481.19 507.48 0
1390 480.23 507.18 1
1391 479.28 506.88 1
1392 478.33 506.58 0
1393 484.65 506.48 0
1394 483.70 506.17 0
1395 482.74 505.87 0
1396 481.79 505.57 0
1397 480.83 505.27 0
1398 479.88 504.97 0
1399 478.93 504.67 0
1400 485.25 504.56 1
1401 484.30 504.26 0
1402 483.34 503.96 0
1403 482.39 503.67 0
1404 481.43 503.37 0
1405 480.48 503.07 0
1406 479.52 502.77 1
1407 485.85 502.63 0
1408 484.89 502.34 1
1409 483.93 502.05 0
1410 482.98 501.75 0
1411 482.02 501.46 0
1412 481.07 501.17 0
1413 480.11 500.87 0
1414 486.43 500.70 0
1415 485.48 500.41 0
1416 484.52 500.13 0
1417 483.56 499.84 0
1418 482.60 499.56 0
1419 481.64 499.27 0
1420 480.68 498.98 0
1421 487.00 498.76 0
1422 486.04 498.48 0
1423 485.08 498.20 0
1424 484.12 497.92 0
1425 483.16 497.64 0
1426 482.20 497.36 0
1427 481.24 497.09 0
1428 487.56 496.80 0
1429 486.60 496.53 1
1430 485.63 496.26 0
1431 484.67 496.00 1
1432 483.71 495.73 0
1433 482.74 495.47 0
1434 481.78 495.20 0
1435 488.09 494.84 0
1436 487.13 494.58 0
1437 486.16 494.32 0
1438 485.19 494.07 0
1439 484.23 493.81 0
1440 483.26 493.56 0
1441 482.29 493.30 0
1442 488.60 492.85 0
1443 487.63 492.61 0
1444 486.66 492.37 0
1445 485.69 492.13 0
1446 484.72 491.89 0
1447 483.75 491.65 0
1448 482.77 491.41 0
1449 489.07 490.86 0
1450 488.10 490.64 1
1451 487.13 490.41 1
1452 486.15 490.19 1
1453 485.18 489.96 1
1454 484.20 489.73 1
1455 483.23 489.51 1
1456 489.51 488.84 1
1457 488.53 488.64 0
1458 487.56 488.43 0
1459 486.58 488.23 0
1460 485.60 488.03 0
1461 484.62 487.82 0
1462 483.64 487.62 0
1463 489.91 486.80 0
1464 488.93 486.62 0
1465 487.95 486.45 0
1466 486.96 486.27 0
1467 485.98 486.09 1
1468 484.99 485.91 0
1469 484.01 485.74 0
1470 490.26 484.77 0
1471 489.27 484.61 0
1472 488.28 484.46 0
1473 487.30 484.30 0
1474 486.31 484.14 1
1475 485.32 483.98 0
1476 484.34 483.82 0
1477 490.56 482.70 0
1478 489.56 482.57 1
1479 488.57 482.44 0
1480 487.58 482.32 0
1481 486.59 482.19 0
1482 485.60 482.06 0
1483 484.60 481.94 1
1484 490.79 480.60 1
1485 489.79 480.51 0
1486 488.80 480.42 0
1487 487.80 480.33 0
1488 486.81 480.24 0
1489 485.81 480.15 0
1490 484.82 480.06 0
1491 490.95 478.53 0
1492 489.95 478.46 0
1493 488.96 478.40 0
1494 487.96 478.34 1
1495 486.96 478.27 0
1496 485.96 478.21 0
1497 484.96 478.14 0
1498 491.04 476.40 0
1499 490.04 476.38 0
1500 489.04 476.36 0
1501 488.04 476.34 0
1502 487.04 476.32 0
1503 486.04 476.30 0
1504 485.04 476.28 0
1505 491.03 474.26 0
1506 490.03 474.29 0
1507 489.03 474.31 0
1508 488.03 474.34 0
1509 487.04 474.37 0
1510 486.04 474.39 0
1511 485.04 474.42 0
1512 490.93 472.12 0
1513 489.94 472.19 0
1514 488.94 472.27 0
1515 487.94 472.34 0
1516 486.95 472.41 0
1517 485.95 472.49 0
1518 484.95 472.56 0
1519 490.77 470.08 0
1520 489.77 470.17 0
1521 488.77 470.26 0
1522 487.78 470.35 1
1523 486.78 470.44 0
1524 485.79 470.53 0
1525 484.79 470.62 0
1526 490.55 468.01 0
1527 489.55 468.13 0
1528 488.56 468.24 0
1529 487.57 468.36 0
1530 486.57 468.48 0
1531 485.58 468.59 1
1532 484.59 468.71 1
1533 490.28 465.95 1
1534 489.29 466.09 0
1535 488.30 466.23 0
1536 487.31 466.38 0
1537 486.32 466.52 0
1538 485.33 466.66 0
1539 484.34 466.80 0
1540 489.97 463.92 1
1541 488.98 464.08 0
1542 488.00 464.24 0
1543 487.01 464.40 0
1544 486.02 464.56 1
1545 485.03 464.72 1
1546 484.05 464.88 0
1547 489.61 461.88 0
1548 488.63 462.06 0
1549 487.65 462.25 0
1550 486.66 462.43 0
1551 485.68 462.61 0
1552 484.70 462.80 0
1553 483.71 462.98 0
1554 489.21 459.84 0
1555 488.23 460.05 0
1556 487.25 460.26 0
1557 486.27 460.47 0
1558 485.30 460.68 0
1559 484.32 460.89 0
1560 483.34 461.10 0
1561 488.76 457.84 0
1562 487.79 458.06 0
1563 486.81 458.29 0
1564 485.84 458.52 0
1565 484.86 458.74 0
1566 483.89 458.97 0
1567 482.92 459.20 1
1568 488.26 455.82 0
1569 487.30 456.07 0
1570 486.33 456.32 0
1571 485.36 456.57 0
1572 484.39 456.83 0
1573 483.43 457.08 0
1574 482.46 457.33 0
1575 487.73 453.83 0
1576 486.76 454.10 1
1577 485.80 454.37 0
1578 484.84 454.64 0
1579 483.87 454.91 0
1580 482.91 455.18 0
1581 481.95 455.45 0
1582 487.13 451.84 0
1583 486.18 452.13 0
1584 485.22 452.43 1
1585 484.27 452.73 1
1586 483.31 453.02 0
1587 482.36 453.32 0
1588 481.40 453.62 0
1589 486.50 449.88 1
1590 485.55 450.19 1
1591 484.60 450.51 1
1592 483.65 450.82 1
1593 482.70 451.14 1
1594 481.75 451.46 0
1595 480.81 451.77 0
1596 485.81 447.91 0
1597 484.87 448.25 0
1598 483.93 448.59 0
1599 482.99 448.94 0
1600 482.05 449.28 0
1601 481.11 449.63 0
1602 480.17 449.97 0
1603 485.06 445.95 0
1604 484.13 446.32 1
1605 483.20 446.70 0
1606 482.28 447.07 0
1607 481.35 447.44 0
1608 480.42 447.82 0
1609 479.49 448.19 0
1610 484.27 444.04 0
1611 483.35 444.43 0
1612 482.43 444.83 0
1613 481.51 445.22 1
1614 480.59 445.61 0
1615 479.67 446.01 0
1616 478.75 446.40 0
1617 483.41 442.12 0
1618 482.50 442.55 0
1619 481.60 442.97 1
1620 480.69 443.40 0
1621 479.79 443.82 0
1622 478.88 444.25 0
1623 477.98 444.67 0
1624 482.51 440.26 0
1625 481.61 440.70 0
1626 480.72 441.15 0
1627 479.82 441.60 0
1628 478.93 442.04 0
1629 478.03 442.49 1
1630 477.14 442.93 1
1631 481.53 438.39 0
1632 480.65 438.87 0
1633 479.77 439.35 0
1634 478.89 439.83 0
1635 478.01 440.31 0
1636 477.14 440.78 0
1637 476.26 441.26 0
1638 480.48 436.55 0
1639 479.62 437.06 1
1640 478.76 437.57 0
1641 477.90 438.09 0
1642 477.04 438.60 0
1643 476.19 439.12 0
1644 475.33 439.63 0
1645 479.38 434.77 0
1646 478.54 435.31 0
1647 477.69 435.85 0
1648 476.85 436.39 0
1649 476.01 436.92 0
1650 475.16 437.46 0
1651 474.32 438.00 1
1652 478.19 433.01 0
1653 477.37 433.58 0
1654 476.55 434.15 1
1655 475.73 434.73 0
1656 474.91 435.30 0
1657 474.10 435.88 0
1658 473.28 436.45 0
1659 476.92 431.28 0
1660 476.13 431.89 0
1661 475.34 432.51 0
1662 474.55 433.12 1
1663 473.76 433.73 0
1664 472.97 434.34 0
1665 472.18 434.96 0
1666 475.57 429.61 0
1667 474.81 430.26 0
1668 474.05 430.91 0
1669 473.29 431.56 0
1670 472.53 432.21 0
1671 471.78 432.87 0
1672 471.02 433.52 0
1673 474.17 428.04 0
1674 473.44 428.71 0
1675 472.70 429.39 0
1676 471.96 430.07 0
1677 471.23 430.74 0
1678 470.49 431.42 0
1679 469.76 432.10 0
1680 472.69 426.51 0
1681 471.99 427.22 0
1682 471.28 427.92 1
1683 470.57 428.63 1
1684 469.87 429.34 1
1685 469.16 430.05 1
1686 468.45 430.75 1
1687 471.15 425.04 0
1688 470.48 425.78 1
1689 469.80 426.51 1
1690 469.13 427.25 0
1691 468.45 427.99 0
1692 467.77 428.72 0
1693 467.10 429.46 0
1694 469.57 423.64 0
1695 468.92 424.40 0
1696 468.27 425.16 0
1697 467.63 425.93 0
1698 466.98 426.69 0
1699 466.34 427.45 0
1700 465.69 428.22 0
1701 467.93 422.29 0
1702 467.31 423.08 0
1703 466.70 423.87 0
1704 466.08 424.66 0
1705 465.47 425.45 0
1706 464.85 426.23 0
1707 464.24 427.02 0
1708 466.28 421.03 0
1709 465.68 421.84 0
1710 465.09 422.64 0
1711 464.49 423.45 0
1712 463.90 424.25 0
1713 463.30 425.05 0
1714 462.71 425.86 0
1715 464.56 419.81 0
1716 463.99 420.64 0
1717 463.43 421.46 0
1718 462.86 422.29 0
1719 462.30 423.11 0
1720 461.73 423.94 0
1721 461.17 424.76 0
1722 462.80 418.65 0
1723 462.26 419.49 0
1724 461.73 420.34 0
1725 461.19 421.18 0
1726 460.66 422.03 0
1727 460.12 422.87 1
1728 459.59 423.72 0
1729 461.04 417.56 0
1730 460.53 418.42 0
1731 460.01 419.28 0
1732 459.49 420.13 1
1733 458.98 420.99 0
1734 458.46 421.84 0
1735 457.94 422.70 0
1736 459.23 416.51 0
1737 458.74 417.38 0
1738 458.25 418.26 0
1739 457.76 419.13 0
1740 457.27 420.00 1
1741 456.79 420.88 0
1742 456.30 421.75 0
1743 457.41 415.53 1
1744 456.94 416.41 1
1745 456.47 417.29 1
1746 456.00 418.18 0
1747 455.54 419.06 0
1748 455.07 419.94 0
1749 454.60 420.82 1
1750 455.55 414.58 1
1751 455.11 415.48 0
1752 454.66 416.37 0
1753 454.22 417.27 0
1754 453.78 418.17 0
1755 453.34 419.06 0
1756 452.89 419.96 0
1757 453.67 413.68 1
1758 453.25 414.59 1
1759 452.84 415.50 0
1760 452.42 416.41 0
1761 452.00 417.31 0
1762 451.58 418.22 0
1763 451.17 419.13 0
1764 451.80 412.84 0
1765 451.40 413.75 0
1766 450.99 414.67 0
1767 450.59 415.59 0
1768 450.19 416.50 1
1769 449.79 417.42 0
1770 449.39 418.33 0
1771 449.88 412.03 0
1772 449.51 412.95 0
1773 449.13 413.88 1
1774 448.75 414.80 0
1775 448.38 415.73 1
1776 448.00 416.66 0
1777 447.62 417.58 0
1778 447.98 411.27 0
1779 447.62 412.20 0
1780 447.26 413.13 1
1781 446.90 414.06 0
1782 446.53 415.00 1
1783 446.17 415.93 1
1784 445.81 416.86 0
1785 446.06 410.54 0
1786 445.72 411.48 0
1787 445.37 412.42 1
1788 445.02 413.36 0
1789 444.68 414.30 0
1790 444.33 415.23 0
1791 443.99 416.17 0
1792 444.12 409.85 0
1793 443.79 410.79 1
1794 443.47 411.74 0
1795 443.14 412.69 0
1796 442.82 413.63 0
1797 442.49 414.58 0
1798 442.17 415.52 1
1799 442.18 409.20 0
1800 441.87 410.15 0
1801 441.56 411.10 0
1802 441.25 412.05 0
1803 440.93 413.00 0
1804 440.62 413.95 0
1805 440.31 414.90 0
1806 440.24 408.58 1
1807 439.94 409.53 1
1808 439.64 410.49 1
1809 439.34 411.44 1
1810 439.04 412.39 1
1811 438.74 413.35 1
1812 438.44 414.30 0
1813 438.27 407.98 0
1814 437.99 408.94 0
1815 437.71 409.90 0
1816 437.43 410.86 0
1817 437.15 411.82 0
1818 436.87 412.78 1
1819 436.59 413.74 0
1820 436.31 407.42 0
1821 436.04 408.38 0
1822 435.77 409.35 0
1823 435.50 410.31 0
1824 435.24 411.27 0
1825 434.97 412.24 0
1826 434.70 413.20 0
1827 434.34 406.89 0
1828 434.09 407.85 0
1829 433.83 408.82 0
1830 433.57 409.79 1
1831 433.32 410.75 0
1832 433.06 411.72 1
1833 432.80 412.69 0
1834 432.37 406.38 0
1835 432.13 407.35 0
1836 431.88 408.32 0
1837 431.64 409.29 0
1838 431.39 410.26 0
1839 431.15 411.23 0
1840 430.90 412.19 0
1841 430.38 405.89 0
1842 430.15 406.87 0
1843 429.92 407.84 0
1844 429.69 408.81 0
1845 429.46 409.79 0
1846 429.24 410.76 1
1847 429.01 411.73 0
1848 428.30 405.45 0
1849 428.11 406.44 0
1850 427.92 407.42 0
1851 427.74 408.40 0
1852 427.55 409.38 0
1853 427.37 410.37 0
1854 427.18 411.35 1
1855 426.25 405.08 0
1856 426.09 406.07 0
1857 425.93 407.06 0
1858 425.77 408.04 0
1859 425.61 409.03 0
1860 425.45 410.02 0
1861 425.29 411.01 0
1862 424.21 404.77 0
1863 424.07 405.76 0
1864 423.93 406.75 0
1865 423.79 407.74 0
1866 423.66 408.73 1
1867 423.52 409.72 1
1868 423.38 410.71 0
1869 422.17 404.49 0
1870 422.05 405.49 0
1871 421.93 406.48 0
1872 421.81 407.47 0
1873 421.69 408.47 0
1874 421.58 409.46 1
1875 421.46 410.45 0
1876 420.15 404.26 0
1877 420.04 405.26 1
1878 419.93 406.25 0
1879 419.82 407.25 0
1880 419.72 408.24 1
1881 419.61 409.23 0
1882 419.50 410.23 0
1883 418.11 404.07 0
1884 418.02 405.06 0
1885 417.93 406.06 1
1886 417.83 407.05 0
1887 417.74 408.05 0
1888 417.65 409.04 0
1889 417.56 410.04 0
1890 416.07 403.90 0
1891 416.00 404.89 0
1892 415.92 405.89 0
1893 415.84 406.89 0
1894 415.76 407.88 0
1895 415.69 408.88 0
1896 415.61 409.88 0
1897 414.04 403.75 0
1898 413.98 404.75 0
1899 413.91 405.75 0
1900 413.85 406.75 0
1901 413.78 407.74 0
1902 413.72 408.74 0
1903 413.65 409.74 0
1904 412.01 403.63 0
1905 411.96 404.63 0
1906 411.90 405.63 1
1907 411.85 406.63 1
1908 411.80 407.63 1
1909 411.74 408.62 0
1910 411.69 409.62 1
1911 409.99 403.53 1
1912 409.94 404.53 0
1913 409.90 405.53 0
1914 409.85 406.53 0
1915 409.81 407.52 0
1916 409.76 408.52 0
1917 409.72 409.52 0
1918 407.98 403.44 0
1919 407.94 404.44 1
1920 407.90 405.44 1
1921 407.85 406.44 1
1922 407.81 407.44 1
1923 407.77 408.44 1
1924 407.73 409.44 1
1925 405.96 403.37 0
1926 405.92 404.37 0
1927 405.89 405.37 0
1928 405.86 406.37 1
1929 405.82 407.37 0
1930 405.79 408.37 0
1931 405.75 409.36 1
1932 403.94 403.31 1
1933 403.91 404.31 0
1934 403.89 405.30 0
1935 403.86 406.30 0
1936 403.83 407.30 0
1937 403.80 408.30 0
1938 403.77 409.30 0
1939 401.93 403.25 0
1940 401.91 404.25 0
1941 401.88 405.25 0
1942 401.86 406.25 1
1943 401.83 407.25 1
1944 401.81 408.25 0
1945 401.78 409.25 0
1946 399.93 403.20 0
1947 399.90 404.20 1
1948 399.88 405.20 0
1949 399.86 406.20 0
1950 399.84 407.20 0
1951 399.81 408.20 0
1952 399.79 409.20 0
1953 397.92 403.16 0
1954 397.90 404.16 0
1955 397.88 405.16 0
1956 397.86 406.16 1
1957 397.84 407.16 0
1958 397.82 408.16 0
1959 397.80 409.16 0
1960 395.92 403.12 0
1961 395.90 404.12 0
1962 395.88 405.12 0
1963 395.86 406.12 0
1964 395.84 407.12 0
1965 395.82 408.12 0
1966 395.80 409.12 1
1967 393.92 403.08 0
1968 393.90 404.08 0
1969 393.88 405.08 0
1970 393.86 406.08 0
1971 393.84 407.08 0
1972 393.82 408.08 0
1973 393.80 409.08 0
1974 391.92 403.04 0
1975 391.90 404.04 1
1976 391.88 405.04 0
1977 391.86 406.04 0
1978 391.84 407.04 1
1979 391.82 408.04 0
1980 391.80 409.04 1
1981 389.93 402.99 0
1982 389.91 403.99 1
1983 389.89 404.99 0
1984 389.86 405.99 0
1985 389.84 406.99 0
1986 389.81 407.99 0
1987 389.79 408.99 1
1988 387.94 402.94 0
1989 387.92 403.94 0
1990 387.89 404.94 0
1991 387.86 405.94 0
1992 387.83 406.94 0
1993 387.81 407.94 0
1994 387.78 408.94 1
1995 385.95 402.88 0
1996 385.92 403.88 0
1997 385.89 404.88 0
1998 385.86 405.88 0
1999 385.83 406.88 1
2000 385.80 407.88 0
2001 385.77 408.88 1
2002 383.97 402.82 1
2003 383.94 403.82 0
2004 383.90 404.82 0
2005 383.86 405.82 0
2006 383.83 406.82 0
2007 383.79 407.82 0
2008 383.76 408.82 0
2009 381.99 402.74 1
2010 381.95 403.74 1
2011 381.91 404.74 1
2012 381.87 405.74 1
2013 381.82 406.74 1
2014 381.78 407.74 0
2015 381.74 408.74 0
2016 380.02 402.65 0
2017 379.97 403.65 0
2018 379.92 404.65 0
2019 379.87 405.65 0
2020 379.82 406.65 0
2021 379.77 407.65 0
2022 379.71 408.64 0
2023 378.04 402.55 0
2024 377.98 403.54 0
2025 377.93 404.54 0
2026 377.87 405.54 0
2027 377.82 406.54 1
2028 377.76 407.54 0
2029 377.70 408.54 0
2030 376.08 402.42 1
2031 376.01 403.42 0
2032 375.94 404.42 0
2033 375.88 405.42 0
2034 375.81 406.41 0
2035 375.74 407.41 0
2036 375.67 408.41 0
2037 374.12 402.28 0
2038 374.04 403.28 0
2039 373.96 404.27 0
2040 373.88 405.27 0
2041 373.80 406.27 0
2042 373.72 407.26 0
2043 373.64 408.26 0
2044 372.17 402.11 0
2045 372.08 403.11 0
2046 371.98 404.10 0
2047 371.89 405.10 0
2048 371.79 406.09 0
2049 371.70 407.09 0
2050 371.61 408.09 0
2051 370.23 401.92 0
2052 370.12 402.91 0
2053 370.01 403.91 0
2054 369.90 404.90 0
2055 369.79 405.89 0
2056 369.68 406.89 0
2057 369.57 407.88 0
2058 368.27 401.69 0
2059 368.15 402.69 0
2060 368.03 403.68 0
2061 367.91 404.67 1
2062 367.79 405.66 1
2063 367.67 406.66 0
2064 367.55 407.65 0
2065 366.35 401.43 0
2066 366.21 402.42 0
2067 366.07 403.41 0
2068 365.93 404.40 0
2069 365.79 405.40 0
2070 365.65 406.39 0
2071 365.51 407.38 0
2072 364.42 401.14 0
2073 364.26 402.13 0
2074 364.11 403.12 0
2075 363.95 404.10 1
2076 363.80 405.09 0
2077 363.64 406.08 0
2078 363.49 407.07 0
2079 362.44 400.83 0
2080 362.28 401.82 1
2081 362.13 402.81 0
2082 361.98 403.80 0
2083 361.82 404.78 0
2084 361.67 405.77 0
2085 361.52 406.76 0
2086 360.46 400.53 0
2087 360.30 401.51 0
2088 360.15 402.50 0
2089 360.00 403.49 0
2090 359.85 404.48 0
2091 359.69 405.47 0
2092 359.54 406.46 0
2093 358.48 400.22 0
2094 358.33 401.21 0
2095 358.18 402.20 0
2096 358.02 403.19 0
2097 357.87 404.17 0
2098 357.72 405.16 0
2099 357.57 406.15 1
2100 356.51 399.92 1
2101 356.35 400.90 0
2102 356.20 401.89 0
2103 356.05 402.88 0
2104 355.89 403.87 0
2105 355.74 404.86 1
2106 355.59 405.84 1
2107 354.54 399.61 0
2108 354.38 400.60 0
2109 354.23 401.58 0
2110 354.07 402.57 0
2111 353.92 403.56 0
2112 353.76 404.55 0
2113 353.61 405.53 0
2114 352.57 399.30 0
2115 352.41 400.28 0
2116 352.25 401.27 1
2117 352.10 402.26 0
2118 351.94 403.25 0
2119 351.78 404.23 0
2120 351.62 405.22 0
2121 350.61 398.98 0
2122 350.44 399.97 0
2123 350.28 400.95 1
2124 350.12 401.94 1
2125 349.96 402.93 1
2126 349.80 403.91 1
2127 349.64 404.90 1
2128 348.64 398.65 0
2129 348.48 399.64 1
2130 348.31 400.63 0
2131 348.15 401.61 0
2132 347.98 402.60 1
2133 347.82 403.59 0
2134 347.65 404.57 0
2135 346.69 398.32 0
2136 346.52 399.31 1
2137 346.35 400.29 0
2138 346.18 401.28 0
2139 346.01 402.26 0
2140 345.84 403.25 0
2141 345.67 404.23 0
2142 344.74 397.98 0
2143 344.56 398.96 0
2144 344.38 399.95 0
2145 344.21 400.93 0
2146 344.03 401.92 0
2147 343.85 402.90 0
2148 343.68 403.89 1
2149 342.79 397.63 0
2150 342.60 398.61 1
2151 342.42 399.59 0
2152 342.24 400.57 0
2153 342.06 401.56 0
2154 341.87 402.54 1
2155 341.69 403.52 1
2156 340.85 397.26 0
2157 340.66 398.24 0
2158 340.46 399.22 0
2159 340.27 400.20 0
2160 340.08 401.18 0
2161 339.89 402.17 0
2162 339.70 403.15 0
2163 338.91 396.88 0
2164 338.71 397.86 0
2165 338.51 398.84 0
2166 338.31 399.82 0
2167 338.11 400.80 0
2168 337.92 401.78 0
2169 337.72 402.76 0
2170 336.98 396.48 0
2171 336.77 397.45 1
2172 336.56 398.43 0
2173 336.35 399.41 0
2174 336.15 400.39 0
2175 335.94 401.37 0
2176 335.73 402.34 0
2177 335.05 396.06 0
2178 334.84 397.03 0
2179 334.62 398.01 0
2180 334.40 398.99 0
2181 334.18 399.96 0
2182 333.96 400.94 0
2183 333.75 401.91 0
2184 333.14 395.62 0
2185 332.91 396.59 0
2186 332.68 397.57 0
2187 332.45 398.54 0
2188 332.22 399.51 0
2189 331.99 400.49 0
2190 331.76 401.46 0
2191 331.23 395.16 0
2192 330.99 396.13 0
2193 330.75 397.10 0
2194 330.51 398.07 0
2195 330.27 399.04 0
2196 330.02 400.01 0
2197 329.78 400.98 1
2198 329.33 394.67 1
2199 329.08 395.64 1
2200 328.82 396.60 0
2201 328.57 397.57 0
2202 328.32 398.54 0
2203 328.06 399.51 0
2204 327.81 400.47 0
2205 327.45 394.16 0
2206 327.18 395.12 0
2207 326.91 396.08 0
2208 326.64 397.05 0
2209 326.37 398.01 0
2210 326.10 398.97 0
2211 325.83 399.94 0
2212 325.57 393.61 1
2213 325.29 394.57 0
2214 325.00 395.53 0
2215 324.72 396.49 0
2216 324.44 397.45 0
2217 324.15 398.41 0
2218 323.87 399.37 0
2219 323.71 393.04 1
2220 323.41 393.99 1
2221 323.11 394.95 1
2222 322.81 395.90 1
2223 322.51 396.85 1
2224 322.21 397.81 0
2225 321.91 398.76 0
2226 321.89 392.44 0
2227 321.56 393.38 0
2228 321.24 394.33 1
2229 320.91 395.27 0
2230 320.58 396.22 0
2231 320.26 397.16 0
2232 319.93 398.11 0
2233 320.06 391.79 0
2234 319.71 392.73 0
2235 319.37 393.67 0
2236 319.02 394.61 0
2237 318.68 395.55 1
2238 318.33 396.48 0
2239 317.99 397.42 1
2240 318.25 391.11 0
2241 317.88 392.04 0
2242 317.52 392.97 0
2243 317.15 393.90 0
2244 316.79 394.83 0
2245 316.42 395.76 1
2246 316.06 396.69 0
2247 316.46 390.38 0
2248 316.07 391.30 1
2249 315.69 392.23 0
2250 315.30 393.15 1
2251 314.91 394.07 1
2252 314.53 394.99 0
2253 314.14 395.91 0
2254 314.69 389.61 0
2255 314.28 390.52 0
2256 313.88 391.44 0
2257 313.47 392.35 1
2258 313.06 393.26 0
2259 312.65 394.17 0
2260 312.24 395.09 1
2261 312.99 388.81 0
2262 312.54 389.71 0
2263 312.10 390.60 1
2264 311.66 391.50 0
2265 311.21 392.39 0
2266 310.77 393.29 0
2267 310.32 394.19 0
2268 311.28 387.94 0
2269 310.81 388.83 0
2270 310.34 389.71 0
2271 309.87 390.59 0
2272 309.41 391.48 0
2273 308.94 392.36 0
2274 308.47 393.24 0
2275 309.60 387.02 0
2276 309.10 387.89 0
2277 308.61 388.76 0
2278 308.12 389.63 0
2279 307.63 390.50 0
2280 307.13 391.37 0
2281 306.64 392.24 0
2282 307.93 386.05 1
2283 307.42 386.91 0
2284 306.90 387.77 0
2285 306.39 388.63 0
2286 305.88 389.48 0
2287 305.37 390.34 0
2288 304.86 391.20 0
2289 306.31 385.05 0
2290 305.77 385.89 0
2291 305.23 386.73 0
2292 304.69 387.57 0
2293 304.15 388.42 0
2294 303.61 389.26 0
2295 303.07 390.10 0
2296 304.69 383.99 0
2297 304.13 384.82 0
2298 303.58 385.65 0
2299 303.02 386.48 0
2300 302.46 387.31 0
2301 301.90 388.14 0
2302 301.34 388.97 0
2303 303.10 382.89 0
2304 302.52 383.71 0
2305 301.95 384.53 0
2306 301.37 385.34 0
2307 300.79 386.16 1
2308 300.22 386.98 1
2309 299.64 387.80 0
2310 301.55 381.77 0
2311 300.95 382.57 1
2312 300.35 383.37 0
2313 299.75 384.17 0
2314 299.15 384.97 0
2315 298.55 385.77 1
2316 297.95 386.57 0
2317 300.01 380.60 0
2318 299.40 381.38 0
2319 298.78 382.17 0
2320 298.16 382.96 0
2321 297.54 383.74 0
2322 296.93 384.53 1
2323 296.31 385.32 0
2324 298.50 379.39 1
2325 297.87 380.16 0
2326 297.23 380.93 1
2327 296.60 381.71 1
2328 295.97 382.48 0
2329 295.33 383.26 0
2330 294.70 384.03 0
2331 297.01 378.14 0
2332 296.37 378.90 1
2333 295.72 379.66 0
2334 295.07 380.42 0
2335 294.42 381.18 0
2336 293.77 381.94 0
2337 293.12 382.71 0
2338 295.58 376.88 1
2339 294.91 377.62 1
2340 294.24 378.36 0
2341 293.57 379.10 0
2342 292.90 379.84 0
2343 292.23 380.58 0
2344 291.56 381.33 1
2345 294.15 375.56 0
2346 293.46 376.29 0
2347 292.78 377.02 1
2348 292.10 377.75 1
2349 291.41 378.48 1
2350 290.73 379.20 1
2351 290.04 379.93 1
2352 292.75 374.21 1
2353 292.05 374.93 1
2354 291.35 375.65 0
2355 290.65 376.36 0
2356 289.96 377.08 0
2357 289.26 377.79 0
2358 288.56 378.51 0
2359 291.39 372.86 0
2360 290.68 373.55 0
2361 289.96 374.25 1
2362 289.24 374.95 0
2363 288.52 375.64 1
2364 287.81 376.34 0
2365 287.09 377.03 0
2366 290.05 371.45 0
2367 289.32 372.13 0
2368 288.59 372.82 0
2369 287.86 373.50 0
2370 287.13 374.18 1
2371 286.40 374.87 0
2372 285.67 375.55 0
2373 288.73 370.01 0
2374 287.99 370.69 0
2375 287.25 371.36 0
2376 286.51 372.03 0
2377 285.77 372.70 0
2378 285.02 373.37 0
2379 284.28 374.04 0
2380 287.46 368.57 1
2381 286.70 369.22 0
2382 285.94 369.88 0
2383 285.18 370.53 0
2384 284.43 371.18 1
2385 283.67 371.83 0
2386 282.91 372.48 1
2387 286.20 367.09 0
2388 285.43 367.72 0
2389 284.66 368.36 0
2390 283.89 369.00 0
2391 283.12 369.64 0
2392 282.35 370.28 0
2393 281.58 370.91 0
2394 284.97 365.57 1
2395 284.19 366.20 0
2396 283.41 366.82 0
2397 282.63 367.45 0
2398 281.85 368.08 0
2399 281.07 368.70 0
2400 280.29 369.33 0
2401 283.77 364.04 0
2402 282.98 364.65 1
2403 282.19 365.26 0
2404 281.40 365.88 0
2405 280.60 366.49 0
2406 279.81 367.10 0
2407 279.02 367.71 0
2408 282.60 362.50 1
2409 281.80 363.09 1
2410 281.00 363.69 0
2411 280.19 364.28 0
2412 279.39 364.87 0
2413 278.58 365.47 0
2414 277.78 366.06 0
2415 281.45 360.92 1
2416 280.64 361.50 1
2417 279.83 362.08 0
2418 279.01 362.66 0
2419 278.20 363.24 0
2420 277.39 363.83 0
2421 276.57 364.41 0
2422 280.33 359.32 0
2423 279.51 359.89 0
2424 278.69 360.46 0
2425 277.87 361.03 0
2426 277.04 361.59 0
2427 276.22 362.16 0
2428 275.40 362.73 0
2429 279.25 357.72 0
2430 278.41 358.27 0
2431 277.58 358.82 0
2432 276.75 359.37 0
2433 275.91 359.92 0
2434 275.08 360.47 0
2435 274.24 361.02 0
2436 278.18 356.08 0
2437 277.34 356.61 0
2438 276.50 357.15 0
2439 275.65 357.69 0
2440 274.81 358.23 0
2441 273.97 358.77 0
2442 273.13 359.31 0
2443 277.14 354.42 0
2444 276.29 354.95 0
2445 275.44 355.47 0
2446 274.59 356.00 0
2447 273.74 356.53 0
2448 272.89 357.05 0
2449 272.04 357.58 0
2450 276.13 352.76 1
2451 275.27 353.27 0
2452 274.41 353.78 0
2453 273.55 354.29 0
2454 272.69 354.80 0
2455 271.83 355.31 1
2456 270.97 355.82 0
2457 275.14 351.07 0
2458 274.27 351.57 0
2459 273.41 352.07 0
2460 272.54 352.57 0
2461 271.67 353.06 0
2462 270.80 353.56 1
2463 269.94 354.06 0
2464 274.18 349.37 0
2465 273.31 349.86 0
2466 272.43 350.34 0
2467 271.56 350.82 0
2468 270.68 351.31 0
2469 269.81 351.79 1
2470 268.93 352.27 0
2471 273.26 347.66 1
2472 272.37 348.13 1
2473 271.49 348.59 1
2474 270.61 349.06 1
2475 269.73 349.53 1
2476 268.84 350.00 1
2477 267.96 350.47 0
2478 272.37 345.94 0
2479 271.48 346.39 0
2480 270.58 346.84 0
2481 269.69 347.29 0
2482 268.80 347.74 0
2483 267.90 348.18 0
2484 267.01 348.63 0
2485 271.50 344.19 0
2486 270.60 344.63 0
2487 269.70 345.06 0
2488 268.80 345.50 0
2489 267.90 345.93 0
2490 267.00 346.36 0
2491 266.10 346.80 0
2492 270.66 342.42 0
2493 269.76 342.85 0
2494 268.85 343.27 0
2495 267.94 343.69 0
2496 267.04 344.11 0
2497 266.13 344.53 0
2498 265.22 344.95 0
2499 269.85 340.64 0
2500 268.94 341.05 0
2501 268.03 341.46 0
2502 267.11 341.87 0
2503 266.20 342.28 0
2504 265.29 342.69 0
2505 264.38 343.09 0
2506 269.07 338.85 0
2507 268.15 339.25 0
2508 267.23 339.64 0
2509 266.31 340.04 0
2510 265.39 340.43 0
2511 264.48 340.83 0
2512 263.56 341.22 0
2513 268.31 337.05 0
2514 267.39 337.43 0
2515 266.46 337.81 0
2516 265.54 338.19 1
2517 264.62 338.57 0
2518 263.69 338.96 0
2519 262.77 339.34 0
2520 267.58 335.23 0
2521 266.65 335.60 0
2522 265.72 335.97 1
2523 264.80 336.34 0
2524 263.87 336.70 0
2525 262.94 337.07 1
2526 262.01 337.44 0
2527 266.89 333.42 0
2528 265.95 333.77 1
2529 265.02 334.12 1
2530 264.08 334.47 0
2531 263.14 334.82 1
2532 262.20 335.17 0
2533 261.27 335.52 0
2534 266.22 331.58 0
2535 265.27 331.92 0
2536 264.33 332.26 0
2537 263.39 332.59 0
2538 262.45 332.93 0
2539 261.51 333.26 0
2540 260.56 333.60 0
2541 265.57 329.74 0
2542 264.62 330.06 0
2543 263.67 330.38 0
2544 262.73 330.70 0
2545 261.78 331.03 0
2546 260.83 331.35 0
2547 259.89 331.67 1
2548 264.95 327.88 1
2549 263.99 328.19 1
2550 263.04 328.50 1
2551 262.09 328.81 0
2552 261.14 329.12 0
2553 260.19 329.43 0
2554 259.24 329.74 0
2555 264.35 326.01 0
2556 263.40 326.31 0
2557 262.44 326.61 1
2558 261.49 326.90 0
2559 260.53 327.20 0
2560 259.58 327.50 0
2561 258.62 327.79 0
2562 263.78 324.14 0
2563 262.82 324.42 0
2564 261.86 324.71 0
2565 260.91 324.99 0
2566 259.95 325.27 1
2567 258.99 325.56 0
2568 258.03 325.84 0
2569 263.24 322.26 0
2570 262.28 322.53 0
2571 261.32 322.80 0
2572 260.35 323.07 0
2573 259.39 323.34 1
2574 258.43 323.61 0
2575 257.46 323.88 0
2576 262.73 320.37 0
2577 261.76 320.62 0
2578 260.79 320.88 0
2579 259.83 321.14 0
2580 258.86 321.39 0
2581 257.89 321.65 0
2582 256.93 321.91 0
2583 262.24 318.47 0
2584 261.27 318.71 1
2585 260.30 318.96 0
2586 259.33 319.20 1
2587 258.36 319.44 0
2588 257.39 319.69 0
2589 256.42 319.93 0
2590 261.78 316.57 0
2591 260.81 316.80 0
2592 259.83 317.03 1
2593 258.86 317.26 1
2594 257.89 317.49 1
2595 256.91 317.72 1
2596 255.94 317.94 1
2597 261.35 314.66 0
2598 260.37 314.87 0
2599 259.40 315.09 0
2600 258.42 315.31 1
2601 257.44 315.52 0
2602 256.47 315.74 0
2603 255.49 315.95 0
2604 260.95 312.74 0
2605 259.97 312.95 1
2606 258.99 313.15 0
2607 258.01 313.35 0
2608 257.03 313.55 0
2609 256.05 313.75 0
2610 255.07 313.95 1
2611 260.57 310.82 0
2612 259.59 311.01 0
2613 258.61 311.20 0
2614 257.62 311.39 0
2615 256.64 311.57 0
2616 255.66 311.76 0
2617 254.68 311.95 0
2618 260.23 308.92 0
2619 259.24 309.09 0
2620 258.26 309.25 0
2621 257.27 309.42 0
2622 256.29 309.58 0
2623 255.30 309.75 1
2624 254.31 309.91 0
2625 259.92 306.99 0
2626 258.93 307.14 0
2627 257.94 307.29 0
2628 256.95 307.44 0
2629 255.96 307.59 0
2630 254.97 307.74 0
2631 253.98 307.90 0
2632 259.63 305.06 0
2633 258.64 305.19 1
2634 257.65 305.33 0
2635 256.66 305.47 0
2636 255.67 305.60 0
2637 254.68 305.74 0
2638 253.69 305.87 1
2639 259.38 303.12 0
2640 258.38 303.24 0
2641 257.39 303.36 0
2642 256.40 303.48 0
2643 255.41 303.60 1
2644 254.41 303.72 0
2645 253.42 303.84 1
2646 259.16 301.18 0
2647 258.16 301.29 0
2648 257.17 301.39 0
2649 256.17 301.50 0
2650 255.18 301.60 0
2651 254.18 301.70 1
2652 253.19 301.81 0
2653 258.97 299.24 1
2654 257.97 299.33 0
2655 256.97 299.42 0
2656 255.98 299.50 0
2657 254.98 299.59 0
2658 253.99 299.68 0
2659 252.99 299.77 0
2660 258.82 297.31 0
2661 257.82 297.38 1
2662 256.82 297.44 0
2663 255.82 297.51 0
2664 254.83 297.58 0
2665 253.83 297.64 0
2666 252.83 297.71 0
2667 258.71 295.38 0
2668 257.71 295.43 0
2669 256.72 295.47 0
2670 255.72 295.51 0
2671 254.72 295.56 0
2672 253.72 295.60 0
2673 252.72 295.65 0
2674 258.65 293.45 0
2675 257.65 293.47 0
2676 256.65 293.49 0
2677 255.65 293.52 0
2678 254.65 293.54 0
2679 253.66 293.56 0
2680 252.66 293.58 0
2681 258.64 291.51 0
2682 257.64 291.51 0
2683 256.64 291.51 0
2684 255.64 291.52 0
2685 254.64 291.52 0
2686 253.64 291.52 0
2687 252.64 291.52 0
2688 258.66 289.57 1
2689 257.66 289.55 1
2690 256.66 289.53 1
2691 255.66 289.52 1
2692 254.66 289.50 1
2693 253.66 289.48 1
2694 252.66 289.46 0
2695 258.72 287.62 0
2696 257.72 287.59 0
2697 256.72 287.55 0
2698 255.72 287.52 0
2699 254.72 287.48 0
2700 253.72 287.44 0
2701 252.72 287.41 0
2702 258.81 285.70 0
2703 257.82 285.64 0
2704 256.82 285.58 1
2705 255.82 285.52 0
2706 254.82 285.46 0
2707 253.82 285.40 0
2708 252.83 285.34 0
2709 258.94 283.75 0
2710 257.95 283.68 0
2711 256.95 283.60 0
2712 255.95 283.52 0
2713 254.95 283.45 0
2714 253.96 283.37 0
2715 252.96 283.29 0
2716 259.10 281.80 0
2717 258.11 281.71 0
2718 257.11 281.62 0
2719 256.11 281.53 0
2720 255.12 281.44 0
2721 254.12 281.35 0
2722 253.13 281.26 0
2723 259.29 279.85 0
2724 258.29 279.75 0
2725 257.30 279.64 0
2726 256.31 279.54 0
2727 255.31 279.44 0
2728 254.32 279.33 0
2729 253.32 279.23 0
2730 259.50 277.90 0
2731 258.51 277.79 0
2732 257.52 277.67 0
2733 256.52 277.55 0
2734 255.53 277.44 0
2735 254.54 277.32 0
2736 253.54 277.20 1
2737 259.74 275.95 0
2738 258.75 275.82 0
2739 257.76 275.69 0
2740 256.76 275.57 0
2741 255.77 275.44 1
2742 254.78 275.31 1
2743 253.79 275.18 0
2744 260.00 274.00 0
2745 259.01 273.86 0
2746 258.02 273.72 0
2747 257.03 273.58 0
2748 256.04 273.45 0
2749 255.05 273.31 0
2750 254.06 273.17 0
2751 260.28 272.05 0
2752 259.29 271.90 0
2753 258.30 271.75 0
2754 257.31 271.60 0
2755 256.32 271.46 0
2756 255.33 271.31 0
2757 254.34 271.16 0
2758 260.57 270.09 0
2759 259.59 269.94 0
2760 258.60 269.78 0
2761 257.61 269.63 0
2762 256.62 269.47 0
2763 255.63 269.32 0
2764 254.65 269.16 0
2765 260.89 268.14 0
2766 259.90 267.98 0
2767 258.91 267.81 0
2768 257.93 267.65 0
2769 256.94 267.49 0
2770 255.95 267.33 0
2771 254.96 267.17 0
2772 261.21 266.18 0
2773 260.23 266.02 0
2774 259.24 265.85 0
2775 258.25 265.68 0
2776 257.27 265.51 0
2777 256.28 265.34 0
2778 255.30 265.17 0
2779 261.55 264.23 0
2780 260.56 264.06 0
2781 259.58 263.88 0
2782 258.59 263.71 0
2783 257.61 263.54 0
2784 256.62 263.36 0
2785 255.64 263.19 0
2786 261.90 262.27 0
2787 260.91 262.10 0
2788 259.93 261.92 0
2789 258.94 261.74 0
2790 257.96 261.56 0
2791 256.98 261.38 0
2792 255.99 261.21 0
2793 262.25 260.32 0
2794 261.27 260.14 0
2795 260.29 259.95 0
2796 259.30 259.77 0
2797 258.32 259.59 0
2798 257.33 259.41 0
2799 256.35 259.23 0
2800 262.62 258.35 0
2801 261.63 258.17 0
2802 260.65 257.99 0
2803 259.67 257.81 0
2804 258.68 257.62 0
2805 257.70 257.44 0
2806 256.72 257.26 0
2807 262.98 256.39 0
2808 262.00 256.21 0
2809 261.02 256.02 0
2810 260.03 255.84 0
2811 259.05 255.66 0
2812 258.07 255.47 0
2813 257.09 255.29 0
2814 263.35 254.43 0
2815 262.37 254.25 0
2816 261.39 254.06 0
2817 260.41 253.88 0
2818 259.42 253.69 0
2819 258.44 253.50 0
2820 257.46 253.32 0
2821 263.73 252.47 0
2822 262.74 252.28 0
2823 261.76 252.10 0
2824 260.78 251.91 0
2825 259.80 251.72 0
2826 258.81 251.54 0
2827 257.83 251.35 0
2828 264.10 250.50 0
2829 263.11 250.32 0
2830 262.13 250.13 0
2831 261.15 249.95 0
2832 260.17 249.76 0
2833 259.18 249.57 0
2834 258.20 249.39 0
2835 264.47 248.53 0
2836 263.49 248.35 0
2837 262.50 248.16 0
2838 261.52 247.98 0
2839 260.54 247.80 0
2840 259.55 247.61 0
2841 258.57 247.43 0
2842 264.84 246.56 0
2843 263.85 246.38 0
2844 262.87 246.20 0
2845 261.89 246.01 0
2846 260.90 245.83 0
2847 259.92 245.65 0
2848 258.94 245.47 0
2849 265.20 244.58 0
2850 264.22 244.40 0
2851 263.23 244.23 0
2852 262.25 244.05 0
2853 261.26 243.87 0
2854 260.28 243.69 0
2855 259.30 243.51 0
2856 265.56 242.60 0
2857 264.57 242.43 0
2858 263.59 242.25 0
2859 262.60 242.08 0
2860 261.62 241.90 0
2861 260.63 241.73 0
2862 259.65 241.55 0
2863 265.91 240.62 0
2864 264.92 240.45 0
2865 263.93 240.28 0
2866 262.95 240.11 0
2867 261.96 239.94 0
2868 260.98 239.77 0
2869 259.99 239.60 0
2870 266.25 238.65 0
2871 265.26 238.48 0
2872 264.27 238.31 0
2873 263.29 238.14 1
2874 262.30 237.97 0
2875 261.32 237.80 0
2876 260.33 237.63 0
2877 266.59 236.69 0
2878 265.60 236.51 1
2879 264.62 236.34 0
2880 263.63 236.17 0
2881 262.65 236.00 0
2882 261.66 235.82 0
2883 260.68 235.65 0
2884 266.93 234.72 0
2885 265.95 234.55 0
2886 264.97 234.37 0
2887 263.98 234.20 0
2888 263.00 234.02 0
2889 262.01 233.85 0
2890 261.03 233.67 0
2891 267.29 232.76 0
2892 266.30 232.59 0
2893 265.32 232.41 0
2894 264.33 232.23 0
2895 263.35 232.05 0
2896 262.37 231.87 0
2897 261.38 231.70 0
2898 267.64 230.80 0
2899 266.66 230.62 0
2900 265.68 230.44 0
2901 264.69 230.26 0
2902 263.71 230.08 0
2903 262.73 229.90 0
2904 261.74 229.72 0
2905 268.00 228.85 0
2906 267.02 228.66 0
2907 266.04 228.48 0
2908 265.06 228.30 0
2909 264.07 228.11 0
2910 263.09 227.93 0
2911 262.11 227.75 0
2912 268.37 226.88 0
2913 267.39 226.70 0
2914 266.41 226.52 0
2915 265.42 226.33 0
2916 264.44 226.15 0
2917 263.46 225.96 0
2918 262.47 225.78 0
2919 268.74 224.93 0
2920 267.76 224.74 0
2921 266.78 224.55 0
2922 265.80 224.37 0
2923 264.81 224.18 0
2924 263.83 223.99 0
2925 262.85 223.80 0
2926 269.12 222.97 0
2927 268.14 222.78 0
2928 267.16 222.59 0
2929 266.17 222.40 0
2930 265.19 222.21 0
2931 264.21 222.02 0
2932 263.23 221.83 0
2933 269.50 221.02 0
2934 268.52 220.82 0
2935 267.54 220.63 0
2936 266.56 220.44 0
2937 265.57 220.25 0
2938 264.59 220.05 0
2939 263.61 219.86 0
2940 269.89 219.06 0
2941 268.90 218.86 0
2942 267.92 218.67 0
2943 266.94 218.48 0
2944 265.96 218.28 0
2945 264.98 218.09 0
2946 264.00 217.89 0
2947 270.28 217.11 0
2948 269.29 216.91 0
2949 268.31 216.71 0
2950 267.33 216.52 0
2951 266.35 216.32 0
2952 265.37 216.12 0
2953 264.39 215.93 1
2954 270.67 215.15 0
2955 269.69 214.95 0
2956 268.71 214.75 0
2957 267.73 214.56 0
2958 266.75 214.36 0
2959 265.77 214.16 0
2960 264.79 213.96 0
2961 271.07 213.20 0
2962 270.09 213.00 0
2963 269.11 212.80 0
2964 268.13 212.60 0
2965 267.15 212.39 0
2966 266.17 212.19 0
2967 265.19 211.99 0
2968 271.47 211.25 0
2969 270.50 211.05 0
2970 269.52 210.84 0
2971 268.54 210.64 0
2972 267.56 210.43 0
2973 266.58 210.23 0
2974 265.60 210.03 0
2975 271.88 209.30 0
2976 270.91 209.09 0
2977 269.93 208.89 0
2978 268.95 208.68 0
2979 267.97 208.47 0
2980 266.99 208.27 0
2981 266.01 208.06 0
2982 272.30 207.35 0
2983 271.32 207.14 0
2984 270.34 206.93 0
2985 269.37 206.72 0
2986 268.39 206.51 0
2987 267.41 206.31 0
2988 266.43 206.10 0
2989 272.72 205.41 1
2990 271.74 205.20 0
2991 270.76 204.98 0
2992 269.79 204.77 0
2993 268.81 204.56 0
2994 267.83 204.34 0
2995 266.86 204.13 0
2996 273.14 203.46 0
2997 272.17 203.24 0
2998 271.19 203.03 0
2999 270.21 202.82 0
3000 269.24 202.60 0
3001 268.26 202.39 0
3002 267.28 202.17 0
3003 273.57 201.52 0
3004 272.60 201.30 0
3005 271.62 201.08 0
3006 270.65 200.86 0
3007 269.67 200.65 1
3008 268.69 200.43 0
3009 267.72 200.21 0
3010 274.01 199.57 0
3011 273.03 199.35 0
3012 272.06 199.13 0
3013 271.08 198.91 0
3014 270.11 198.69 0
3015 269.13 198.47 0
3016 268.16 198.25 0
3017 274.45 197.63 0
3018 273.48 197.41 0
3019 272.50 197.18 0
3020 271.53 196.96 0
3021 270.55 196.74 0
3022 269.58 196.52 0
3023 268.60 196.29 0
3024 274.90 195.69 0
3025 273.93 195.47 0
3026 272.95 195.24 0
3027 271.98 195.01 0
3028 271.00 194.79 0
3029 270.03 194.56 0
3030 269.05 194.34 0
3031 275.35 193.75 0
3032 274.38 193.52 0
3033 273.41 193.30 0
3034 272.43 193.07 0
3035 271.46 192.84 0
3036 270.49 192.61 0
3037 269.51 192.38 0
3038 275.81 191.82 0
3039 274.84 191.59 0
3040 273.87 191.35 0
3041 272.89 191.12 0
3042 271.92 190.89 0
3043 270.95 190.65 0
3044 269.98 190.42 0
3045 276.28 189.88 1
3046 275.31 189.65 0
3047 274.33 189.41 0
3048 273.36 189.18 0
3049 272.39 188.94 0
3050 271.42 188.71 0
3051 270.45 188.47 0
3052 276.75 187.95 0
3053 275.78 187.71 0
3054 274.81 187.47 0
3055 273.84 187.23 0
3056 272.87 186.99 0
3057 271.90 186.76 0
3058 270.92 186.52 0
3059 277.23 186.02 0
3060 276.26 185.78 0
3061 275.29 185.54 0
3062 274.32 185.29 0
3063 273.35 185.05 0
3064 272.38 184.81 0
3065 271.41 184.56 0
3066 277.72 184.09 0
3067 276.75 183.85 0
3068 275.78 183.60 0
3069 274.81 183.35 0
3070 273.84 183.11 0
3071 272.87 182.86 0
3072 271.90 182.61 0
3073 278.21 182.17 0
3074 277.24 181.92 0
3075 276.27 181.67 0
3076 275.31 181.42 0
3077 274.34 181.17 0
3078 273.37 180.91 0
3079 272.40 180.66 0
3080 278.71 180.25 0
3081 277.75 179.99 0
3082 276.78 179.74 0
3083 275.81 179.48 0
3084 274.85 179.23 0
3085 273.88 178.97 0
3086 272.91 178.71 0
3087 279.22 178.32 0
3088 278.26 178.07 0
3089 277.29 177.81 0
3090 276.33 177.55 0
3091 275.36 177.29 0
3092 274.39 177.03 0
3093 273.43 176.77 0
3094 279.74 176.41 0
3095 278.78 176.14 0
3096 277.81 175.88 0
3097 276.85 175.62 0
3098 275.88 175.36 0
3099 274.92 175.09 0
3100 273.96 174.83 0
3101 280.27 174.50 0
3102 279.31 174.23 0
3103 278.35 173.96 0
3104 277.38 173.69 0
3105 276.42 173.42 0
3106 275.46 173.15 0
3107 274.49 172.89 0
3108 280.81 172.57 0
3109 279.85 172.30 0
3110 278.88 172.03 0
3111 277.92 171.76 0
3112 276.96 171.50 0
3113 275.99 171.23 0
3114 275.03 170.96 0
3115 281.35 170.64 0
3116 280.38 170.37 0
3117 279.42 170.10 0
3118 278.45 169.84 0
3119 277.49 169.57 0
3120 276.53 169.30 0
3121 275.56 169.04 0
3122 281.88 168.71 0
3123 280.91 168.44 0
3124 279.95 168.17 0
3125 278.99 167.91 0
3126 278.02 167.64 0
3127 277.06 167.38 0
3128 276.09 167.11 0
3129 282.41 166.78 0
3130 281.44 166.51 0
3131 280.48 166.25 0
3132 279.52 165.98 0
3133 278.55 165.72 0
3134 277.59 165.45 0
3135 276.62 165.19 0
3136 282.94 164.85 0
3137 281.97 164.58 0
3138 281.01 164.32 1
3139 280.05 164.05 0
3140 279.08 163.79 0
3141 278.12 163.52 0
3142 277.15 163.26 0
3143 283.47 162.92 0
3144 282.51 162.66 0
3145 281.54 162.39 0
3146 280.58 162.12 0
3147 279.61 161.86 0
3148 278.65 161.59 0
3149 277.69 161.33 0
3150 284.00 161.00 0
3151 283.04 160.73 0
3152 282.08 160.47 0
3153 281.11 160.20 0
3154 280.15 159.93 0
3155 279.18 159.66 0
3156 278.22 159.39 0
3157 284.54 159.08 0
3158 283.58 158.81 0
3159 282.61 158.54 1
3160 281.65 158.27 0
3161 280.69 158.00 0
3162 279.72 157.73 0
3163 278.76 157.46 0
3164 285.08 157.17 0
3165 284.12 156.89 0
3166 283.16 156.62 0
3167 282.19 156.35 0
3168 281.23 156.07 0
3169 280.27 155.80 0
3170 279.31 155.53 0
3171 285.63 155.26 0
3172 284.67 154.98 0
3173 283.71 154.70 0
3174 282.74 154.42 0
3175 281.78 154.15 0
3176 280.82 153.87 0
3177 279.86 153.59 0
3178 286.18 153.35 0
3179 285.22 153.07 0
3180 284.26 152.79 0
3181 283.30 152.50 0
3182 282.34 152.22 0
3183 281.38 151.94 0
3184 280.43 151.66 0
3185 286.75 151.45 0
3186 285.79 151.16 0
3187 284.83 150.87 0
3188 283.87 150.59 0
3189 282.92 150.30 0
3190 281.96 150.01 0
3191 281.00 149.73 0
3192 287.32 149.55 0
3193 286.37 149.26 0
3194 285.41 148.97 0
3195 284.45 148.67 0
3196 283.50 148.38 0
3197 282.54 148.09 0
3198 281.59 147.79 0
3199 287.91 147.66 0
3200 286.96 147.36 0
3201 286.00 147.06 0
3202 285.05 146.76 0
3203 284.09 146.46 0
3204 283.14 146.16 0
3205 282.19 145.87 0
3206 288.51 145.78 0
3207 287.56 145.47 0
3208 286.61 145.17 0
3209 285.66 144.86 0
3210 284.71 144.55 0
3211 283.75 144.25 0
3212 282.80 143.94 0
3213 289.13 143.92 0
3214 288.18 143.60 0
3215 287.23 143.28 0
3216 286.28 142.96 0
3217 285.34 142.64 0
3218 284.39 142.32 0
3219 283.44 142.00 0
3220 289.76 142.05 0
3221 288.82 141.73 0
3222 287.87 141.40 0
3223 286.93 141.07 0
3224 285.98 140.74 0
3225 285.04 140.41 0
3226 284.10 140.08 0
3227 290.42 140.20 0
3228 289.48 139.86 0
3229 288.54 139.52 0
3230 287.59 139.18 0
3231 286.65 138.84 0
3232 285.71 138.50 0
3233 284.77 138.16 0
3234 291.09 138.35 0
3235 290.16 138.00 0
3236 289.22 137.65 0
3237 288.28 137.30 0
3238 287.35 136.95 0
3239 286.41 136.60 1
3240 285.47 136.25 0
3241 291.79 136.52 0
3242 290.86 136.16 0
3243 289.93 135.80 0
3244 289.00 135.43 0
3245 288.06 135.07 0
3246 287.13 134.71 0
3247 286.20 134.35 0
3248 292.52 134.70 0
3249 291.59 134.33 0
3250 290.66 133.95 0
3251 289.73 133.58 0
3252 288.81 133.20 0
3253 287.88 132.83 0
3254 286.95 132.45 0
3255 293.26 132.89 1
3256 292.34 132.50 0
3257 291.42 132.12 1
3258 290.50 131.73 1
3259 289.58 131.34 0
3260 288.66 130.95 0
3261 287.73 130.57 0
3262 294.03 131.12 0
3263 293.12 130.71 0
3264 292.21 130.30 0
3265 291.30 129.89 0
3266 290.38 129.49 0
3267 289.47 129.08 0
3268 288.56 128.67 0
3269 294.84 129.35 0
3270 293.94 128.92 0
3271 293.03 128.50 0
3272 292.12 128.07 0
3273 291.22 127.65 0
3274 290.31 127.23 0
3275 289.41 126.80 0
3276 295.68 127.59 0
3277 294.78 127.15 0
3278 293.89 126.71 0
3279 292.99 126.27 0
3280 292.09 125.83 0
3281 291.19 125.39 0
3282 290.29 124.95 0
3283 296.55 125.85 0
3284 295.66 125.39 0
3285 294.77 124.94 0
3286 293.88 124.48 0
3287 292.99 124.03 0
3288 292.10 123.57 0
3289 291.21 123.12 0
3290 297.46 124.13 0
3291 296.58 123.66 0
3292 295.70 123.19 0
3293 294.82 122.71 0
3294 293.94 122.24 0
3295 293.06 121.77 0
3296 292.18 121.30 0
3297 298.39 122.47 0
3298 297.53 121.97 1
3299 296.66 121.47 0
3300 295.79 120.97 0
3301 294.93 120.47 0
3302 294.06 119.97 0
3303 293.19 119.47 0
3304 299.38 120.79 0
3305 298.52 120.27 0
3306 297.66 119.76 0
3307 296.81 119.24 0
3308 295.95 118.73 0
3309 295.09 118.21 0
3310 294.23 117.70 0
3311 300.40 119.10 0
3312 299.55 118.58 0
3313 298.70 118.06 0
3314 297.84 117.53 0
3315 296.99 117.01 0
3316 296.14 116.49 0
3317 295.28 115.97 0
3318 301.44 117.43 0
3319 300.59 116.90 0
3320 299.75 116.37 0
3321 298.90 115.84 0
3322 298.05 115.30 0
3323 297.20 114.77 1
3324 296.35 114.24 0
3325 302.49 115.78 0
3326 301.65 115.24 0
3327 300.81 114.69 0
3328 299.97 114.15 0
3329 299.13 113.61 0
3330 298.29 113.06 0
3331 297.45 112.52 0
3332 303.57 114.13 0
3333 302.73 113.58 0
3334 301.90 113.03 0
3335 301.07 112.48 0
3336 300.23 111.92 0
3337 299.40 111.37 0
3338 298.57 110.82 0
3339 304.66 112.50 0
3340 303.84 111.94 0
3341 303.01 111.38 0
3342 302.18 110.82 0
3343 301.36 110.25 0
3344 300.53 109.69 0
3345 299.70 109.13 0
3346 305.77 110.91 0
3347 304.96 110.33 0
3348 304.14 109.75 0
3349 303.32 109.17 0
3350 302.51 108.59 0
3351 301.69 108.02 1
3352 300.88 107.44 0
3353 306.91 109.31 0
3354 306.10 108.72 0
3355 305.30 108.14 0
3356 304.49 107.55 0
3357 303.68 106.96 1
3358 302.87 106.37 1
3359 302.06 105.78 0
3360 308.08 107.74 0
3361 307.28 107.14 0
3362 306.48 106.54 0
3363 305.68 105.94 0
3364 304.88 105.34 1
3365 304.08 104.74 0
3366 303.28 104.14 0
3367 309.25 106.20 0
3368 308.47 105.59 0
3369 307.68 104.97 0
3370 306.89 104.35 0
3371 306.11 103.73 0
3372 305.32 103.12 0
3373 304.53 102.50 0
3374 310.47 104.67 0
3375 309.69 104.04 0
3376 308.91 103.41 0
3377 308.14 102.78 0
3378 307.36 102.16 0
3379 306.58 101.53 0
3380 305.81 100.90 0
3381 311.71 103.17 0
3382 310.94 102.52 0
3383 310.18 101.88 0
3384 309.41 101.24 0
3385 308.64 100.60 0
3386 307.87 99.96 0
3387 307.11 99.32 0
3388 312.96 101.70 0
3389 312.21 101.04 1
3390 311.46 100.38 0
3391 310.71 99.72 0
3392 309.96 99.06 0
3393 309.21 98.40 0
3394 308.46 97.74 1
3395 314.26 100.25 0
3396 313.52 99.57 0
3397 312.78 98.90 1
3398 312.04 98.23 0
3399 311.30 97.55 0
3400 310.56 96.88 0
3401 309.82 96.21 0
3402 315.58 98.82 0
3403 314.85 98.13 1
3404 314.12 97.45 0
3405 313.40 96.76 0
3406 312.67 96.07 0
3407 311.94 95.39 0
3408 311.21 94.70 0
3409 316.93 97.42 0
3410 316.22 96.72 0
3411 315.50 96.02 0
3412 314.79 95.32 0
3413 314.07 94.62 0
3414 313.36 93.92 0
3415 312.64 93.22 0
3416 318.29 96.07 0
3417 317.60 95.35 0
3418 316.90 94.63 0
3419 316.21 93.91 0
3420 315.51 93.19 0
3421 314.81 92.48 0
3422 314.12 91.76 0
3423 319.70 94.73 0
3424 319.02 94.00 0
3425 318.34 93.27 0
3426 317.65 92.54 0
3427 316.97 91.80 0
3428 316.29 91.07 1
3429 315.61 90.34 0
3430 321.14 93.42 0
3431 320.47 92.68 0
3432 319.80 91.93 0
3433 319.13 91.19 0
3434 318.47 90.44 0
3435 317.80 89.70 0
3436 317.13 88.95 0
3437 322.58 92.17 0
3438 321.93 91.40 0
3439 321.29 90.64 0
3440 320.64 89.87 0
3441 320.00 89.11 0
3442 319.35 88.35 1
3443 318.70 87.58 0
3444 324.07 90.92 0
3445 323.44 90.15 0
3446 322.81 89.37 0
3447 322.18 88.60 0
3448 321.55 87.82 0
3449 320.92 87.04 0
3450 320.29 86.27 0
3451 325.59 89.72 0
3452 324.97 88.93 0
3453 324.36 88.14 0
3454 323.74 87.35 0
3455 323.13 86.56 0
3456 322.51 85.77 0
3457 321.90 84.98 0
3458 327.13 88.54 0
3459 326.53 87.74 0
3460 325.93 86.94 0
3461 325.33 86.14 0
3462 324.73 85.34 0
3463 324.14 84.54 0
3464 323.54 83.74 1
3465 328.70 87.40 0
3466 328.12 86.59 0
3467 327.53 85.77 0
3468 326.95 84.96 0
3469 326.37 84.15 0
3470 325.78 83.34 0
3471 325.20 82.52 1
3472 330.27 86.31 0
3473 329.71 85.48 0
3474 329.15 84.65 0
3475 328.59 83.82 0
3476 328.04 82.99 0
3477 327.48 82.16 0
3478 326.92 81.33 0
3479 331.89 85.24 0
3480 331.34 84.40 0
3481 330.80 83.56 0
3482 330.26 82.72 0
3483 329.72 81.88 0
3484 329.18 81.04 0
3485 328.64 80.19 0
3486 333.52 84.20 0
3487 333.00 83.35 0
3488 332.48 82.50 0
3489 331.95 81.65 0
3490 331.43 80.80 0
3491 330.90 79.94 0
3492 330.38 79.09 0
3493 335.19 83.19 0
3494 334.68 82.33 0
3495 334.17 81.47 0
3496 333.66 80.61 0
3497 333.15 79.75 0
3498 332.64 78.89 0
3499 332.13 78.03 0
3500 336.87 82.21 0
3501 336.38 81.35 0
3502 335.89 80.48 0
3503 335.39 79.61 0
3504 334.90 78.74 0
3505 334.40 77.87 0
3506 333.91 77.00 0
3507 338.58 81.26 0
3508 338.10 80.39 0
3509 337.62 79.51 0
3510 337.14 78.63 0
3511 336.66 77.76 0
3512 336.18 76.88 0
3513 335.70 76.00 0
3514 340.30 80.34 0
3515 339.83 79.46 0
3516 339.37 78.57 0
3517 338.90 77.69 0
3518 338.43 76.80 0
3519 337.97 75.92 0
3520 337.50 75.03 0
3521 342.03 79.45 0
3522 341.58 78.56 0
3523 341.13 77.66 0
3524 340.68 76.77 0
3525 340.22 75.88 0
3526 339.77 74.99 0
3527 339.32 74.10 0
3528 343.78 78.58 0
3529 343.34 77.68 1
3530 342.91 76.78 0
3531 342.47 75.88 0
3532 342.03 74.98 0
3533 341.59 74.08 0
3534 341.15 73.19 0
3535 345.55 77.73 0
3536 345.12 76.83 0
3537 344.70 75.92 1
3538 344.27 75.02 0
3539 343.85 74.11 0
3540 343.42 73.21 0
3541 343.00 72.30 0
3542 347.32 76.92 0
3543 346.91 76.00 0
3544 346.50 75.09 0
3545 346.09 74.18 0
3546 345.68 73.27 0
3547 345.26 72.36 0
3548 344.85 71.45 0
3549 349.11 76.12 0
3550 348.71 75.20 0
3551 348.32 74.29 0
3552 347.92 73.37 0
3553 347.52 72.45 0
3554 347.12 71.54 0
3555 346.72 70.62 0
3556 350.91 75.35 0
3557 350.53 74.43 0
3558 350.14 73.51 0
3559 349.75 72.58 0
3560 349.37 71.66 0
3561 348.98 70.74 0
3562 348.60 69.82 0
3563 352.72 74.60 0
3564 352.35 73.67 0
3565 351.98 72.75 0
3566 351.60 71.82 0
3567 351.23 70.89 0
3568 350.85 69.96 0
3569 350.48 69.04 0
3570 354.55 73.87 0
3571 354.18 72.94 0
3572 353.82 72.01 0
3573 353.46 71.08 0
3574 353.10 70.15 0
3575 352.74 69.21 0
3576 352.37 68.28 0
3577 356.39 73.16 0
3578 356.04 72.23 0
3579 355.68 71.29 0
3580 355.33 70.36 0
3581 354.97 69.43 0
3582 354.61 68.49 0
3583 354.26 67.56 0
3584 358.23 72.48 0
3585 357.89 71.54 0
3586 357.55 70.60 0
3587 357.20 69.66 0
3588 356.86 68.72 1
3589 356.51 67.79 0
3590 356.17 66.85 0
3591 360.08 71.82 0
3592 359.75 70.87 0
3593 359.42 69.93 1
3594 359.08 68.99 0
3595 358.75 68.05 0
3596 358.42 67.10 0
3597 358.09 66.16 0
3598 361.94 71.17 0
3599 361.62 70.23 0
3600 361.29 69.28 0
3601 360.97 68.33 0
3602 360.65 67.39 0
3603 360.33 66.44 0
3604 360.01 65.49 0
3605 363.80 70.55 1
3606 363.49 69.60 0
3607 363.18 68.65 0
3608 362.87 67.70 0
3609 362.56 66.75 0
3610 362.25 65.80 0
3611 361.94 64.85 0
3612 365.69 69.94 0
3613 365.38 68.99 1
3614 365.08 68.04 0
3615 364.77 67.08 0
3616 364.47 66.13 0
3617 364.16 65.18 0
3618 363.86 64.23 0
3619 367.57 69.36 0
3620 367.27 68.40 0
3621 366.98 67.44 0
3622 366.68 66.49 0
3623 366.39 65.53 0
3624 366.09 64.58 0
3625 365.80 63.62 0
3626 369.45 68.79 0
3627 369.16 67.83 0
3628 368.88 66.87 0
3629 368.60 65.91 0
3630 368.31 64.95 0
3631 368.03 63.99 0
3632 367.75 63.04 0
3633 371.34 68.24 0
3634 371.06 67.28 0
3635 370.79 66.32 0
3636 370.52 65.35 1
3637 370.24 64.39 0
3638 369.97 63.43 0
3639 369.70 62.47 0
3640 373.25 67.70 0
3641 372.98 66.74 0
3642 372.71 65.78 0
3643 372.44 64.81 0
3644 372.17 63.85 0
3645 371.91 62.89 0
3646 371.64 61.92 0
3647 375.15 67.19 0
3648 374.89 66.22 0
3649 374.63 65.26 0
3650 374.37 64.29 0
3651 374.11 63.32 0
3652 373.86 62.36 0
3653 373.60 61.39 0
3654 377.05 66.69 0
3655 376.80 65.72 0
3656 376.56 64.75 0
3657 376.31 63.78 0
3658 376.06 62.81 0
3659 375.81 61.85 0
3660 375.56 60.88 0
3661 378.96 66.21 0
3662 378.72 65.24 0
3663 378.49 64.26 0
3664 378.25 63.29 0
3665 378.01 62.32 0
3666 377.77 61.35 0
3667 377.53 60.38 0
3668 380.89 65.74 0
3669 380.66 64.76 0
3670 380.42 63.79 0
3671 380.19 62.82 1
3672 379.96 61.85 0
3673 379.72 60.88 0
3674 379.49 59.90 0
3675 382.81 65.29 0
3676 382.59 64.31 0
3677 382.36 63.34 0
3678 382.14 62.36 0
3679 381.91 61.39 0
3680 381.69 60.41 0
3681 381.46 59.44 0
3682 384.73 64.85 0
3683 384.52 63.87 0
3684 384.30 62.90 0
3685 384.09 61.92 0
3686 383.87 60.94 0
3687 383.66 59.97 0
3688 383.44 58.99 0
3689 386.67 64.43 0
3690 386.46 63.45 0
3691 386.25 62.47 0
3692 386.04 61.50 0
3693 385.83 60.52 0
3694 385.62 59.54 0
3695 385.41 58.56 0
3696 388.60 64.02 0
3697 388.40 63.04 0
3698 388.20 62.06 0
3699 388.00 61.08 0
3700 387.80 60.11 0
3701 387.59 59.13 0
3702 387.39 58.15 0
3703 390.54 63.63 0
3704 390.34 62.65 1
3705 390.15 61.67 0
3706 389.96 60.69 0
3707 389.77 59.71 0
3708 389.57 58.73 0
3709 389.38 57.74 0
3710 392.49 63.25 0
3711 392.30 62.27 1
3712 392.11 61.29 0
3713 391.92 60.31 0
3714 391.73 59.32 0
3715 391.54 58.34 0
3716 391.36 57.36 0
3717 394.43 62.89 0
3718 394.25 61.91 0
3719 394.07 60.92 0
3720 393.89 59.94 0
3721 393.71 58.96 0
3722 393.53 57.97 0
3723 393.35 56.99 0
3724 396.38 62.54 0
3725 396.20 61.56 0
3726 396.03 60.57 0
3727 395.86 59.59 0
3728 395.68 58.60 0
3729 395.51 57.62 0
3730 395.33 56.63 0
3731 398.32 62.21 0
3732 398.15 61.23 0
3733 397.99 60.24 0
3734 397.83 59.25 0
3735 397.66 58.27 0
3736 397.50 57.28 0
3737 397.34 56.29 0
3738 400.26 61.90 0
3739 400.11 60.91 0
3740 399.95 59.93 0
3741 399.80 58.94 0
3742 399.65 57.95 0
3743 399.50 56.96 0
3744 399.35 55.97 0
3745 402.22 61.61 0
3746 402.07 60.62 0
3747 401.93 59.63 0
3748 401.78 58.64 0
3749 401.63 57.65 0
3750 401.49 56.66 1
3751 401.34 55.67 0
3752 404.17 61.33 0
3753 404.03 60.34 0
3754 403.90 59.35 0
3755 403.76 58.36 0
3756 403.62 57.36 0
3757 403.49 56.37 0
3758 403.35 55.38 0
3759 406.14 61.06 0
3760 406.00 60.07 0
3761 405.87 59.08 0
3762 405.74 58.09 0
3763 405.61 57.10 0
3764 405.48 56.11 0
3765 405.35 55.11 0
3766 408.09 60.81 0
3767 407.97 59.82 0
3768 407.85 58.83 0
3769 407.73 57.84 0
3770 407.60 56.84 0
3771 407.48 55.85 0
3772 407.36 54.86 0
3773 410.06 60.58 0
3774 409.95 59.58 0
3775 409.83 58.59 0
3776 409.71 57.60 0
3777 409.59 56.60 0
3778 409.48 55.61 0
3779 409.36 54.62 0
3780 412.02 60.35 0
3781 411.92 59.36 0
3782 411.81 58.36 0
3783 411.70 57.37 0
3784 411.59 56.38 0
3785 411.48 55.38 0
3786 411.37 54.39 0
3787 414.00 60.14 0
3788 413.90 59.15 0
3789 413.79 58.15 0
3790 413.69 57.16 0
3791 413.58 56.16 0
3792 413.48 55.17 0
3793 413.37 54.17 0
3794 415.97 59.94 0
3795 415.87 58.95 0
3796 415.77 57.95 0
3797 415.68 56.96 0
3798 415.58 55.96 0
3799 415.48 54.96 0
3800 415.39 53.97 0
3801 417.94 59.75 0
3802 417.85 58.76 0
3803 417.76 57.76 0
3804 417.67 56.77 0
3805 417.57 55.77 0
3806 417.48 54.77 0
3807 417.39 53.78 0
3808 419.91 59.58 0
3809 419.83 58.58 0
3810 419.74 57.58 0
3811 419.66 56.59 0
3812 419.57 55.59 0
3813 419.49 54.59 0
3814 419.40 53.60 0
3815 421.90 59.41 0
3816 421.81 58.41 0
3817 421.73 57.42 0
3818 421.65 56.42 0
3819 421.57 55.42 0
3820 421.49 54.43 0
3821 421.41 53.43 0
3822 423.88 59.25 0
3823 423.80 58.26 0
3824 423.72 57.26 0
3825 423.65 56.26 0
3826 423.57 55.27 0
3827 423.49 54.27 0
3828 423.41 53.27 0
3829 425.85 59.11 0
3830 425.78 58.11 0
3831 425.71 57.11 0
3832 425.64 56.11 0
3833 425.57 55.12 0
3834 425.50 54.12 0
3835 425.43 53.12 0
3836 427.84 58.97 0
3837 427.77 57.97 0
3838 427.70 56.97 0
3839 427.63 55.98 1
3840 427.57 54.98 0
3841 427.50 53.98 0
3842 427.43 52.98 0
3843 429.81 58.84 0
3844 429.75 57.84 0
3845 429.69 56.85 0
3846 429.63 55.85 0
3847 429.57 54.85 0
3848 429.51 53.85 0
3849 429.45 52.85 0
3850 431.80 58.72 0
3851 431.74 57.73 0
3852 431.68 56.73 1
3853 431.63 55.73 0
3854 431.57 54.73 0
3855 431.51 53.73 0
3856 431.45 52.73 0
3857 433.79 58.61 0
3858 433.73 57.61 0
3859 433.68 56.62 0
3860 433.62 55.62 0
3861 433.57 54.62 0
3862 433.51 53.62 0
3863 433.46 52.62 0
3864 435.77 58.51 0
3865 435.72 57.51 0
3866 435.67 56.51 0
3867 435.62 55.52 0
3868 435.57 54.52 0
3869 435.52 53.52 0
3870 435.48 52.52 0
3871 437.76 58.42 0
3872 437.71 57.42 0
3873 437.66 56.42 0
3874 437.62 55.42 0
3875 437.57 54.42 0
3876 437.53 53.42 0
3877 437.48 52.42 0
3878 439.74 58.33 0
3879 439.70 57.33 0
3880 439.66 56.33 0
3881 439.62 55.33 0
3882 439.58 54.33 0
3883 439.54 53.34 0
3884 439.50 52.34 0
3885 441.73 58.25 0
3886 441.69 57.25 0
3887 441.65 56.26 0
3888 441.61 55.26 0
3889 441.58 54.26 0
3890 441.54 53.26 0
3891 441.50 52.26 0
3892 443.72 58.18 0
3893 443.68 57.18 0
3894 443.65 56.18 1
3895 443.61 55.18 0
3896 443.58 54.19 0
3897 443.54 53.19 0
3898 443.51 52.19 0
3899 445.70 58.12 0
3900 445.67 57.12 0
3901 445.64 56.12 0
3902 445.61 55.12 0
3903 445.58 54.12 0
3904 445.55 53.12 0
3905 445.52 52.12 0
3906 447.69 58.06 0
3907 447.66 57.06 0
3908 447.64 56.06 0
3909 447.61 55.06 0
3910 447.58 54.07 0
3911 447.56 53.07 0
3912 447.53 52.07 0
3913 449.68 58.01 0
3914 449.66 57.01 0
3915 449.63 56.01 0
3916 449.61 55.02 0
3917 449.59 54.02 0
3918 449.56 53.02 0
3919 449.54 52.02 1
3920 451.67 57.97 0
3921 451.65 56.97 0
3922 451.63 55.97 0
3923 451.61 54.97 0
3924 451.59 53.97 0
3925 451.57 52.97 0
3926 451.55 51.97 0
3927 453.66 57.94 0
3928 453.64 56.94 0
3929 453.63 55.94 0
3930 453.61 54.94 0
3931 453.59 53.94 0
3932 453.58 52.94 0
3933 453.56 51.94 0
3934 455.65 57.91 0
3935 455.63 56.91 0
3936 455.62 55.91 0
3937 455.61 54.91 0
3938 455.60 53.91 0
3939 455.59 52.91 0
3940 455.57 51.91 0
3941 457.64 57.89 0
3942 457.63 56.89 0
3943 457.62 55.89 0
3944 457.61 54.89 0
3945 457.60 53.89 0
3946 457.59 52.89 0
3947 457.58 51.89 0
3948 459.63 57.87 0
3949 459.62 56.87 0
3950 459.62 55.87 0
3951 459.61 54.87 0
3952 459.60 53.87 1
3953 459.59 52.87 0
3954 459.59 51.87 0
3955 461.62 57.86 0
3956 461.61 56.86 0
3957 461.61 55.86 0
3958 461.61 54.86 0
3959 461.61 53.86 0
3960 461.60 52.86 0
3961 461.60 51.86 0
3962 463.61 57.86 0
3963 463.61 56.86 0
3964 463.61 55.86 0
3965 463.61 54.86 0
3966 463.61 53.86 0
3967 463.61 52.86 0
3968 463.61 51.86 0
3969 465.60 57.86 0
3970 465.61 56.86 0
3971 465.61 55.86 0
3972 465.61 54.86 0
3973 465.61 53.86 0
3974 465.61 52.86 0
3975 465.61 51.86 1
3976 467.59 57.87 0
3977 467.60 56.87 0
3978 467.60 55.87 0
3979 467.61 54.87 0
3980 467.61 53.87 0
3981 467.62 52.87 0
3982 467.63 51.87 0
3983 469.58 57.88 0
3984 469.59 56.88 0
3985 469.60 55.88 0
3986 469.61 54.88 0
3987 469.62 53.88 0
3988 469.62 52.88 0
3989 469.63 51.88 0
3990 471.57 57.90 0
3991 471.58 56.90 0
3992 471.60 55.90 0
3993 471.61 54.90 0
3994 471.62 53.90 0
3995 471.63 52.90 0
3996 471.64 51.90 0
3997 473.56 57.93 0
3998 473.58 56.93 0
3999 473.59 55.93 0
4000 473.61 54.93 0
4001 473.62 53.93 0
4002 473.64 52.93 0
4003 473.65 51.93 0
4004 475.55 57.96 0
4005 475.57 56.96 1
4006 475.59 55.96 0
4007 475.61 54.96 0
4008 475.63 53.96 0
4009 475.64 52.96 0
4010 475.66 51.96 0
4011 477.55 58.00 0
4012 477.57 57.00 0
4013 477.59 56.00 0
4014 477.61 55.00 0
4015 477.63 54.00 0
4016 477.65 53.00 0
4017 477.67 52.00 0
4018 479.54 58.04 0
4019 479.56 57.04 0
4020 479.58 56.04 0
4021 479.61 55.04 0
4022 479.63 54.04 0
4023 479.65 53.04 0
4024 479.67 52.04 0
4025 481.54 58.08 0
4026 481.56 57.08 0
4027 481.58 56.08 0
4028 481.61 55.08 0
4029 481.63 54.09 0
4030 481.65 53.09 0
4031 481.67 52.09 0
4032 483.53 58.13 0
4033 483.56 57.13 0
4034 483.58 56.13 0
4035 483.60 55.13 0
4036 483.63 54.13 0
4037 483.65 53.13 0
4038 483.68 52.13 0
4039 485.53 58.18 0
4040 485.55 57.18 0
4041 485.58 56.18 0
4042 485.60 55.18 0
4043 485.63 54.18 0
4044 485.66 53.18 0
4045 485.68 52.18 0
4046 487.52 58.23 1
4047 487.55 57.23 0
4048 487.58 56.23 0
4049 487.60 55.23 0
4050 487.63 54.23 0
4051 487.66 53.23 0
4052 487.68 52.23 0
4053 489.51 58.29 0
4054 489.54 57.29 0
4055 489.57 56.29 0
4056 489.60 55.29 0
4057 489.63 54.29 0
4058 489.66 53.29 0
4059 489.69 52.29 0
4060 491.51 58.35 0
4061 491.54 57.35 0
4062 491.57 56.35 0
4063 491.60 55.35 0
4064 491.63 54.35 0
4065 491.66 53.35 0
4066 491.69 52.35 0
4067 493.50 58.41 0
4068 493.54 57.41 0
4069 493.57 56.41 0
4070 493.60 55.41 0
4071 493.63 54.41 1
4072 493.67 53.41 0
4073 493.70 52.41 0
4074 495.49 58.48 0
4075 495.53 57.48 0
4076 495.56 56.48 0
4077 495.60 55.48 0
4078 495.63 54.48 0
4079 495.67 53.48 0
4080 495.71 52.48 0
4081 497.48 58.55 0
4082 497.52 57.55 0
4083 497.56 56.55 0
4084 497.60 55.55 0
4085 497.64 54.55 0
4086 497.67 53.56 0
4087 497.71 52.56 0
4088 499.47 58.63 0
4089 499.51 57.63 0
4090 499.55 56.63 1
4091 499.60 55.63 0
4092 499.64 54.63 0
4093 499.68 53.63 0
4094 499.72 52.64 0
4095 501.46 58.72 0
4096 501.51 57.72 0
4097 501.55 56.72 0
4098 501.59 55.72 0
4099 501.64 54.72 0
4100 501.68 53.72 0
4101 501.73 52.72 0
4102 503.45 58.81 0
4103 503.49 57.81 0
4104 503.54 56.81 0
4105 503.59 55.81 0
4106 503.64 54.81 0
4107 503.69 53.81 0
4108 503.74 52.81 0
4109 505.44 58.90 0
4110 505.49 57.91 0
4111 505.54 56.91 0
4112 505.59 55.91 0
4113 505.64 54.91 0
4114 505.69 53.91 0
4115 505.74 52.91 0
4116 507.43 59.01 0
4117 507.48 58.01 0
4118 507.53 57.01 0
4119 507.59 56.01 0
4120 507.64 55.02 0
4121 507.69 54.02 0
4122 507.75 53.02 0
4123 509.41 59.12 0
4124 509.46 58.12 0
4125 509.52 57.13 0
4126 509.58 56.13 0
4127 509.64 55.13 0
4128 509.70 54.13 0
4129 509.76 53.13 0
4130 511.39 59.24 0
4131 511.45 58.25 0
4132 511.52 57.25 0
4133 511.58 56.25 0
4134 511.64 55.25 0
4135 511.70 54.25 0
4136 511.77 53.25 0
4137 513.37 59.37 0
4138 513.44 58.37 0
4139 513.51 57.38 0
4140 513.57 56.38 0
4141 513.64 55.38 0
4142 513.71 54.38 0
4143 513.78 53.39 0
4144 515.36 59.51 0
4145 515.43 58.51 0
4146 515.50 57.52 0
4147 515.57 56.52 0
4148 515.64 55.52 1
4149 515.71 54.52 0
4150 515.78 53.53 0
4151 517.33 59.66 0
4152 517.41 58.66 0
4153 517.49 57.66 0
4154 517.56 56.67 0
4155 517.64 55.67 0
4156 517.72 54.67 0
4157 517.80 53.68 0
4158 519.31 59.82 0
4159 519.39 58.82 0
4160 519.48 57.82 0
4161 519.56 56.83 0
4162 519.64 55.83 0
4163 519.72 54.83 0
4164 519.80 53.84 0
4165 521.29 59.98 0
4166 521.38 58.99 0
4167 521.46 57.99 0
4168 521.55 56.99 0
4169 521.64 56.00 0
4170 521.72 55.00 0
4171 521.81 54.01 0
4172 523.26 60.16 0
4173 523.36 59.17 0
4174 523.45 58.17 0
4175 523.54 57.18 0
4176 523.64 56.18 0
4177 523.73 55.18 0
4178 523.82 54.19 0
4179 525.24 60.35 0
4180 525.34 59.36 0
4181 525.44 58.36 0
4182 525.53 57.37 0
4183 525.63 56.37 0
4184 525.73 55.38 0
4185 525.82 54.38 0
4186 527.21 60.55 0
4187 527.31 59.56 0
4188 527.42 58.56 0
4189 527.52 57.57 0
4190 527.63 56.57 1
4191 527.73 55.58 0
4192 527.84 54.58 0
4193 529.18 60.76 1
4194 529.29 59.77 0
4195 529.40 58.78 0
4196 529.51 57.78 0
4197 529.62 56.79 0
4198 529.73 55.79 0
4199 529.84 54.80 0
4200 531.14 60.99 0
4201 531.26 59.99 0
4202 531.38 59.00 0
4203 531.50 58.01 0
4204 531.62 57.02 0
4205 531.73 56.02 0
4206 531.85 55.03 0
4207 533.11 61.23 0
4208 533.24 60.23 0
4209 533.36 59.24 0
4210 533.48 58.25 0
4211 533.61 57.26 0
4212 533.73 56.26 0
4213 533.85 55.27 0
4214 535.08 61.48 0
4215 535.21 60.48 0
4216 535.34 59.49 0
4217 535.47 58.50 0
4218 535.59 57.51 0
4219 535.72 56.52 0
4220 535.85 55.52 0
4221 537.04 61.74 0
4222 537.18 60.75 0
4223 537.31 59.76 0
4224 537.45 58.77 0
4225 537.59 57.78 0
4226 537.72 56.79 0
4227 537.86 55.79 0
4228 539.00 62.02 0
4229 539.15 61.03 0
4230 539.29 60.04 0
4231 539.43 59.05 0
4232 539.57 58.06 0
4233 539.71 57.07 0
4234 539.86 56.08 0
4235 540.95 62.30 0
4236 541.10 61.32 0
4237 541.26 60.33 0
4238 541.41 59.34 0
4239 541.56 58.35 0
4240 541.71 57.36 0
4241 541.86 56.37 0
4242 542.91 62.61 0
4243 543.07 61.62 0
4244 543.23 60.64 0
4245 543.38 59.65 0
4246 543.54 58.66 0
4247 543.70 57.67 0
4248 543.86 56.69 0
4249 544.85 62.93 0
4250 545.02 61.94 0
4251 545.19 60.96 0
4252 545.36 59.97 0
4253 545.53 58.98 0
4254 545.69 58.00 0
4255 545.86 57.01 1
4256 546.81 63.26 0
4257 546.98 62.28 0
4258 547.15 61.29 0
4259 547.33 60.31 0
4260 547.50 59.33 0
4261 547.68 58.34 0
4262 547.85 57.36 0
4263 548.76 63.62 0
4264 548.94 62.63 0
4265 549.12 61.65 0
4266 549.30 60.66 0
4267 549.48 59.68 0
4268 549.65 58.70 0
4269 549.83 57.71 0
4270 550.69 63.98 0
4271 550.88 63.00 0
4272 551.07 62.02 0
4273 551.26 61.03 0
4274 551.45 60.05 0
4275 551.64 59.07 0
4276 551.83 58.09 0
4277 552.64 64.36 0
4278 552.83 63.38 0
4279 553.03 62.40 0
4280 553.22 61.42 0
4281 553.42 60.44 0
4282 553.62 59.46 0
4283 553.81 58.48 0
4284 554.56 64.76 0
4285 554.77 63.78 0
4286 554.97 62.80 0
4287 555.18 61.82 0
4288 555.39 60.84 0
4289 555.60 59.87 0
4290 555.81 58.89 0
4291 556.50 65.17 0
4292 556.71 64.20 0
4293 556.92 63.22 0
4294 557.14 62.24 0
4295 557.35 61.27 0
4296 557.57 60.29 0
4297 557.78 59.31 0
4298 558.43 65.60 0
4299 558.65 64.63 0
4300 558.87 63.65 0
4301 559.09 62.68 0
4302 559.31 61.70 0
4303 559.53 60.73 0
4304 559.75 59.75 0
4305 560.34 66.05 0
4306 560.57 65.08 0
4307 560.80 64.10 0
4308 561.04 63.13 0
4309 561.27 62.16 0
4310 561.50 61.19 0
4311 561.74 60.21 0
4312 562.27 66.52 1
4313 562.51 65.54 0
4314 562.74 64.57 0
4315 562.98 63.60 0
4316 563.22 62.63 0
4317 563.46 61.66 0
4318 563.70 60.69 0
4319 564.18 66.99 0
4320 564.43 66.02 0
4321 564.68 65.05 0
4322 564.92 64.09 0
4323 565.17 63.12 0
4324 565.42 62.15 1
4325 565.66 61.18 0
4326 566.11 67.48 0
4327 566.36 66.52 0
4328 566.61 65.55 0
4329 566.86 64.58 0
4330 567.11 63.61 1
4331 567.36 62.64 0
4332 567.61 61.68 0
4333 568.03 67.99 0
4334 568.28 67.02 0
4335 568.54 66.05 0
4336 568.79 65.09 0
4337 569.05 64.12 0
4338 569.30 63.15 0
4339 569.56 62.19 0
4340 569.94 68.50 0
4341 570.20 67.53 0
4342 570.46 66.57 0
4343 570.73 65.60 0
4344 570.99 64.64 0
4345 571.25 63.68 0
4346 571.52 62.71 0
4347 571.85 69.03 0
4348 572.12 68.06 0
4349 572.39 67.10 0
4350 572.65 66.13 0
4351 572.92 65.17 0
4352 573.19 64.21 0
4353 573.46 63.24 0
4354 573.77 69.56 0
4355 574.04 68.60 0
4356 574.31 67.64 0
4357 574.58 66.67 0
4358 574.85 65.71 0
4359 575.12 64.75 0
4360 575.39 63.79 0
4361 575.66 70.11 0
4362 575.94 69.15 0
4363 576.22 68.19 0
4364 576.50 67.23 0
4365 576.78 66.27 0
4366 577.06 65.31 0
4367 577.34 64.35 0
4368 577.57 70.67 0
4369 577.85 69.71 0
4370 578.14 68.75 0
4371 578.42 67.79 0
4372 578.71 66.83 0
4373 578.99 65.87 0
4374 579.27 64.91 0
4375 579.47 71.23 0
4376 579.76 70.28 0
4377 580.05 69.32 0
4378 580.34 68.36 0
4379 580.63 67.40 0
4380 580.91 66.45 0
4381 581.20 65.49 0
4382 581.36 71.81 0
4383 581.66 70.86 0
4384 581.95 69.90 0
4385 582.25 68.95 0
4386 582.55 67.99 0
4387 582.84 67.03 0
4388 583.14 66.08 0
4389 583.26 72.40 0
4390 583.56 71.45 0
4391 583.86 70.49 0
4392 584.16 69.54 0
4393 584.46 68.59 0
4394 584.76 67.63 0
4395 585.06 66.68 0
4396 585.16 73.00 0
4397 585.46 72.05 0
4398 585.76 71.10 0
4399 586.07 70.14 0
4400 586.37 69.19 0
4401 586.67 68.24 0
4402 586.98 67.29 0
4403 587.03 73.61 0
4404 587.35 72.66 0
4405 587.66 71.71 0
4406 587.97 70.76 0
4407 588.28 69.81 0
4408 588.59 68.86 0
4409 588.90 67.91 0
4410 588.92 74.23 0
4411 589.24 73.29 0
4412 589.55 72.34 0
4413 589.87 71.39 0
4414 590.18 70.44 0
4415 590.50 69.49 0
4416 590.81 68.54 0
4417 590.80 74.87 0
4418 591.12 73.92 0
4419 591.44 72.97 0
4420 591.76 72.02 0
4421 592.08 71.08 0
4422 592.40 70.13 0
4423 592.72 69.18 0
4424 592.67 75.51 0
4425 593.00 74.56 0
4426 593.33 73.62 0
4427 593.66 72.67 0
4428 593.98 71.73 0
4429 594.31 70.78 0
4430 594.64 69.84 0
4431 594.55 76.16 0
4432 594.88 75.22 0
4433 595.21 74.27 0
4434 595.54 73.33 0
4435 595.88 72.39 0
4436 596.21 71.44 0
4437 596.54 70.50 0
4438 596.42 76.83 0
4439 596.76 75.88 0
4440 597.09 74.94 0
4441 597.43 74.00 0
4442 597.76 73.06 0
4443 598.10 72.11 0
4444 598.44 71.17 0
4445 598.28 77.50 0
4446 598.62 76.56 0
4447 598.97 75.62 0
4448 599.31 74.68 0
4449 599.65 73.74 0
4450 600.00 72.80 0
4451 600.34 71.86 0
4452 600.15 78.18 0
4453 600.49 77.24 0
4454 600.84 76.31 0
4455 601.19 75.37 0
4456 601.53 74.43 0
4457 601.88 73.49 0
4458 602.23 72.55 0
4459 602.01 78.88 0
4460 602.36 77.94 0
4461 602.71 77.00 0
4462 603.06 76.07 0
4463 603.41 75.13 0
4464 603.76 74.20 0
4465 604.11 73.26 0
4466 603.85 79.58 0
4467 604.21 78.64 0
4468 604.57 77.71 0
4469 604.93 76.78 0
4470 605.29 75.84 0
4471 605.65 74.91 0
4472 606.01 73.98 0
4473 605.71 80.29 0
4474 606.07 79.36 0
4475 606.43 78.43 0
4476 606.80 77.50 0
4477 607.16 76.57 0
4478 607.52 75.64 0
4479 607.88 74.70 0
4480 607.55 81.02 0
4481 607.92 80.09 0
4482 608.29 79.16 0
4483 608.66 78.23 1
4484 609.02 77.30 1
4485 609.39 76.37 0
4486 609.76 75.44 0
4487 609.39 81.75 0
4488 609.76 80.83 0
4489 610.14 79.90 0
4490 610.51 78.97 0
4491 610.89 78.05 0
4492 611.26 77.12 0
4493 611.64 76.19 0
4494 611.23 82.50 0
4495 611.61 81.58 0
4496 611.99 80.65 0
4497 612.37 79.73 0
4498 612.75 78.80 0
4499 613.13 77.87 0
4500 613.50 76.95 0
4501 613.07 83.26 0
4502 613.45 82.34 0
4503 613.83 81.41 0
4504 614.22 80.49 0
4505 614.60 79.56 0
4506 614.98 78.64 0
4507 615.37 77.72 0
4508 614.89 84.02 0
4509 615.28 83.10 0
4510 615.67 82.18 0
4511 616.06 81.26 0
4512 616.45 80.34 0
4513 616.84 79.42 0
4514 617.23 78.50 0
4515 616.71 84.80 0
4516 617.11 83.88 0
4517 617.50 82.97 0
4518 617.90 82.05 0
4519 618.29 81.13 0
4520 618.69 80.21 0
4521 619.09 79.29 0
4522 618.53 85.59 0
4523 618.93 84.68 0
4524 619.33 83.76 0
4525 619.73 82.84 0
4526 620.13 81.93 0
4527 620.53 81.01 0
4528 620.93 80.09 0
4529 620.35 86.39 0
4530 620.76 85.48 0
4531 621.16 84.56 0
4532 621.56 83.65 0
4533 621.97 82.73 0
4534 622.37 81.82 0
4535 622.78 80.90 0
4536 622.15 87.20 0
4537 622.56 86.29 0
4538 622.98 85.38 0
4539 623.39 84.47 0
4540 623.80 83.55 0
4541 624.21 82.64 0
4542 624.63 81.73 0
4543 623.96 88.02 0
4544 624.38 87.11 1
4545 624.79 86.20 0
4546 625.21 85.29 0
4547 625.63 84.38 0
4548 626.04 83.48 0
4549 626.46 82.57 0
4550 625.76 88.85 0
4551 626.18 87.95 0
4552 626.60 87.04 0
4553 627.03 86.13 0
4554 627.45 85.22 0
4555 627.87 84.32 0
4556 628.29 83.41 0
4557 627.55 89.69 0
4558 627.98 88.79 0
4559 628.41 87.89 0
4560 628.84 86.98 0
4561 629.26 86.08 0
4562 629.69 85.18 0
4563 630.12 84.27 0
4564 629.34 90.55 0
4565 629.77 89.65 0
4566 630.21 88.75 0
4567 630.64 87.84 0
4568 631.07 86.94 0
4569 631.51 86.04 0
4570 631.94 85.14 0
4571 631.13 91.41 0
4572 631.56 90.52 0
4573 632.00 89.62 0
4574 632.44 88.72 0
4575 632.88 87.82 0
4576 633.31 86.92 0
4577 633.75 86.02 0
4578 632.89 92.29 0
4579 633.34 91.39 0
4580 633.79 90.50 0
4581 634.23 89.60 0
4582 634.68 88.71 0
4583 635.13 87.81 0
4584 635.57 86.92 0
4585 634.67 93.18 0
4586 635.12 92.28 0
4587 635.57 91.39 0
4588 636.02 90.50 0
4589 636.47 89.61 0
4590 636.92 88.71 0
4591 637.37 87.82 0
4592 636.44 94.08 0
4593 636.89 93.19 0
4594 637.35 92.30 0
4595 637.80 91.41 0
4596 638.26 90.51 0
4597 638.71 89.62 0
4598 639.17 88.73 0
4599 638.19 94.98 0
4600 638.65 94.10 0
4601 639.11 93.21 0
4602 639.58 92.33 0
4603 640.04 91.44 0
4604 640.51 90.55 1
4605 640.97 89.67 0
4606 639.94 95.91 0
4607 640.41 95.02 0
4608 640.88 94.14 0
4609 641.35 93.26 0
4610 641.82 92.37 1
4611 642.29 91.49 0
4612 642.75 90.61 0
4613 641.69 96.84 0
4614 642.17 95.96 0
4615 642.64 95.08 0
4616 643.11 94.20 0
4617 643.58 93.32 0
4618 644.06 92.44 0
4619 644.53 91.56 0
4620 643.42 97.78 0
4621 643.90 96.91 0
4622 644.39 96.03 0
4623 644.87 95.16 0
4624 645.35 94.28 0
4625 645.83 93.40 0
4626 646.31 92.53 1
4627 645.15 98.74 0
4628 645.64 97.87 0
4629 646.13 97.00 0
4630 646.62 96.13 0
4631 647.10 95.25 0
4632 647.59 94.38 0
4633 648.08 93.51 0
4634 646.87 99.72 1
4635 647.37 98.85 0
4636 647.86 97.98 0
4637 648.36 97.11 0
4638 648.85 96.24 0
4639 649.35 95.37 0
4640 649.84 94.50 0
4641 648.57 100.70 0
4642 649.07 99.84 0
4643 649.58 98.98 0
4644 650.09 98.11 0
4645 650.59 97.25 0
4646 651.10 96.39 0
4647 651.61 95.53 0
4648 650.27 101.71 0
4649 650.78 100.85 0
4650 651.30 99.99 0
4651 651.81 99.13 0
4652 652.32 98.27 0
4653 652.83 97.42 0
4654 653.35 96.56 0
4655 651.97 102.73 0
4656 652.48 101.88 0
4657 653.00 101.02 0
4658 653.52 100.17 0
4659 654.04 99.31 0
4660 654.56 98.46 0
4661 655.08 97.60 0
4662 653.64 103.76 0
4663 654.16 102.91 0
4664 654.69 102.06 0
4665 655.22 101.22 0
4666 655.75 100.37 0
4667 656.28 99.52 0
4668 656.81 98.67 0
4669 655.31 104.82 0
4670 655.85 103.97 1
4671 656.38 103.12 0
4672 656.92 102.28 0
4673 657.45 101.43 0
4674 657.99 100.59 0
4675 658.52 99.74 0
4676 656.98 105.88 0
4677 657.52 105.04 0
4678 658.06 104.20 0
4679 658.60 103.36 0
4680 659.14 102.51 0
4681 659.68 101.67 0
4682 660.22 100.83 0
4683 658.63 106.95 0
4684 659.18 106.12 0
4685 659.73 105.28 0
4686 660.28 104.45 0
4687 660.83 103.61 0
4688 661.38 102.77 0
4689 661.93 101.94 0
4690 660.29 108.05 0
4691 660.84 107.21 0
4692 661.39 106.38 0
4693 661.95 105.55 0
4694 662.50 104.72 0
4695 663.06 103.88 0
4696 663.61 103.05 0
4697 661.93 109.15 0
4698 662.49 108.32 0
4699 663.05 107.49 0
4700 663.61 106.66 0
4701 664.17 105.83 0
4702 664.73 105.00 0
4703 665.28 104.17 0
4704 663.56 110.26 0
4705 664.13 109.44 0
4706 664.69 108.61 0
4707 665.26 107.79 0
4708 665.83 106.96 0
4709 666.40 106.14 0
4710 666.96 105.32 0
4711 665.19 111.39 0
4712 665.76 110.57 0
4713 666.34 109.75 1
4714 666.91 108.92 0
4715 667.48 108.10 0
4716 668.05 107.28 0
4717 668.62 106.46 0
4718 666.82 112.53 0
4719 667.40 111.71 0
4720 667.97 110.89 0
4721 668.54 110.07 0
4722 669.12 109.25 0
4723 669.69 108.44 0
4724 670.27 107.62 0
4725 668.43 113.67 0
4726 669.01 112.85 0
4727 669.59 112.04 0
4728 670.18 111.23 0
4729 670.76 110.42 0
4730 671.34 109.60 0
4731 671.92 108.79 0
4732 670.04 114.83 0
4733 670.63 114.02 0
4734 671.21 113.21 0
4735 671.80 112.40 0
4736 672.39 111.59 0
4737 672.97 110.78 0
4738 673.56 109.97 0
4739 671.65 115.99 0
4740 672.24 115.19 0
4741 672.83 114.38 0
4742 673.42 113.57 0
4743 674.01 112.76 0
4744 674.60 111.96 0
4745 675.19 111.15 0
4746 673.24 117.16 0
4747 673.84 116.36 0
4748 674.43 115.56 0
4749 675.03 114.76 0
4750 675.63 113.95 0
4751 676.22 113.15 1
4752 676.82 112.35 0
4753 674.84 118.35 0
4754 675.43 117.55 0
4755 676.03 116.75 0
4756 676.63 115.95 0
4757 677.23 115.15 0
4758 677.83 114.35 0
4759 678.43 113.55 0
4760 676.43 119.55 0
4761 677.03 118.75 0
4762 677.63 117.95 0
4763 678.23 117.15 0
4764 678.83 116.35 0
4765 679.44 115.56 0
4766 680.04 114.76 0
4767 678.01 120.75 0
4768 678.61 119.95 0
4769 679.22 119.16 0
4770 679.83 118.36 0
4771 680.43 117.56 0
4772 681.04 116.77 0
4773 681.64 115.97 0
4774 679.58 121.95 0
4775 680.19 121.16 0
4776 680.80 120.37 0
4777 681.41 119.58 0
4778 682.02 118.79 0
4779 682.63 117.99 0
4780 683.25 117.20 0
4781 681.15 123.17 0
4782 681.77 122.38 0
4783 682.38 121.59 0
4784 682.99 120.80 0
4785 683.61 120.01 0
4786 684.22 119.22 0
4787 684.83 118.43 0
4788 682.72 124.39 0
4789 683.34 123.61 0
4790 683.96 122.82 0
4791 684.57 122.03 0
4792 685.19 121.24 0
4793 685.80 120.46 0
4794 686.42 119.67 0
4795 684.28 125.62 0
4796 684.90 124.84 0
4797 685.52 124.05 0
4798 686.14 123.27 0
4799 686.76 122.48 0
4800 687.38 121.70 0
4801 688.01 120.92 0
4802 685.84 126.86 0
4803 686.46 126.07 0
4804 687.09 125.29 0
4805 687.71 124.51 0
4806 688.33 123.73 0
4807 688.96 122.95 0
4808 689.58 122.16 0
4809 687.40 128.10 0
4810 688.02 127.32 0
4811 688.65 126.54 0
4812 689.27 125.76 0
4813 689.90 124.98 0
4814 690.52 124.20 0
4815 691.15 123.42 0
4816 688.94 129.34 0
4817 689.57 128.57 0
4818 690.20 127.79 0
4819 690.83 127.01 0
4820 691.46 126.24 0
4821 692.09 125.46 0
4822 692.72 124.68 0
4823 690.49 130.60 0
4824 691.12 129.82 0
4825 691.75 129.05 0
4826 692.38 128.27 0
4827 693.01 127.50 0
4828 693.65 126.72 0
4829 694.28 125.94 0
4830 692.03 131.86 0
4831 692.67 131.08 0
4832 693.30 130.31 1
4833 693.93 129.54 0
4834 694.57 128.76 0
4835 695.20 127.99 0
4836 695.83 127.21 0
4837 693.57 133.12 0
4838 694.21 132.35 0
4839 694.84 131.58 0
4840 695.48 130.80 0
4841 696.12 130.03 1
4842 696.75 129.26 0
4843 697.39 128.49 0
4844 695.11 134.39 0
4845 695.75 133.62 0
4846 696.38 132.85 0
4847 697.02 132.08 0
4848 697.66 131.31 0
4849 698.30 130.54 0
4850 698.93 129.77 0
4851 696.64 135.66 0
4852 697.28 134.89 0
4853 697.92 134.12 0
4854 698.56 133.35 0
4855 699.20 132.59 0
4856 699.84 131.82 0
4857 700.48 131.05 0
4858 698.17 136.94 0
4859 698.81 136.17 0
4860 699.45 135.40 0
4861 700.10 134.64 0
4862 700.74 133.87 0
4863 701.38 133.10 0
4864 702.02 132.33 0
4865 699.70 138.22 0
4866 700.34 137.45 0
4867 700.99 136.69 0
4868 701.63 135.92 0
4869 702.27 135.15 0
4870 702.92 134.39 0
4871 703.56 133.62 0
4872 701.23 139.50 0
4873 701.87 138.74 0
4874 702.52 137.97 0
4875 703.16 137.21 1
4876 703.80 136.44 0
4877 704.45 135.68 0
4878 705.09 134.91 0
4879 702.75 140.79 0
4880 703.40 140.02 0
4881 704.04 139.26 0
4882 704.69 138.50 0
4883 705.33 137.73 0
4884 705.98 136.97 0
4885 706.63 136.21 0
4886 704.27 142.08 0
4887 704.92 141.31 0
4888 705.57 140.55 0
4889 706.21 139.79 0
4890 706.86 139.03 0
4891 707.51 138.26 0
4892 708.16 137.50 0
4893 705.79 143.37 0
4894 706.44 142.61 0
4895 707.09 141.85 0
4896 707.74 141.08 0
4897 708.39 140.32 0
4898 709.03 139.56 1
4899 709.68 138.80 0
4900 707.31 144.66 0
4901 707.96 143.90 0
4902 708.61 143.14 0
4903 709.26 142.38 0
4904 709.91 141.62 0
4905 710.56 140.86 0
4906 711.21 140.10 0
4907 708.83 145.96 1
4908 709.48 145.20 0
4909 710.13 144.44 0
4910 710.78 143.68 0
4911 711.43 142.92 0
4912 712.08 142.16 0
4913 712.73 141.40 0
4914 710.35 147.26 0
4915 711.00 146.50 0
4916 711.65 145.74 0
4917 712.30 144.98 0
4918 712.95 144.22 0
4919 713.60 143.46 0
4920 714.25 142.70 0
4921 711.87 148.56 0
4922 712.52 147.80 0
4923 713.17 147.04 0
4924 713.82 146.28 0
4925 714.47 145.52 0
4926 715.12 144.76 0
4927 715.77 144.00 0
4928 713.39 149.86 0
4929 714.04 149.10 0
4930 714.69 148.34 0
4931 715.34 147.58 1
4932 715.99 146.82 1
4933 716.64 146.06 0
4934 717.29 145.30 0
4935 714.90 151.16 0
4936 715.56 150.40 0
4937 716.21 149.64 0
4938 716.86 148.88 0
4939 717.51 148.12 0
4940 718.16 147.37 0
4941 718.81 146.61 1
4942 716.42 152.46 0
4943 717.07 151.70 0
4944 717.72 150.94 0
4945 718.37 150.19 0
4946 719.03 149.43 0
4947 719.68 148.67 0
4948 720.33 147.91 0
4949 717.91 153.76 1
4950 718.57 153.00 0
4951 719.23 152.25 0
4952 719.89 151.50 0
4953 720.54 150.74 0
4954 721.20 149.99 0
4955 721.86 149.23 0
4956 719.41 155.07 0
4957 720.07 154.32 0
4958 720.73 153.56 0
4959 721.39 152.81 0
4960 722.05 152.06 0
4961 722.71 151.31 0
4962 723.37 150.56 0
4963 720.90 156.38 0
4964 721.56 155.63 0
4965 722.23 154.88 0
4966 722.89 154.14 0
4967 723.55 153.39 0
4968 724.22 152.64 0
4969 724.88 151.90 0
4970 722.38 157.70 0
4971 723.05 156.96 0
4972 723.71 156.21 0
4973 724.38 155.47 0
4974 725.05 154.72 0
4975 725.72 153.98 0
4976 726.38 153.23 0
4977 723.85 159.03 1
4978 724.52 158.29 0
4979 725.19 157.55 0
4980 725.87 156.81 0
4981 726.54 156.07 0
4982 727.21 155.33 0
4983 727.88 154.59 0
4984 725.32 160.37 0
4985 726.00 159.63 0
4986 726.67 158.89 0
4987 727.35 158.16 0
4988 728.02 157.42 0
4989 728.69 156.68 0
4990 729.37 155.94 0
4991 726.78 161.71 0
4992 727.46 160.98 0
4993 728.14 160.24 0
4994 728.82 159.51 0
4995 729.50 158.78 0
4996 730.18 158.04 0
4997 730.86 157.31 0
4998 728.24 163.07 0
4999 728.92 162.33 0
5000 729.60 161.60 0
5001 730.28 160.87 0
5002 730.96 160.14 0
5003 731.65 159.41 0
5004 732.33 158.68 0
5005 729.68 164.42 0
5006 730.37 163.69 0
5007 731.05 162.97 0
5008 731.74 162.24 0
5009 732.43 161.51 0
5010 733.11 160.78 0
5011 733.80 160.06 0
5012 731.13 165.79 0
5013 731.82 165.06 0
5014 732.50 164.34 0
5015 733.19 163.61 0
5016 733.88 162.89 0
5017 734.57 162.16 1
5018 735.26 161.44 0
5019 732.56 167.16 0
5020 733.25 166.44 0
5021 733.95 165.72 1
5022 734.64 165.00 0
5023 735.33 164.27 0
5024 736.02 163.55 0
5025 736.72 162.83 0
5026 733.99 168.54 0
5027 734.68 167.82 0
5028 735.38 167.10 0
5029 736.08 166.38 0
5030 736.77 165.67 0
5031 737.47 164.95 0
5032 738.17 164.23 0
5033 735.41 169.93 0
5034 736.11 169.21 0
5035 736.81 168.50 0
5036 737.51 167.78 0
5037 738.21 167.06 0
5038 738.91 166.35 0
5039 739.61 165.63 0
5040 736.83 171.32 0
5041 737.53 170.60 0
5042 738.23 169.89 0
5043 738.94 169.18 0
5044 739.64 168.47 0
5045 740.34 167.76 0
5046 741.04 167.05 0
5047 738.24 172.72 0
5048 738.95 172.01 0
5049 739.65 171.30 0
5050 740.36 170.59 0
5051 741.06 169.88 0
5052 741.77 169.17 0
5053 742.47 168.46 0
5054 739.65 174.12 0
5055 740.36 173.41 0
5056 741.06 172.71 0
5057 741.77 172.00 0
5058 742.48 171.30 0
5059 743.19 170.59 0
5060 743.90 169.88 0
5061 741.05 175.53 0
5062 741.76 174.83 0
5063 742.47 174.12 0
5064 743.18 173.42 0
5065 743.89 172.72 0
5066 744.60 172.02 0
5067 745.32 171.31 0
5068 742.45 176.95 0
5069 743.16 176.25 0
5070 743.87 175.55 0
5071 744.59 174.85 0
5072 745.30 174.14 0
5073 746.01 173.44 0
5074 746.72 172.74 1
5075 743.84 178.37 0
5076 744.55 177.67 0
5077 745.27 176.97 0
5078 745.98 176.27 0
5079 746.70 175.58 0
5080 747.42 174.88 0
5081 748.13 174.18 0
5082 745.22 179.79 0
5083 745.94 179.10 0
5084 746.66 178.40 0
5085 747.38 177.71 0
5086 748.10 177.01 0
5087 748.82 176.32 0
5088 749.53 175.62 0
5089 746.61 181.23 0
5090 747.33 180.53 0
5091 748.05 179.84 0
5092 748.77 179.15 0
5093 749.49 178.45 0
5094 750.21 177.76 0
5095 750.93 177.06 0
5096 747.99 182.66 0
5097 748.71 181.97 0
5098 749.43 181.28 1
5099 750.15 180.59 0
5100 750.88 179.90 0
5101 751.60 179.21 0
5102 752.32 178.51 0
5103 749.36 184.11 0
5104 750.09 183.42 0
5105 750.81 182.73 0
5106 751.53 182.04 0
5107 752.26 181.34 0
5108 752.98 180.65 0
5109 753.71 179.96 0
5110 750.74 185.55 0
5111 751.46 184.86 0
5112 752.19 184.17 0
5113 752.91 183.48 0
5114 753.64 182.80 0
5115 754.36 182.11 0
5116 755.09 181.42 0
5117 752.10 187.00 0
5118 752.83 186.31 0
5119 753.56 185.62 0
5120 754.29 184.94 0
5121 755.01 184.25 0
5122 755.74 183.57 0
5123 756.47 182.88 0
5124 753.47 188.45 0
5125 754.20 187.76 0
5126 754.93 187.08 0
5127 755.66 186.39 0
5128 756.39 185.71 0
5129 757.11 185.02 0
5130 757.84 184.34 0
5131 754.84 189.90 0
5132 755.57 189.22 0
5133 756.30 188.54 0
5134 757.03 187.85 0
5135 757.76 187.17 0
5136 758.49 186.48 0
5137 759.22 185.80 0
5138 756.20 191.36 0
5139 756.93 190.68 0
5140 757.66 189.99 0
5141 758.39 189.31 0
5142 759.12 188.63 0
5143 759.86 187.95 0
5144 760.59 187.26 0
5145 757.56 192.82 0
5146 758.29 192.14 0
5147 759.03 191.46 0
5148 759.76 190.77 0
5149 760.49 190.09 0
5150 761.22 189.41 0
5151 761.95 188.73 0
5152 758.92 194.28 0
5153 759.66 193.60 0
5154 760.39 192.92 0
5155 761.12 192.24 0
5156 761.85 191.56 0
5157 762.58 190.88 0
5158 763.32 190.20 0
5159 760.28 195.74 0
5160 761.02 195.06 0
5161 761.75 194.38 0
5162 762.48 193.70 0
5163 763.21 193.02 0
5164 763.95 192.34 0
5165 764.68 191.66 1
5166 761.64 197.21 0
5167 762.37 196.53 0
5168 763.11 195.85 0
5169 763.84 195.17 0
5170 764.57 194.49 0
5171 765.31 193.81 0
5172 766.04 193.13 0
5173 763.00 198.67 0
5174 763.73 198.00 0
5175 764.47 197.32 0
5176 765.20 196.64 0
5177 765.93 195.96 0
5178 766.67 195.28 0
5179 767.40 194.60 0
5180 764.36 200.14 0
5181 765.09 199.46 0
5182 765.83 198.78 0
5183 766.56 198.10 0
5184 767.29 197.42 0
5185 768.03 196.74 0
5186 768.76 196.06 0
5187 765.72 201.61 0
5188 766.45 200.93 0
5189 767.19 200.25 0
5190 767.92 199.57 0
5191 768.65 198.89 0
5192 769.39 198.21 0
5193 770.12 197.53 0
5194 767.08 203.08 0
5195 767.81 202.40 0
5196 768.54 201.72 0
5197 769.28 201.04 0
5198 770.01 200.36 0
5199 770.75 199.68 0
5200 771.48 199.00 0
5201 768.44 204.54 0
5202 769.17 203.86 0
5203 769.90 203.18 0
5204 770.64 202.50 0
5205 771.37 201.82 0
5206 772.10 201.14 0
5207 772.84 200.46 0
5208 769.80 206.01 0
5209 770.53 205.33 0
5210 771.26 204.65 0
5211 772.00 203.97 0
5212 772.73 203.29 0
5213 773.46 202.61 0
5214 774.20 201.93 0
5215 771.16 207.48 0
5216 771.89 206.80 0
5217 772.63 206.12 0
5218 773.36 205.44 0
5219 774.09 204.75 0
5220 774.82 204.07 0
5221 775.56 203.39 0
5222 772.52 208.94 0
5223 773.26 208.26 0
5224 773.99 207.58 0
5225 774.72 206.90 0
5226 775.45 206.22 0
5227 776.19 205.54 0
5228 776.92 204.86 0
5229 773.88 210.41 0
5230 774.62 209.73 0
5231 775.35 209.05 0
5232 776.08 208.36 0
5233 776.81 207.68 0
5234 777.55 207.00 0
5235 778.28 206.32 0
5236 775.25 211.87 0
5237 775.98 211.19 0
5238 776.71 210.51 0
5239 777.44 209.83 0
5240 778.18 209.15 0
5241 778.91 208.47 1
5242 779.64 207.79 0
5243 776.61 213.34 0
5244 777.34 212.66 0
5245 778.07 211.98 0
5246 778.81 211.29 0
5247 779.54 210.61 0
5248 780.27 209.93 0
5249 781.00 209.25 1
5250 777.97 214.80 0
5251 778.70 214.12 0
5252 779.43 213.44 0
5253 780.17 212.76 0
5254 780.90 212.08 0
5255 781.63 211.40 0
5256 782.36 210.72 1
5257 779.33 216.27 0
5258 780.06 215.59 0
5259 780.79 214.91 0
5260 781.53 214.23 0
5261 782.26 213.55 0
5262 782.99 212.87 0
5263 783.73 212.19 0
5264 780.68 217.73 0
5265 781.42 217.05 0
5266 782.15 216.37 0
5267 782.88 215.69 0
5268 783.62 215.01 0
5269 784.35 214.33 0
5270 785.09 213.66 0
5271 782.04 219.20 0
5272 782.77 218.52 0
5273 783.51 217.84 0
5274 784.24 217.16 0
5275 784.98 216.48 0
5276 785.71 215.81 0
5277 786.45 215.13 0
5278 783.39 220.67 0
5279 784.13 219.99 0
5280 784.86 219.31 0
5281 785.60 218.63 0
5282 786.33 217.95 0
5283 787.07 217.28 0
5284 787.80 216.60 0
5285 784.74 222.13 0
5286 785.48 221.46 0
5287 786.22 220.78 0
5288 786.95 220.10 0
5289 787.69 219.43 0
5290 788.43 218.75 0
5291 789.16 218.07 0
5292 786.09 223.60 0
5293 786.83 222.93 0
5294 787.57 222.25 0
5295 788.31 221.58 0
5296 789.04 220.90 0
5297 789.78 220.23 0
5298 790.52 219.55 0
5299 787.44 225.07 0
5300 788.18 224.40 0
5301 788.92 223.73 0
5302 789.66 223.05 0
5303 790.39 222.38 0
5304 791.13 221.70 1
5305 791.87 221.03 0
5306 788.78 226.55 0
5307 789.52 225.88 0
5308 790.26 225.20 0
5309 791.00 224.53 0
5310 791.74 223.86 0
5311 792.48 223.18 0
5312 793.22 222.51 0
5313 790.12 228.02 0
5314 790.86 227.35 0
5315 791.61 226.68 0
5316 792.35 226.01 0
5317 793.09 225.34 0
5318 793.83 224.67 0
5319 794.57 224.00 0
5320 791.46 229.50 0
5321 792.20 228.83 0
5322 792.95 228.16 0
5323 793.69 227.49 0
5324 794.43 226.82 0
5325 795.17 226.15 0
5326 795.92 225.48 0
5327 792.79 230.98 0
5328 793.54 230.31 0
5329 794.28 229.65 0
5330 795.03 228.98 0
5331 795.77 228.31 0
5332 796.52 227.64 0
5333 797.26 226.98 0
5334 794.13 232.47 0
5335 794.87 231.80 0
5336 795.62 231.14 0
5337 796.36 230.47 0
5338 797.11 229.80 0
5339 797.85 229.14 0
5340 798.60 228.47 0
5341 795.45 233.96 0
5342 796.20 233.29 0
5343 796.95 232.63 0
5344 797.69 231.96 0
5345 798.44 231.30 0
5346 799.19 230.63 0
5347 799.93 229.97 0
5348 796.77 235.44 0
5349 797.52 234.78 0
5350 798.27 234.12 0
5351 799.02 233.46 0
5352 799.77 232.80 0
5353 800.52 232.13 0
5354 801.27 231.47 0
5355 798.09 236.94 0
5356 798.84 236.28 0
5357 799.59 235.62 0
5358 800.34 234.96 0
5359 801.09 234.30 0
5360 801.84 233.64 0
5361 802.59 232.97 0
5362 799.40 238.43 0
5363 800.15 237.78 0
5364 800.91 237.12 0
5365 801.66 236.46 0
5366 802.41 235.80 0
5367 803.17 235.15 0
5368 803.92 234.49 0
5369 800.71 239.94 0
5370 801.47 239.28 0
5371 802.22 238.62 0
5372 802.98 237.97 0
5373 803.73 237.31 0
5374 804.48 236.66 0
5375 805.24 236.00 0
5376 802.01 241.44 0
5377 802.77 240.79 0
5378 803.53 240.13 0
5379 804.28 239.48 0
5380 805.04 238.83 0
5381 805.80 238.18 0
5382 806.56 237.52 0
5383 803.31 242.95 0
5384 804.07 242.30 0
5385 804.83 241.65 0
5386 805.59 241.00 0
5387 806.35 240.35 0
5388 807.11 239.70 0
5389 807.87 239.04 1
5390 804.60 244.46 0
5391 805.36 243.81 0
5392 806.12 243.17 0
5393 806.89 242.52 0
5394 807.65 241.87 0
5395 808.41 241.22 0
5396 809.17 240.58 0
5397 805.89 245.98 0
5398 806.65 245.33 1
5399 807.41 244.69 1
5400 808.18 244.04 0
5401 808.94 243.40 0
5402 809.71 242.75 0
5403 810.47 242.11 0
5404 807.17 247.50 0
5405 807.93 246.86 0
5406 808.70 246.22 0
5407 809.47 245.57 0
5408 810.23 244.93 0
5409 811.00 244.29 0
5410 811.76 243.65 0
5411 808.44 249.03 0
5412 809.21 248.39 0
5413 809.98 247.75 0
5414 810.75 247.11 0
5415 811.52 246.47 0
5416 812.29 245.83 0
5417 813.06 245.19 0
5418 809.71 250.56 0
5419 810.48 249.92 0
5420 811.25 249.29 0
5421 812.02 248.65 0
5422 812.79 248.02 0
5423 813.56 247.38 0
5424 814.34 246.74 0
5425 810.96 252.09 0
5426 811.74 251.46 0
5427 812.51 250.83 0
5428 813.29 250.20 0
5429 814.06 249.57 0
5430 814.84 248.93 0
5431 815.61 248.30 0
5432 812.22 253.64 0
5433 813.00 253.01 0
5434 813.77 252.38 0
5435 814.55 251.75 1
5436 815.33 251.12 0
5437 816.10 250.49 0
5438 816.88 249.86 0
5439 813.46 255.18 0
5440 814.24 254.56 0
5441 815.02 253.93 0
5442 815.81 253.31 0
5443 816.59 252.68 0
5444 817.37 252.06 0
5445 818.15 251.43 0
5446 814.70 256.74 0
5447 815.49 256.12 0
5448 816.27 255.49 0
5449 817.05 254.87 0
5450 817.84 254.25 0
5451 818.62 253.63 0
5452 819.40 253.01 0
5453 815.94 258.30 0
5454 816.72 257.68 0
5455 817.51 257.06 0
5456 818.29 256.44 0
5457 819.08 255.82 0
5458 819.86 255.20 0
5459 820.65 254.58 0
5460 817.16 259.86 0
5461 817.94 259.24 0
5462 818.73 258.63 0
5463 819.52 258.02 0
5464 820.31 257.40 0
5465 821.10 256.79 0
5466 821.89 256.17 0
5467 818.37 261.43 0
5468 819.16 260.82 0
5469 819.96 260.21 0
5470 820.75 259.60 0
5471 821.54 258.99 0
5472 822.33 258.38 0
5473 823.12 257.76 0
5474 819.58 263.00 0
5475 820.37 262.40 0
5476 821.17 261.79 0
5477 821.96 261.18 0
5478 822.76 260.58 0
5479 823.56 259.97 0
5480 824.35 259.37 0
5481 820.78 264.59 0
5482 821.58 263.98 0
5483 822.37 263.38 0
5484 823.17 262.78 0
5485 823.97 262.18 0
5486 824.77 261.57 0
5487 825.57 260.97 0
5488 821.96 266.17 0
5489 822.77 265.57 0
5490 823.57 264.98 0
5491 824.37 264.38 0
5492 825.17 263.78 0
5493 825.98 263.19 0
5494 826.78 262.59 0
5495 823.15 267.77 0
5496 823.95 267.17 0
5497 824.76 266.58 0
5498 825.56 265.99 0
5499 826.37 265.39 0
5500 827.17 264.80 0
5501 827.98 264.21 0
5502 824.33 269.37 0
5503 825.13 268.78 0
5504 825.94 268.19 0
5505 826.75 267.60 0
5506 827.55 267.01 0
5507 828.36 266.41 0
5508 829.17 265.82 0
5509 825.50 270.98 0
5510 826.31 270.39 0
5511 827.12 269.80 0
5512 827.93 269.21 0
5513 828.73 268.63 0
5514 829.54 268.04 0
5515 830.35 267.45 0
5516 826.67 272.59 0
5517 827.48 272.00 0
5518 828.29 271.42 0
5519 829.10 270.83 0
5520 829.91 270.25 0
5521 830.72 269.66 0
5522 831.53 269.07 0
5523 827.83 274.21 0
5524 828.64 273.62 0
5525 829.46 273.04 0
5526 830.27 272.45 0
5527 831.08 271.87 0
5528 831.89 271.29 0
5529 832.70 270.70 0
5530 828.99 275.82 0
5531 829.80 275.24 0
5532 830.62 274.66 0
5533 831.43 274.08 0
5534 832.25 273.50 0
5535 833.06 272.92 0
5536 833.87 272.34 0
5537 830.14 277.45 0
5538 830.96 276.87 0
5539 831.77 276.29 0
5540 832.59 275.71 0
5541 833.41 275.13 0
5542 834.22 274.56 0
5543 835.04 273.98 0
5544 831.29 279.07 0
5545 832.11 278.49 0
5546 832.92 277.92 0
5547 833.74 277.35 0
5548 834.56 276.77 0
5549 835.38 276.20 0
5550 836.20 275.62 0
5551 832.43 280.70 0
5552 833.25 280.13 0
5553 834.07 279.56 0
5554 834.89 278.98 0
5555 835.71 278.41 0
5556 836.53 277.84 0
5557 837.35 277.27 0
5558 833.57 282.34 0
5559 834.39 281.77 0
5560 835.21 281.20 0
5561 836.03 280.62 0
5562 836.85 280.05 0
5563 837.68 279.48 0
5564 838.50 278.91 0
5565 834.70 283.97 0
5566 835.52 283.40 0
5567 836.35 282.84 0
5568 837.17 282.27 0
5569 838.00 281.70 0
5570 838.82 281.13 0
5571 839.64 280.57 0
5572 835.83 285.61 0
5573 836.65 285.05 0
5574 837.48 284.48 0
5575 838.30 283.92 0
5576 839.13 283.35 0
5577 839.95 282.79 0
5578 840.78 282.22 0
5579 836.95 287.26 0
5580 837.78 286.69 0
5581 838.61 286.13 0
5582 839.43 285.57 0
5583 840.26 285.00 0
5584 841.09 284.44 0
5585 841.91 283.88 0
5586 838.07 288.90 0
5587 838.90 288.34 0
5588 839.73 287.78 0
5589 840.56 287.22 1
5590 841.38 286.66 0
5591 842.21 286.10 0
5592 843.04 285.54 0
5593 839.18 290.55 0
5594 840.01 290.00 0
5595 840.84 289.44 0
5596 841.67 288.88 0
5597 842.50 288.32 0
5598 843.33 287.77 0
5599 844.16 287.21 0
5600 840.29 292.21 1
5601 841.12 291.65 0
5602 841.96 291.10 0
5603 842.79 290.54 0
5604 843.62 289.99 0
5605 844.45 289.43 0
5606 845.28 288.88 0
5607 841.39 293.86 0
5608 842.23 293.31 0
5609 843.06 292.76 0
5610 843.89 292.21 0
5611 844.73 291.66 0
5612 845.56 291.10 0
5613 846.40 290.55 0
5614 842.49 295.53 0
5615 843.33 294.98 0
5616 844.16 294.43 0
5617 845.00 293.88 0
5618 845.83 293.33 0
5619 846.67 292.78 0
5620 847.50 292.23 0
5621 843.59 297.19 0
5622 844.42 296.64 0
5623 845.26 296.10 1
5624 846.10 295.55 1
5625 846.93 295.00 0
5626 847.77 294.45 0
5627 848.60 293.90 0
5628 844.67 298.86 0
5629 845.51 298.31 0
5630 846.35 297.77 0
5631 847.19 297.22 0
5632 848.03 296.68 0
5633 848.87 296.13 0
5634 849.70 295.59 0
5635 845.76 300.53 0
5636 846.60 299.99 0
5637 847.44 299.44 0
5638 848.28 298.90 0
5639 849.12 298.36 0
5640 849.96 297.82 0
5641 850.80 297.27 0
5642 846.83 302.20 0
5643 847.68 301.66 1
5644 848.52 301.12 0
5645 849.36 300.58 0
5646 850.20 300.04 0
5647 851.04 299.50 0
5648 851.88 298.96 0
5649 847.90 303.88 0
5650 848.75 303.34 0
5651 849.59 302.80 0
5652 850.44 302.27 0
5653 851.28 301.73 0
5654 852.12 301.19 0
5655 852.97 300.66 0
5656 848.97 305.56 0
5657 849.82 305.02 0
5658 850.66 304.49 0
5659 851.51 303.96 0
5660 852.35 303.42 0
5661 853.20 302.89 0
5662 854.04 302.35 0
5663 850.04 307.24 0
5664 850.88 306.71 0
5665 851.73 306.18 0
5666 852.57 305.65 0
5667 853.42 305.11 0
5668 854.27 304.58 0
5669 855.11 304.05 0
5670 851.09 308.93 0
5671 851.94 308.40 0
5672 852.79 307.87 0
5673 853.64 307.34 0
5674 854.49 306.81 0
5675 855.33 306.28 0
5676 856.18 305.76 0
5677 852.14 310.62 0
5678 852.99 310.09 0
5679 853.84 309.57 0
5680 854.69 309.04 0
5681 855.54 308.51 0
5682 856.39 307.99 0
5683 857.24 307.46 0
5684 853.19 312.31 0
5685 854.04 311.79 0
5686 854.89 311.27 0
5687 855.74 310.74 0
5688 856.59 310.22 0
5689 857.45 309.69 0
5690 858.30 309.17 0
5691 854.23 314.01 0
5692 855.08 313.49 0
5693 855.94 312.97 0
5694 856.79 312.45 0
5695 857.64 311.92 0
5696 858.49 311.40 0
5697 859.35 310.88 0
5698 855.26 315.71 0
5699 856.12 315.19 0
5700 856.97 314.67 0
5701 857.83 314.15 0
5702 858.68 313.64 0
5703 859.54 313.12 0
5704 860.39 312.60 0
5705 856.29 317.41 0
5706 857.15 316.90 0
5707 858.01 316.38 0
5708 858.86 315.87 0
5709 859.72 315.35 0
5710 860.58 314.83 0
5711 861.43 314.32 0
5712 857.32 319.12 0
5713 858.18 318.61 0
5714 859.03 318.10 0
5715 859.89 317.58 0
5716 860.75 317.07 0
5717 861.61 316.55 0
5718 862.47 316.04 0
5719 858.33 320.83 0
5720 859.19 320.32 1
5721 860.05 319.81 0
5722 860.91 319.30 0
5723 861.77 318.79 0
5724 862.64 318.28 0
5725 863.50 317.77 0
5726 859.35 322.54 0
5727 860.21 322.04 0
5728 861.07 321.53 0
5729 861.93 321.02 0
5730 862.79 320.51 0
5731 863.65 320.01 0
5732 864.52 319.50 0
5733 860.35 324.26 0
5734 861.22 323.76 0
5735 862.08 323.25 0
5736 862.94 322.75 0
5737 863.81 322.24 0
5738 864.67 321.74 0
5739 865.53 321.23 0
5740 861.35 325.98 0
5741 862.22 325.48 0
5742 863.08 324.98 0
5743 863.95 324.48 0
5744 864.81 323.98 0
5745 865.68 323.48 0
5746 866.54 322.98 0
5747 862.34 327.70 0
5748 863.21 327.21 0
5749 864.08 326.71 0
5750 864.95 326.21 0
5751 865.81 325.71 0
5752 866.68 325.21 0
5753 867.55 324.71 0
5754 863.33 329.43 0
5755 864.20 328.94 0
5756 865.07 328.44 0
5757 865.94 327.95 0
5758 866.81 327.45 0
5759 867.68 326.95 0
5760 868.54 326.46 0
5761 864.31 331.16 0
5762 865.18 330.67 0
5763 866.05 330.18 0
5764 866.92 329.69 0
5765 867.80 329.19 0
5766 868.67 328.70 0
5767 869.54 328.21 0
5768 865.29 332.89 0
5769 866.16 332.41 0
5770 867.03 331.92 0
5771 867.90 331.43 0
5772 868.78 330.94 0
5773 869.65 330.45 0
5774 870.52 329.96 0
5775 866.25 334.63 0
5776 867.13 334.14 0
5777 868.00 333.66 0
5778 868.88 333.18 0
5779 869.75 332.69 0
5780 870.63 332.21 0
5781 871.50 331.72 0
5782 867.21 336.37 0
5783 868.09 335.89 0
5784 868.97 335.41 0
5785 869.84 334.93 0
5786 870.72 334.45 0
5787 871.60 333.96 0
5788 872.47 333.48 0
5789 868.17 338.12 0
5790 869.05 337.64 0
5791 869.92 337.16 0
5792 870.80 336.68 0
5793 871.68 336.20 0
5794 872.56 335.72 0
5795 873.44 335.25 0
5796 869.11 339.86 0
5797 869.99 339.39 0
5798 870.87 338.91 0
5799 871.76 338.44 0
5800 872.64 337.97 0
5801 873.52 337.49 0
5802 874.40 337.02 0
5803 870.05 341.61 0
5804 870.93 341.14 0
5805 871.82 340.67 0
5806 872.70 340.20 0
5807 873.58 339.73 0
5808 874.46 339.26 0
5809 875.35 338.79 0
5810 870.99 343.37 0
5811 871.87 342.91 0
5812 872.75 342.44 0
5813 873.64 341.97 0
5814 874.52 341.50 0
5815 875.40 341.03 0
5816 876.29 340.56 0
5817 871.91 345.13 0
5818 872.80 344.67 0
5819 873.68 344.20 0
5820 874.57 343.74 0
5821 875.46 343.27 0
5822 876.34 342.81 0
5823 877.23 342.34 0
5824 872.84 346.90 0
5825 873.73 346.44 0
5826 874.61 345.97 0
5827 875.50 345.51 0
5828 876.38 345.05 0
5829 877.27 344.58 0
5830 878.16 344.12 0
5831 873.76 348.66 0
5832 874.64 348.20 0
5833 875.53 347.74 0
5834 876.42 347.28 0
5835 877.31 346.82 0
5836 878.20 346.37 0
5837 879.09 345.91 0
5838 874.67 350.43 0
5839 875.56 349.98 0
5840 876.45 349.52 0
5841 877.34 349.06 0
5842 878.23 348.60 0
5843 879.12 348.15 0
5844 880.01 347.69 0
5845 875.58 352.21 0
5846 876.47 351.75 0
5847 877.36 351.30 1
5848 878.25 350.84 0
5849 879.14 350.39 0
5850 880.03 349.93 1
5851 880.92 349.47 0
5852 876.48 353.98 1
5853 877.37 353.53 0
5854 878.26 353.07 0
5855 879.16 352.62 0
5856 880.05 352.17 0
5857 880.94 351.72 0
5858 881.83 351.27 0
5859 877.38 355.76 0
5860 878.27 355.31 0
5861 879.16 354.86 0
5862 880.06 354.41 0
5863 880.95 353.96 0
5864 881.84 353.51 0
5865 882.74 353.06 0
5866 878.27 357.53 0
5867 879.16 357.09 0
5868 880.06 356.64 0
5869 880.95 356.20 1
5870 881.85 355.75 0
5871 882.74 355.31 0
5872 883.64 354.86 0
5873 879.15 359.32 0
5874 880.05 358.87 0
5875 880.94 358.43 0
5876 881.84 357.99 0
5877 882.74 357.55 0
5878 883.63 357.10 0
5879 884.53 356.66 0
5880 880.03 361.11 0
5881 880.93 360.66 0
5882 881.83 360.22 0
5883 882.72 359.78 0
5884 883.62 359.34 0
5885 884.52 358.90 0
5886 885.42 358.46 0
5887 880.90 362.89 0
5888 881.80 362.45 0
5889 882.70 362.02 0
5890 883.60 361.58 0
5891 884.50 361.15 0
5892 885.40 360.71 0
5893 886.30 360.27 0
5894 881.76 364.68 0
5895 882.67 364.25 0
5896 883.57 363.82 0
5897 884.47 363.38 0
5898 885.37 362.95 0
5899 886.27 362.52 0
5900 887.17 362.08 0
5901 882.62 366.47 0
5902 883.52 366.04 0
5903 884.43 365.62 0
5904 885.33 365.19 0
5905 886.23 364.76 0
5906 887.14 364.33 0
5907 888.04 363.90 0
5908 883.47 368.27 0
5909 884.38 367.85 0
5910 885.28 367.42 0
5911 886.19 366.99 0
5912 887.09 366.57 0
5913 888.00 366.14 0
5914 888.90 365.72 0
5915 884.32 370.08 0
5916 885.22 369.65 0
5917 886.13 369.23 0
5918 887.04 368.81 1
5919 887.94 368.38 0
5920 888.85 367.96 0
5921 889.75 367.53 0
5922 885.15 371.88 0
5923 886.06 371.46 0
5924 886.97 371.04 0
5925 887.88 370.62 0
5926 888.79 370.20 0
5927 889.69 369.78 0
5928 890.60 369.36 0
5929 885.98 373.68 0
5930 886.89 373.27 0
5931 887.80 372.85 0
5932 888.71 372.44 0
5933 889.62 372.02 0
5934 890.53 371.61 0
5935 891.44 371.19 0
5936 886.80 375.49 0
5937 887.71 375.08 0
5938 888.63 374.67 0
5939 889.54 374.26 0
5940 890.45 373.85 0
5941 891.36 373.44 0
5942 892.27 373.03 0
5943 887.62 377.31 0
5944 888.53 376.90 0
5945 889.44 376.49 0
5946 890.36 376.08 0
5947 891.27 375.68 0
5948 892.18 375.27 0
5949 893.10 374.86 0
5950 888.42 379.12 0
5951 889.34 378.72 0
5952 890.25 378.31 0
5953 891.17 377.91 0
5954 892.08 377.51 0
5955 893.00 377.11 0
5956 893.91 376.71 0
5957 889.22 380.94 0
5958 890.14 380.54 0
5959 891.05 380.14 0
5960 891.97 379.74 0
5961 892.89 379.34 0
5962 893.80 378.95 0
5963 894.72 378.55 0
5964 890.01 382.77 0
5965 890.93 382.37 0
5966 891.85 381.97 0
5967 892.76 381.58 0
5968 893.68 381.18 0
5969 894.60 380.79 0
5970 895.52 380.39 0
5971 890.79 384.59 0
5972 891.71 384.20 0
5973 892.63 383.81 0
5974 893.55 383.42 0
5975 894.47 383.03 0
5976 895.39 382.64 0
5977 896.31 382.25 0
5978 891.56 386.42 0
5979 892.48 386.03 0
5980 893.41 385.65 0
5981 894.33 385.26 0
5982 895.25 384.87 0
5983 896.17 384.49 0
5984 897.09 384.10 0
5985 892.32 388.25 0
5986 893.25 387.87 0
5987 894.17 387.49 0
5988 895.10 387.11 0
5989 896.02 386.73 0
5990 896.95 386.34 0
5991 897.87 385.96 0
5992 893.08 390.09 0
5993 894.00 389.71 0
5994 894.93 389.33 0
5995 895.86 388.96 0
5996 896.78 388.58 0
5997 897.71 388.20 0
5998 898.63 387.82 1
5999 893.83 391.93 0
6000 894.75 391.56 0
6001 895.68 391.18 0
6002 896.61 390.81 0
6003 897.53 390.44 0
6004 898.46 390.06 0
6005 899.39 389.69 0
6006 894.56 393.77 0
6007 895.49 393.40 0
6008 896.42 393.04 0
6009 897.35 392.67 0
6010 898.28 392.30 0
6011 899.21 391.93 0
6012 900.14 391.56 0
6013 895.29 395.62 0
6014 896.22 395.26 0
6015 897.15 394.89 0
6016 898.08 394.53 0
6017 899.01 394.16 0
6018 899.94 393.80 0
6019 900.87 393.43 0
6020 896.00 397.47 0
6021 896.93 397.11 0
6022 897.87 396.75 0
6023 898.80 396.39 0
6024 899.74 396.04 0
6025 900.67 395.68 0
6026 901.60 395.32 0
6027 896.71 399.33 0
6028 897.65 398.97 0
6029 898.58 398.62 0
6030 899.52 398.26 0
6031 900.45 397.91 0
6032 901.39 397.55 0
6033 902.32 397.20 0
6034 897.41 401.18 0
6035 898.34 400.83 0
6036 899.28 400.48 0
6037 900.22 400.13 0
6038 901.16 399.79 0
6039 902.09 399.44 0
6040 903.03 399.09 0
6041 898.09 403.04 0
6042 899.03 402.70 0
6043 899.97 402.35 0
6044 900.91 402.01 0
6045 901.85 401.67 0
6046 902.79 401.32 0
6047 903.73 400.98 0
6048 898.77 404.91 0
6049 899.71 404.57 0
6050 900.65 404.23 0
6051 901.59 403.89 0
6052 902.53 403.55 0
6053 903.47 403.21 0
6054 904.42 402.87 0
6055 899.44 406.77 0
6056 900.38 406.44 0
6057 901.32 406.11 0
6058 902.27 405.77 0
6059 903.21 405.44 0
6060 904.15 405.11 0
6061 905.09 404.77 0
6062 900.10 408.65 0
6063 901.04 408.32 0
6064 901.98 407.99 1
6065 902.93 407.66 0
6066 903.87 407.33 0
6067 904.82 407.00 0
6068 905.76 406.67 0
6069 900.74 410.52 0
6070 901.69 410.20 0
6071 902.63 409.87 0
6072 903.58 409.55 0
6073 904.53 409.23 0
6074 905.47 408.91 0
6075 906.42 408.58 0
6076 901.38 412.40 0
6077 902.33 412.08 0
6078 903.27 411.76 0
6079 904.22 411.45 0
6080 905.17 411.13 0
6081 906.12 410.81 0
6082 907.07 410.49 0
6083 902.00 414.28 0
6084 902.95 413.96 0
6085 903.90 413.65 0
6086 904.85 413.34 0
6087 905.80 413.03 0
6088 906.75 412.72 0
6089 907.70 412.41 0
6090 902.62 416.17 0
6091 903.57 415.86 0
6092 904.52 415.55 0
6093 905.47 415.24 0
6094 906.42 414.94 0
6095 907.37 414.63 0
6096 908.33 414.32 0
6097 903.22 418.06 0
6098 904.17 417.76 0
6099 905.13 417.45 0
6100 906.08 417.15 0
6101 907.03 416.85 0
6102 907.99 416.54 0
6103 908.94 416.24 0
6104 903.81 419.94 1
6105 904.76 419.65 0
6106 905.72 419.35 0
6107 906.68 419.06 0
6108 907.63 418.76 0
6109 908.59 418.47 0
6110 909.54 418.17 1
6111 904.39 421.85 0
6112 905.35 421.55 0
6113 906.31 421.26 0
6114 907.26 420.97 0
6115 908.22 420.68 0
6116 909.18 420.39 0
6117 910.13 420.10 0
6118 904.96 423.74 1
6119 905.92 423.45 0
6120 906.88 423.17 0
6121 907.84 422.89 0
6122 908.80 422.60 0
6123 909.76 422.32 0
6124 910.71 422.03 0
6125 905.52 425.65 0
6126 906.48 425.37 0
6127 907.44 425.08 1
6128 908.40 424.80 0
6129 909.36 424.52 0
6130 910.32 424.24 0
6131 911.28 423.96 0
6132 906.07 427.55 0
6133 907.04 427.27 0
6134 908.00 427.00 1
6135 908.96 426.72 0
6136 909.92 426.45 0
6137 910.88 426.18 0
6138 911.85 425.90 0
6139 906.62 429.46 0
6140 907.58 429.19 0
6141 908.54 428.92 0
6142 909.51 428.65 0
6143 910.47 428.38 0
6144 911.43 428.11 0
6145 912.39 427.84 0
6146 907.15 431.38 0
6147 908.11 431.11 0
6148 909.08 430.84 0
6149 910.04 430.58 0
6150 911.00 430.31 1
6151 911.97 430.04 0
6152 912.93 429.78 0
6153 907.67 433.28 0
6154 908.64 433.02 0
6155 909.60 432.76 0
6156 910.57 432.51 0
6157 911.53 432.25 0
6158 912.50 431.99 0
6159 913.46 431.73 0
6160 908.18 435.21 0
6161 909.15 434.95 0
6162 910.12 434.69 0
6163 911.08 434.44 0
6164 912.05 434.18 0
6165 913.02 433.93 0
6166 913.98 433.67 0
6167 908.68 437.12 0
6168 909.65 436.87 0
6169 910.62 436.62 0
6170 911.59 436.37 0
6171 912.56 436.12 0
6172 913.53 435.87 0
6173 914.49 435.62 0
6174 909.18 439.05 0
6175 910.15 438.80 0
6176 911.12 438.56 0
6177 912.09 438.31 0
6178 913.06 438.06 0
6179 914.02 437.82 0
6180 914.99 437.57 0
6181 909.66 440.98 0
6182 910.63 440.73 0
6183 911.60 440.49 0
6184 912.57 440.25 0
6185 913.54 440.01 0
6186 914.51 439.76 0
6187 915.48 439.52 1
6188 910.14 442.90 0
6189 911.11 442.66 1
6190 912.08 442.43 0
6191 913.05 442.19 0
6192 914.02 441.96 0
6193 914.99 441.72 0
6194 915.97 441.48 0
6195 910.60 444.83 0
6196 911.57 444.60 0
6197 912.55 444.37 0
6198 913.52 444.14 0
6199 914.49 443.90 0
6200 915.46 443.67 0
6201 916.44 443.44 0
6202 911.06 446.76 0
6203 912.03 446.53 0
6204 913.00 446.31 0
6205 913.98 446.08 0
6206 914.95 445.86 0
6207 915.93 445.63 0
6208 916.90 445.40 0
6209 911.50 448.70 0
6210 912.48 448.47 0
6211 913.45 448.25 0
6212 914.43 448.03 0
6213 915.40 447.81 0
6214 916.38 447.59 0
6215 917.35 447.36 0
6216 911.94 450.64 0
6217 912.92 450.42 0
6218 913.89 450.20 0
6219 914.87 449.98 0
6220 915.84 449.76 0
6221 916.82 449.54 0
6222 917.80 449.32 0
6223 912.37 452.57 0
6224 913.34 452.36 0
6225 914.32 452.15 0
6226 915.30 451.93 0
6227 916.28 451.72 0
6228 917.25 451.51 0
6229 918.23 451.30 1
6230 912.79 454.52 0
6231 913.77 454.31 0
6232 914.74 454.10 0
6233 915.72 453.89 0
6234 916.70 453.68 0
6235 917.68 453.47 1
6236 918.65 453.26 0
6237 913.20 456.46 0
6238 914.18 456.26 0
6239 915.16 456.05 0
6240 916.13 455.85 0
6241 917.11 455.64 0
6242 918.09 455.43 0
6243 919.07 455.23 0
6244 913.60 458.40 0
6245 914.58 458.20 0
6246 915.56 458.00 1
6247 916.54 457.80 0
6248 917.52 457.60 1
6249 918.50 457.41 0
6250 919.48 457.21 0
6251 913.99 460.35 0
6252 914.97 460.16 0
6253 915.95 459.96 0
6254 916.93 459.76 0
6255 917.91 459.57 0
6256 918.89 459.37 0
6257 919.87 459.18 0
6258 914.37 462.30 0
6259 915.35 462.11 0
6260 916.34 461.92 0
6261 917.32 461.73 0
6262 918.30 461.54 0
6263 919.28 461.35 0
6264 920.26 461.16 0
6265 914.75 464.25 0
6266 915.73 464.06 0
6267 916.71 463.88 0
6268 917.69 463.69 0
6269 918.68 463.50 0
6270 919.66 463.32 0
6271 920.64 463.13 1
6272 915.11 466.21 0
6273 916.10 466.02 0
6274 917.08 465.84 0
6275 918.06 465.66 0
6276 919.05 465.47 0
6277 920.03 465.29 0
6278 921.01 465.11 0
6279 915.47 468.15 0
6280 916.45 467.98 0
6281 917.44 467.80 0
6282 918.42 467.62 0
6283 919.41 467.45 0
6284 920.39 467.27 0
6285 921.37 467.09 0
6286 915.82 470.11 0
6287 916.80 469.94 0
6288 917.79 469.77 0
6289 918.77 469.59 0
6290 919.76 469.42 0
6291 920.74 469.25 0
6292 921.73 469.07 0
6293 916.16 472.07 0
6294 917.14 471.90 0
6295 918.13 471.73 0
6296 919.11 471.56 0
6297 920.10 471.40 1
6298 921.09 471.23 0
6299 922.07 471.06 0
6300 916.49 474.03 0
6301 917.47 473.86 0
6302 918.46 473.70 0
6303 919.45 473.54 0
6304 920.43 473.37 0
6305 921.42 473.21 0
6306 922.40 473.04 0
6307 916.81 475.99 0
6308 917.80 475.83 0
6309 918.78 475.67 0
6310 919.77 475.51 0
6311 920.76 475.35 0
6312 921.74 475.19 0
6313 922.73 475.03 0
6314 917.12 477.95 0
6315 918.11 477.79 0
6316 919.10 477.64 0
6317 920.08 477.48 0
6318 921.07 477.33 0
6319 922.06 477.18 0
6320 923.05 477.02 0
6321 917.42 479.92 0
6322 918.41 479.76 0
6323 919.40 479.61 0
6324 920.39 479.46 0
6325 921.38 479.31 0
6326 922.37 479.16 0
6327 923.35 479.01 0
6328 917.72 481.87 0
6329 918.71 481.73 0
6330 919.70 481.58 0
6331 920.69 481.44 0
6332 921.68 481.29 0
6333 922.67 481.15 1
6334 923.65 481.00 0
6335 918.00 483.84 0
6336 918.99 483.70 0
6337 919.98 483.56 0
6338 920.97 483.42 0
6339 921.96 483.28 0
6340 922.95 483.13 0
6341 923.94 482.99 0
6342 918.28 485.81 0
6343 919.27 485.68 0
6344 920.26 485.54 0
6345 921.25 485.40 0
6346 922.24 485.26 0
6347 923.23 485.12 0
6348 924.22 484.98 0
6349 918.55 487.78 0
6350 919.54 487.64 0
6351 920.53 487.51 0
6352 921.52 487.38 0
6353 922.51 487.25 0
6354 923.51 487.11 0
6355 924.50 486.98 0
6356 918.81 489.75 0
6357 919.80 489.62 0
6358 920.79 489.49 0
6359 921.79 489.36 0
6360 922.78 489.23 0
6361 923.77 489.10 0
6362 924.76 488.97 0
6363 919.06 491.72 0
6364 920.05 491.59 0
6365 921.05 491.47 0
6366 922.04 491.35 0
6367 923.03 491.22 0
6368 924.02 491.10 0
6369 925.02 490.98 0
6370 919.30 493.69 0
6371 920.30 493.57 0
6372 921.29 493.45 0
6373 922.28 493.33 0
6374 923.27 493.21 0
6375 924.27 493.09 0
6376 925.26 492.97 0
6377 919.54 495.66 0
6378 920.53 495.54 0
6379 921.52 495.43 0
6380 922.52 495.32 0
6381 923.51 495.20 0
6382 924.50 495.09 0
6383 925.50 494.98 1
6384 919.76 497.64 0
6385 920.76 497.52 0
6386 921.75 497.41 0
6387 922.74 497.30 0
6388 923.74 497.19 0
6389 924.73 497.08 0
6390 925.72 496.97 0
6391 919.98 499.61 0
6392 920.97 499.51 0
6393 921.97 499.40 0
6394 922.96 499.29 0
6395 923.95 499.18 0
6396 924.95 499.08 0
6397 925.94 498.97 0
6398 920.18 501.58 0
6399 921.18 501.48 0
6400 922.17 501.38 0
6401 923.17 501.28 0
6402 924.16 501.18 0
6403 925.16 501.08 0
6404 926.15 500.98 0
6405 920.38 503.56 0
6406 921.38 503.47 0
6407 922.37 503.37 0
6408 923.37 503.27 0
6409 924.36 503.17 0
6410 925.36 503.08 0
6411 926.35 502.98 0
6412 920.57 505.53 0
6413 921.56 505.44 0
6414 922.56 505.35 0
6415 923.56 505.26 0
6416 924.55 505.17 0
6417 925.55 505.08 0
6418 926.54 504.99 0
6419 920.74 507.51 0
6420 921.74 507.43 0
6421 922.74 507.34 0
6422 923.73 507.25 0
6423 924.73 507.17 0
6424 925.73 507.08 0
6425 926.72 506.99 0
6426 920.91 509.50 0
6427 921.91 509.41 0
6428 922.90 509.33 0
6429 923.90 509.25 0
6430 924.90 509.16 0
6431 925.89 509.08 0
6432 926.89 509.00 0
6433 921.07 511.47 0
6434 922.06 511.39 0
6435 923.06 511.32 1
6436 924.06 511.24 0
6437 925.05 511.16 0
6438 926.05 511.09 0
6439 927.05 511.01 0
6440 921.21 513.45 0
6441 922.21 513.38 0
6442 923.21 513.31 0
6443 924.20 513.23 0
6444 925.20 513.16 0
6445 926.20 513.09 0
6446 927.20 513.02 0
6447 921.35 515.42 0
6448 922.34 515.36 0
6449 923.34 515.29 0
6450 924.34 515.23 0
6451 925.34 515.17 0
6452 926.34 515.10 0
6453 927.33 515.04 0
6454 921.47 517.41 0
6455 922.47 517.35 0
6456 923.47 517.29 1
6457 924.47 517.23 0
6458 925.46 517.16 0
6459 926.46 517.10 0
6460 927.46 517.04 0
6461 921.59 519.38 0
6462 922.59 519.33 0
6463 923.58 519.28 0
6464 924.58 519.22 0
6465 925.58 519.17 0
6466 926.58 519.11 0
6467 927.58 519.06 0
6468 921.69 521.37 1
6469 922.69 521.32 0
6470 923.69 521.27 0
6471 924.69 521.22 0
6472 925.69 521.17 0
6473 926.69 521.12 0
6474 927.68 521.07 0
6475 921.79 523.36 0
6476 922.79 523.31 0
6477 923.79 523.26 0
6478 924.78 523.22 1
6479 925.78 523.17 0
6480 926.78 523.12 0
6481 927.78 523.08 0
6482 921.87 525.34 0
6483 922.87 525.30 0
6484 923.87 525.26 1
6485 924.87 525.22 0
6486 925.87 525.17 0
6487 926.87 525.13 0
6488 927.87 525.09 0
6489 921.95 527.32 1
6490 922.95 527.29 0
6491 923.95 527.25 0
6492 924.95 527.21 0
6493 925.95 527.18 0
6494 926.95 527.14 0
6495 927.94 527.10 0
6496 922.01 529.30 0
6497 923.01 529.27 0
6498 924.01 529.24 1
6499 925.01 529.21 0
6500 926.01 529.18 0
6501 927.01 529.15 0
6502 928.01 529.12 0
6503 922.07 531.29 0
6504 923.07 531.27 0
6505 924.07 531.24 0
6506 925.07 531.21 0
6507 926.07 531.18 0
6508 927.07 531.16 0
6509 928.07 531.13 0
6510 922.12 533.27 0
6511 923.12 533.25 0
6512 924.12 533.23 0
6513 925.12 533.21 0
6514 926.12 533.19 0
6515 927.12 533.17 0
6516 928.12 533.15 0
6517 922.16 535.26 0
6518 923.16 535.24 0
6519 924.16 535.23 0
6520 925.16 535.21 0
6521 926.16 535.19 0
6522 927.16 535.18 0
6523 928.16 535.16 0
6524 922.19 537.24 0
6525 923.19 537.23 0
6526 924.19 537.22 0
6527 925.19 537.21 0
6528 926.19 537.20 0
6529 927.19 537.19 0
6530 928.19 537.18 0
6531 922.20 539.23 0
6532 923.20 539.22 0
6533 924.20 539.22 0
6534 925.20 539.21 0
6535 926.20 539.20 1
6536 927.20 539.19 0
6537 928.20 539.19 0
6538 922.22 541.22 0
6539 923.22 541.22 0
6540 924.22 541.21 0
6541 925.22 541.21 0
6542 926.22 541.21 0
6543 927.22 541.20 0
6544 928.22 541.20 0
6545 922.22 543.20 0
6546 923.22 543.21 0
6547 924.22 543.21 0
6548 925.22 543.21 0
6549 926.22 543.21 0
6550 927.22 543.21 0
6551 928.22 543.22 0
6552 922.21 545.19 0
6553 923.21 545.20 0
6554 924.21 545.20 0
6555 925.21 545.21 0
6556 926.21 545.21 0
6557 927.21 545.22 0
6558 928.21 545.22 0
6559 922.19 547.18 0
6560 923.19 547.19 0
6561 924.19 547.20 0
6562 925.19 547.21 0
6563 926.19 547.22 0
6564 927.19 547.23 0
6565 928.19 547.24 0
6566 922.17 549.17 0
6567 923.17 549.18 0
6568 924.17 549.19 0
6569 925.17 549.21 0
6570 926.17 549.22 0
6571 927.17 549.24 0
6572 928.17 549.25 0
6573 922.14 551.15 0
6574 923.14 551.17 0
6575 924.14 551.19 0
6576 925.14 551.21 0
6577 926.14 551.23 0
6578 927.13 551.25 0
6579 928.13 551.27 0
6580 922.09 553.14 0
6581 923.09 553.16 0
6582 924.09 553.18 0
6583 925.09 553.21 0
6584 926.09 553.23 0
6585 927.09 553.25 0
6586 928.09 553.28 0
6587 922.04 555.13 0
6588 923.04 555.15 0
6589 924.04 555.18 0
6590 925.04 555.21 0
6591 926.04 555.23 0
6592 927.04 555.26 0
6593 928.04 555.29 0
6594 921.99 557.11 0
6595 922.98 557.14 0
6596 923.98 557.17 0
6597 924.98 557.21 1
6598 925.98 557.24 0
6599 926.98 557.27 0
6600 927.98 557.30 0
6601 921.92 559.10 0
6602 922.92 559.14 0
6603 923.92 559.17 0
6604 924.92 559.20 0
6605 925.92 559.24 0
6606 926.92 559.27 0
6607 927.91 559.31 0
6608 921.84 561.08 0
6609 922.84 561.12 0
6610 923.84 561.16 0
6611 924.84 561.20 0
6612 925.84 561.24 0
6613 926.84 561.28 0
6614 927.84 561.32 0
6615 921.76 563.07 0
6616 922.76 563.12 0
6617 923.76 563.16 0
6618 924.76 563.20 0
6619 925.76 563.24 0
6620 926.76 563.29 0
6621 927.76 563.33 0
6622 921.67 565.05 0
6623 922.67 565.10 0
6624 923.67 565.15 0
6625 924.67 565.20 0
6626 925.67 565.25 0
6627 926.67 565.30 0
6628 927.66 565.35 1
6629 921.57 567.04 0
6630 922.57 567.09 0
6631 923.57 567.15 0
6632 924.57 567.20 0
6633 925.57 567.25 0
6634 926.57 567.30 0
6635 927.56 567.35 0
6636 921.47 569.03 0
6637 922.47 569.09 0
6638 923.46 569.14 0
6639 924.46 569.19 0
6640 925.46 569.25 0
6641 926.46 569.30 0
6642 927.46 569.36 0
6643 921.35 571.01 0
6644 922.35 571.07 0
6645 923.35 571.13 0
6646 924.35 571.19 0
6647 925.35 571.25 0
6648 926.34 571.31 0
6649 927.34 571.37 0
6650 921.23 573.00 0
6651 922.23 573.06 0
6652 923.23 573.12 0
6653 924.23 573.19 0
6654 925.22 573.25 0
6655 926.22 573.31 0
6656 927.22 573.37 0
6657 921.10 574.98 0
6658 922.10 575.05 0
6659 923.10 575.12 0
6660 924.10 575.18 0
6661 925.09 575.25 0
6662 926.09 575.32 0
6663 927.09 575.38 1
6664 920.97 576.97 0
6665 921.97 577.04 0
6666 922.96 577.11 0
6667 923.96 577.18 0
6668 924.96 577.25 0
6669 925.96 577.32 1
6670 926.95 577.39 0
6671 920.83 578.95 0
6672 921.82 579.02 0
6673 922.82 579.10 0
6674 923.82 579.17 0
6675 924.81 579.25 0
6676 925.81 579.32 0
6677 926.81 579.40 0
6678 920.68 580.94 0
6679 921.67 581.01 0
6680 922.67 581.09 0
6681 923.67 581.17 0
6682 924.66 581.24 0
6683 925.66 581.32 0
6684 926.66 581.40 0
6685 920.52 582.92 0
6686 921.52 583.00 0
6687 922.51 583.08 0
6688 923.51 583.16 0
6689 924.51 583.24 0
6690 925.50 583.32 0
6691 926.50 583.40 0
6692 920.36 584.90 0
6693 921.35 584.98 0
6694 922.35 585.07 0
6695 923.34 585.15 0
6696 924.34 585.24 0
6697 925.34 585.32 0
6698 926.33 585.41 0
6699 920.18 586.88 0
6700 921.18 586.97 0
6701 922.18 587.06 0
6702 923.17 587.15 0
6703 924.17 587.23 1
6704 925.16 587.32 0
6705 926.16 587.41 0
6706 920.00 588.85 0
6707 921.00 588.95 0
6708 921.99 589.04 0
6709 922.99 589.14 0
6710 923.98 589.23 0
6711 924.98 589.33 0
6712 925.98 589.42 0
6713 919.81 590.83 0
6714 920.81 590.93 0
6715 921.80 591.03 0
6716 922.80 591.13 0
6717 923.79 591.23 0
6718 924.79 591.33 0
6719 925.78 591.42 0
6720 919.61 592.80 0
6721 920.60 592.90 0
6722 921.60 593.01 0
6723 922.59 593.12 0
6724 923.59 593.22 0
6725 924.58 593.33 0
6726 925.57 593.44 0
6727 919.39 594.78 0
6728 920.39 594.89 0
6729 921.38 595.00 0
6730 922.38 595.11 1
6731 923.37 595.21 0
6732 924.36 595.32 0
6733 925.36 595.43 0
6734 919.17 596.75 0
6735 920.17 596.87 0
6736 921.16 596.98 0
6737 922.15 597.09 0
6738 923.15 597.21 0
6739 924.14 597.32 0
6740 925.13 597.43 0
6741 918.94 598.72 0
6742 919.93 598.84 0
6743 920.92 598.96 0
6744 921.92 599.08 0
6745 922.91 599.20 0
6746 923.90 599.32 0
6747 924.90 599.44 0
6748 918.70 600.69 0
6749 919.69 600.82 0
6750 920.68 600.94 1
6751 921.67 601.06 0
6752 922.67 601.19 0
6753 923.66 601.31 0
6754 924.65 601.43 0
6755 918.45 602.66 0
6756 919.44 602.79 0
6757 920.43 602.92 0
6758 921.42 603.05 0
6759 922.41 603.18 0
6760 923.40 603.31 0
6761 924.40 603.44 0
6762 918.19 604.63 0
6763 919.18 604.76 0
6764 920.17 604.90 0
6765 921.16 605.03 0
6766 922.15 605.16 0
6767 923.14 605.30 0
6768 924.13 605.43 0
6769 917.92 606.60 0
6770 918.91 606.74 0
6771 919.90 606.88 0
6772 920.89 607.01 0
6773 921.88 607.15 0
6774 922.87 607.28 0
6775 923.86 607.42 0
6776 917.64 608.57 0
6777 918.63 608.71 0
6778 919.62 608.85 0
6779 920.61 608.99 0
6780 921.60 609.13 0
6781 922.59 609.28 0
6782 923.58 609.42 0
6783 917.36 610.54 0
6784 918.35 610.68 0
6785 919.34 610.83 0
6786 920.33 610.97 0
6787 921.31 611.12 1
6788 922.30 611.26 0
6789 923.29 611.41 0
6790 917.07 612.50 0
6791 918.05 612.65 0
6792 919.04 612.80 0
6793 920.03 612.95 0
6794 921.02 613.10 0
6795 922.01 613.25 0
6796 923.00 613.40 0
6797 916.76 614.47 0
6798 917.75 614.62 0
6799 918.74 614.77 0
6800 919.73 614.93 0
6801 920.72 615.08 0
6802 921.71 615.23 0
6803 922.69 615.39 0
6804 916.46 616.44 0
6805 917.44 616.59 0
6806 918.43 616.75 0
6807 919.42 616.90 0
6808 920.41 617.06 0
6809 921.40 617.21 0
6810 922.38 617.37 0
6811 916.14 618.39 0
6812 917.13 618.56 0
6813 918.12 618.72 0
6814 919.10 618.88 1
6815 920.09 619.04 0
6816 921.08 619.20 0
6817 922.06 619.36 0
6818 915.82 620.36 0
6819 916.81 620.52 0
6820 917.79 620.69 0
6821 918.78 620.85 0
6822 919.77 621.01 0
6823 920.75 621.18 0
6824 921.74 621.34 0
6825 915.49 622.33 0
6826 916.48 622.49 0
6827 917.46 622.66 0
6828 918.45 622.82 0
6829 919.44 622.99 0
6830 920.42 623.15 0
6831 921.41 623.32 0
6832 915.16 624.28 0
6833 916.14 624.45 0
6834 917.13 624.62 0
6835 918.11 624.79 0
6836 919.10 624.96 0
6837 920.08 625.14 0
6838 921.07 625.31 0
6839 914.82 626.25 0
6840 915.80 626.42 0
6841 916.79 626.59 0
6842 917.77 626.76 0
6843 918.76 626.94 0
6844 919.74 627.11 0
6845 920.73 627.28 0
6846 914.47 628.20 0
6847 915.45 628.38 0
6848 916.44 628.56 0
6849 917.42 628.73 0
6850 918.41 628.91 0
6851 919.39 629.09 0
6852 920.37 629.27 0
6853 914.11 630.16 0
6854 915.10 630.34 0
6855 916.08 630.52 0
6856 917.07 630.70 0
6857 918.05 630.88 0
6858 919.03 631.06 0
6859 920.02 631.24 0
6860 913.75 632.12 0
6861 914.74 632.31 0
6862 915.72 632.49 0
6863 916.70 632.67 0
6864 917.69 632.85 0
6865 918.67 633.03 0
6866 919.65 633.21 0
6867 913.39 634.08 0
6868 914.37 634.26 0
6869 915.35 634.45 0
6870 916.34 634.63 0
6871 917.32 634.82 0
6872 918.30 635.01 0
6873 919.28 635.19 0
6874 913.02 636.04 0
6875 914.00 636.22 0
6876 914.98 636.41 0
6877 915.96 636.60 0
6878 916.95 636.79 0
6879 917.93 636.97 0
6880 918.91 637.16 0
6881 912.64 637.99 0
6882 913.62 638.18 1
6883 914.60 638.37 0
6884 915.58 638.56 0
6885 916.57 638.75 0
6886 917.55 638.95 0
6887 918.53 639.14 0
6888 912.26 639.95 0
6889 913.24 640.14 0
6890 914.22 640.33 1
6891 915.20 640.53 0
6892 916.18 640.72 0
6893 917.16 640.91 0
6894 918.14 641.11 0
6895 911.87 641.90 0
6896 912.85 642.10 0
6897 913.83 642.29 0
6898 914.81 642.49 0
6899 915.79 642.68 0
6900 916.77 642.88 0
6901 917.75 643.07 0
6902 911.48 643.85 0
6903 912.46 644.05 0
6904 913.44 644.25 0
6905 914.42 644.45 0
6906 915.40 644.65 0
6907 916.38 644.85 0
6908 917.36 645.04 0
6909 911.08 645.81 0
6910 912.06 646.01 0
6911 913.04 646.21 0
6912 914.02 646.41 0
6913 915.00 646.61 0
6914 915.98 646.81 0
6915 916.96 647.01 0
6916 910.68 647.75 0
6917 911.66 647.96 0
6918 912.64 648.16 0
6919 913.61 648.37 0
6920 914.59 648.57 0
6921 915.57 648.77 0
6922 916.55 648.98 0
6923 910.27 649.71 0
6924 911.25 649.91 0
6925 912.23 650.12 0
6926 913.21 650.32 0
6927 914.18 650.53 0
6928 915.16 650.73 0
6929 916.14 650.94 0
6930 909.86 651.66 0
6931 910.84 651.87 0
6932 911.81 652.07 0
6933 912.79 652.28 0
6934 913.77 652.49 0
6935 914.75 652.69 0
6936 915.73 652.90 0
6937 909.44 653.61 0
6938 910.42 653.82 0
6939 911.40 654.03 0
6940 912.38 654.24 0
6941 913.35 654.45 0
6942 914.33 654.66 0
6943 915.31 654.87 0
6944 909.02 655.56 0
6945 910.00 655.77 0
6946 910.98 655.98 0
6947 911.95 656.19 0
6948 912.93 656.40 0
6949 913.91 656.61 0
6950 914.89 656.83 0
6951 908.60 657.50 0
6952 909.57 657.72 0
6953 910.55 657.93 0
6954 911.53 658.15 0
6955 912.50 658.36 0
6956 913.48 658.57 0
6957 914.46 658.79 0
6958 908.17 659.45 0
6959 909.15 659.67 0
6960 910.12 659.88 0
6961 911.10 660.10 0
6962 912.07 660.31 0
6963 913.05 660.53 0
6964 914.03 660.75 0
6965 907.74 661.40 0
6966 908.71 661.61 0
6967 909.69 661.83 0
6968 910.66 662.05 0
6969 911.64 662.27 0
6970 912.62 662.49 0
6971 913.59 662.71 0
6972 907.30 663.34 0
6973 908.28 663.56 0
6974 909.25 663.78 0
6975 910.23 664.00 0
6976 911.20 664.22 0
6977 912.18 664.44 0
6978 913.15 664.66 0
6979 906.86 665.29 0
6980 907.84 665.51 0
6981 908.81 665.73 0
6982 909.79 665.95 0
6983 910.76 666.17 1
6984 911.74 666.40 0
6985 912.71 666.62 0
6986 906.42 667.23 0
6987 907.39 667.46 0
6988 908.37 667.68 0
6989 909.34 667.90 0
6990 910.32 668.13 0
6991 911.29 668.35 1
6992 912.26 668.57 0
6993 905.97 669.18 0
6994 906.94 669.40 0
6995 907.92 669.63 0
6996 908.89 669.85 0
6997 909.87 670.08 0
6998 910.84 670.30 0
6999 911.82 670.53 1
7000 905.52 671.12 0
7001 906.49 671.35 0
7002 907.47 671.57 0
7003 908.44 671.80 0
7004 909.42 672.03 0
7005 910.39 672.25 0
7006 911.36 672.48 0
7007 905.07 673.06 0
7008 906.04 673.29 0
7009 907.01 673.52 0
7010 907.99 673.75 0
7011 908.96 673.98 0
7012 909.93 674.20 0
7013 910.91 674.43 0
7014 904.61 675.01 0
7015 905.58 675.24 0
7016 906.56 675.46 0
7017 907.53 675.69 0
7018 908.50 675.92 0
7019 909.48 676.15 0
7020 910.45 676.38 0
7021 904.15 676.95 0
7022 905.12 677.18 0
7023 906.10 677.41 0
7024 907.07 677.64 0
7025 908.04 677.87 0
7026 909.02 678.10 0
7027 909.99 678.34 0
7028 903.69 678.89 0
7029 904.66 679.12 0
7030 905.63 679.35 0
7031 906.61 679.59 0
7032 907.58 679.82 0
7033 908.55 680.05 0
7034 909.52 680.28 0
7035 903.22 680.82 0
7036 904.19 681.06 0
7037 905.17 681.29 0
7038 906.14 681.53 0
7039 907.11 681.77 0
7040 908.08 682.00 0
7041 909.05 682.24 0
7042 902.75 682.76 0
7043 903.72 683.00 0
7044 904.69 683.24 0
7045 905.66 683.47 0
7046 906.64 683.71 0
7047 907.61 683.95 0
7048 908.58 684.18 0
7049 902.27 684.69 0
7050 903.25 684.93 0
7051 904.22 685.17 0
7052 905.19 685.42 0
7053 906.16 685.66 0
7054 907.13 685.90 0
7055 908.10 686.14 0
7056 901.79 686.63 0
7057 902.76 686.87 0
7058 903.73 687.11 0
7059 904.70 687.36 0
7060 905.67 687.60 0
7061 906.65 687.84 0
7062 907.62 688.08 0
7063 901.31 688.56 0
7064 902.28 688.80 1
7065 903.25 689.05 0
7066 904.22 689.30 0
7067 905.19 689.54 0
7068 906.16 689.79 0
7069 907.12 690.03 0
7070 900.82 690.49 0
7071 901.79 690.73 0
7072 902.75 690.98 0
7073 903.72 691.23 0
7074 904.69 691.48 0
7075 905.66 691.73 0
7076 906.63 691.98 0
7077 900.32 692.42 0
7078 901.29 692.67 0
7079 902.25 692.92 0
7080 903.22 693.17 0
7081 904.19 693.42 0
7082 905.16 693.67 0
7083 906.13 693.92 0
7084 899.82 694.34 0
7085 900.78 694.59 0
7086 901.75 694.85 0
7087 902.72 695.10 0
7088 903.68 695.36 0
7089 904.65 695.62 0
7090 905.62 695.87 0
7091 899.30 696.26 0
7092 900.27 696.52 0
7093 901.24 696.78 0
7094 902.20 697.04 0
7095 903.17 697.29 0
7096 904.14 697.55 0
7097 905.10 697.81 1
7098 898.79 698.18 0
7099 899.75 698.44 0
7100 900.72 698.71 0
7101 901.68 698.97 0
7102 902.65 699.23 0
7103 903.61 699.49 0
7104 904.58 699.75 0
7105 898.26 700.10 0
7106 899.23 700.36 0
7107 900.19 700.63 0
7108 901.15 700.90 1
7109 902.12 701.16 0
7110 903.08 701.43 1
7111 904.04 701.70 0
7112 897.73 702.01 0
7113 898.69 702.28 0
7114 899.65 702.55 0
7115 900.62 702.82 0
7116 901.58 703.09 0
7117 902.54 703.36 0
7118 903.51 703.63 0
7119 897.19 703.92 0
7120 898.15 704.20 0
7121 899.11 704.47 0
7122 900.07 704.75 0
7123 901.03 705.02 0
7124 902.00 705.30 0
7125 902.96 705.57 0
7126 896.64 705.84 0
7127 897.60 706.11 0
7128 898.56 706.39 0
7129 899.52 706.67 0
7130 900.48 706.95 0
7131 901.44 707.22 0
7132 902.40 707.50 0
7133 896.08 707.74 0
7134 897.04 708.02 0
7135 898.00 708.31 0
7136 898.96 708.59 1
7137 899.92 708.87 0
7138 900.88 709.16 0
7139 901.83 709.44 0
7140 895.51 709.64 0
7141 896.47 709.93 0
7142 897.43 710.22 0
7143 898.39 710.51 0
7144 899.34 710.79 0
7145 900.30 711.08 0
7146 901.26 711.37 0
7147 894.94 711.54 0
7148 895.89 711.83 0
7149 896.85 712.13 0
7150 897.80 712.42 0
7151 898.76 712.71 0
7152 899.72 713.00 0
7153 900.67 713.30 0
7154 894.35 713.43 0
7155 895.30 713.73 0
7156 896.26 714.03 0
7157 897.21 714.33 0
7158 898.17 714.63 0
7159 899.12 714.93 0
7160 900.08 715.22 0
7161 893.75 715.32 0
7162 894.71 715.63 0
7163 895.66 715.93 0
7164 896.61 716.24 0
7165 897.56 716.54 0
7166 898.52 716.85 0
7167 899.47 717.15 0
7168 893.15 717.22 0
7169 894.10 717.52 0
7170 895.05 717.83 0
7171 896.00 718.14 0
7172 896.95 718.45 0
7173 897.90 718.76 0
7174 898.85 719.06 0
7175 892.53 719.10 0
7176 893.48 719.41 1
7177 894.43 719.73 0
7178 895.38 720.04 0
7179 896.33 720.36 0
7180 897.27 720.67 0
7181 898.22 720.99 0
7182 891.90 720.97 0
7183 892.85 721.29 0
7184 893.80 721.62 0
7185 894.74 721.94 0
7186 895.69 722.26 0
7187 896.64 722.58 0
7188 897.58 722.90 0
7189 891.26 722.85 0
7190 892.21 723.18 0
7191 893.15 723.50 0
7192 894.10 723.83 0
7193 895.04 724.16 0
7194 895.99 724.48 0
7195 896.93 724.81 0
7196 890.61 724.72 0
7197 891.55 725.05 0
7198 892.50 725.39 0
7199 893.44 725.72 0
7200 894.38 726.05 0
7201 895.33 726.38 0
7202 896.27 726.72 1
7203 889.94 726.59 0
7204 890.89 726.93 0
7205 891.83 727.27 0
7206 892.77 727.60 0
7207 893.71 727.94 0
7208 894.65 728.28 0
7209 895.60 728.61 0
7210 889.27 728.45 0
7211 890.21 728.80 0
7212 891.15 729.14 0
7213 892.09 729.48 0
7214 893.03 729.83 0
7215 893.97 730.17 0
7216 894.91 730.51 0
7217 888.59 730.31 0
7218 889.52 730.66 0
7219 890.46 731.01 0
7220 891.39 731.36 0
7221 892.33 731.71 0
7222 893.27 732.06 0
7223 894.20 732.41 0
7224 887.88 732.16 0
7225 888.82 732.52 0
7226 889.75 732.88 0
7227 890.69 733.23 0
7228 891.62 733.59 0
7229 892.56 733.94 0
7230 893.49 734.30 0
7231 887.17 734.01 0
7232 888.11 734.37 0
7233 889.04 734.73 0
7234 889.97 735.10 0
7235 890.90 735.46 0
7236 891.83 735.82 0
7237 892.76 736.19 0
7238 886.45 735.84 0
7239 887.38 736.22 0
7240 888.31 736.59 0
7241 889.24 736.96 0
7242 890.17 737.33 0
7243 891.10 737.70 0
7244 892.02 738.07 0
7245 885.71 737.69 0
7246 886.64 738.06 0
7247 887.57 738.44 0
7248 888.49 738.81 0
7249 889.42 739.19 0
7250 890.35 739.56 0
7251 891.27 739.94 0
7252 884.96 739.51 0
7253 885.89 739.90 0
7254 886.81 740.28 0
7255 887.73 740.66 0
7256 888.66 741.05 0
7257 889.58 741.43 0
7258 890.51 741.81 0
7259 884.20 741.35 0
7260 885.12 741.74 0
7261 886.04 742.12 0
7262 886.96 742.51 0
7263 887.89 742.90 1
7264 888.81 743.28 0
7265 889.73 743.67 0
7266 883.43 743.18 1
7267 884.35 743.57 0
7268 885.27 743.96 0
7269 886.19 744.35 0
7270 887.11 744.74 0
7271 888.03 745.14 0
7272 888.95 745.53 0
7273 882.64 745.00 0
7274 883.56 745.40 0
7275 884.48 745.79 0
7276 885.40 746.19 0
7277 886.32 746.59 0
7278 887.23 746.98 0
7279 888.15 747.38 0
7280 881.85 746.83 0
7281 882.77 747.23 0
7282 883.69 747.63 0
7283 884.60 748.02 0
7284 885.52 748.42 0
7285 886.44 748.82 1
7286 887.35 749.22 0
7287 881.06 748.64 0
7288 881.97 749.05 0
7289 882.88 749.45 0
7290 883.80 749.86 0
7291 884.71 750.26 0
7292 885.63 750.67 0
7293 886.54 751.07 0
7294 880.25 750.46 0
7295 881.16 750.87 0
7296 882.07 751.28 0
7297 882.99 751.68 0
7298 883.90 752.09 0
7299 884.81 752.50 0
7300 885.72 752.91 0
7301 879.43 752.27 0
7302 880.34 752.68 0
7303 881.25 753.09 0
7304 882.16 753.51 0
7305 883.07 753.92 0
7306 883.98 754.33 0
7307 884.90 754.75 1
7308 878.61 754.07 0
7309 879.52 754.49 0
7310 880.43 754.91 0
7311 881.33 755.33 0
7312 882.24 755.74 0
7313 883.15 756.16 0
7314 884.06 756.58 0
7315 877.77 755.88 0
7316 878.68 756.30 0
7317 879.59 756.72 0
7318 880.49 757.14 0
7319 881.40 757.56 0
7320 882.31 757.98 0
7321 883.21 758.41 0
7322 876.93 757.67 0
7323 877.84 758.10 0
7324 878.74 758.52 0
7325 879.64 758.95 0
7326 880.55 759.38 0
7327 881.45 759.81 0
7328 882.36 760.23 0
7329 876.08 759.47 0
7330 876.98 759.90 0
7331 877.88 760.33 0
7332 878.79 760.76 0
7333 879.69 761.19 0
7334 880.59 761.62 0
7335 881.49 762.05 0
7336 875.22 761.25 0
7337 876.12 761.69 0
7338 877.02 762.12 0
7339 877.92 762.56 0
7340 878.82 763.00 0
7341 879.72 763.43 0
7342 880.62 763.87 0
7343 874.35 763.04 0
7344 875.25 763.48 0
7345 876.14 763.92 0
7346 877.04 764.36 0
7347 877.94 764.80 0
7348 878.84 765.24 0
7349 879.74 765.68 0
7350 873.47 764.81 0
7351 874.37 765.26 0
7352 875.26 765.70 0
7353 876.16 766.15 0
7354 877.05 766.60 0
7355 877.95 767.04 0
7356 878.84 767.49 0
7357 872.58 766.58 0
7358 873.48 767.03 0
7359 874.37 767.49 0
7360 875.26 767.94 0
7361 876.15 768.39 0
7362 877.04 768.84 1
7363 877.94 769.29 0
7364 871.68 768.36 0
7365 872.57 768.81 0
7366 873.46 769.27 0
7367 874.35 769.72 0
7368 875.24 770.18 0
7369 876.13 770.63 0
7370 877.03 771.09 0
7371 870.78 770.11 0
7372 871.66 770.58 0
7373 872.55 771.04 0
7374 873.44 771.50 0
7375 874.32 771.96 0
7376 875.21 772.42 1
7377 876.10 772.88 0
7378 869.85 771.88 0
7379 870.74 772.34 0
7380 871.63 772.81 0
7381 872.51 773.27 0
7382 873.40 773.74 0
7383 874.28 774.20 0
7384 875.17 774.66 0
7385 868.93 773.62 0
7386 869.81 774.09 0
7387 870.69 774.57 0
7388 871.57 775.04 0
7389 872.46 775.51 0
7390 873.34 775.98 0
7391 874.22 776.45 0
7392 867.99 775.36 0
7393 868.87 775.84 0
7394 869.75 776.32 0
7395 870.63 776.80 0
7396 871.50 777.28 0
7397 872.38 777.75 0
7398 873.26 778.23 0
7399 867.04 777.11 0
7400 867.91 777.59 0
7401 868.79 778.07 0
7402 869.67 778.55 0
7403 870.54 779.04 0
7404 871.42 779.52 0
7405 872.30 780.00 0
7406 866.08 778.84 0
7407 866.95 779.33 0
7408 867.83 779.81 0
7409 868.70 780.30 0
7410 869.57 780.79 0
7411 870.44 781.28 0
7412 871.32 781.77 0
7413 865.11 780.57 0
7414 865.98 781.06 0
7415 866.85 781.55 0
7416 867.72 782.05 0
7417 868.59 782.54 0
7418 869.46 783.03 0
7419 870.33 783.52 0
7420 864.13 782.28 0
7421 864.99 782.78 0
7422 865.86 783.28 0
7423 866.73 783.78 0
7424 867.59 784.28 0
7425 868.46 784.78 0
7426 869.32 785.28 0
7427 863.13 784.00 0
7428 863.99 784.51 0
7429 864.86 785.01 0
7430 865.72 785.51 0
7431 866.59 786.02 0
7432 867.45 786.52 0
7433 868.31 787.02 0
7434 862.13 785.70 0
7435 862.99 786.21 0
7436 863.85 786.72 0
7437 864.71 787.23 0
7438 865.57 787.75 0
7439 866.43 788.26 0
7440 867.29 788.77 0
7441 861.11 787.40 0
7442 861.97 787.91 0
7443 862.82 788.43 0
7444 863.68 788.95 0
7445 864.53 789.47 0
7446 865.39 789.99 0
7447 866.24 790.50 0
7448 860.08 789.09 0
7449 860.93 789.61 0
7450 861.79 790.14 0
7451 862.64 790.66 0
7452 863.49 791.18 1
7453 864.34 791.70 0
7454 865.20 792.22 0
7455 859.04 790.77 0
7456 859.89 791.30 0
7457 860.74 791.83 0
7458 861.59 792.36 0
7459 862.43 792.89 0
7460 863.28 793.42 0
7461 864.13 793.95 0
7462 857.99 792.45 0
7463 858.83 792.98 0
7464 859.68 793.52 0
7465 860.52 794.05 0
7466 861.37 794.59 0
7467 862.21 795.12 0
7468 863.06 795.65 0
7469 856.92 794.11 0
7470 857.76 794.65 0
7471 858.60 795.19 0
7472 859.44 795.74 0
7473 860.28 796.28 0
7474 861.12 796.82 0
7475 861.96 797.36 0
7476 855.85 795.76 0
7477 856.68 796.31 0
7478 857.52 796.86 0
7479 858.35 797.41 0
7480 859.19 797.96 0
7481 860.02 798.51 0
7482 860.86 799.06 0
7483 854.75 797.42 0
7484 855.58 797.97 0
7485 856.42 798.52 0
7486 857.25 799.08 0
7487 858.08 799.63 0
7488 858.91 800.19 0
7489 859.74 800.74 0
7490 853.65 799.05 0
7491 854.48 799.61 0
7492 855.30 800.17 0
7493 856.13 800.74 0
7494 856.96 801.30 0
7495 857.78 801.86 0
7496 858.61 802.43 0
7497 852.54 800.67 0
7498 853.36 801.24 0
7499 854.18 801.81 0
7500 855.00 802.39 0
7501 855.82 802.96 0
7502 856.64 803.53 0
7503 857.46 804.10 0
7504 851.40 802.30 0
7505 852.21 802.87 0
7506 853.03 803.45 0
7507 853.85 804.02 0
7508 854.67 804.60 0
7509 855.48 805.18 0
7510 856.30 805.75 0
7511 850.25 803.90 0
7512 851.07 804.48 0
7513 851.88 805.07 0
7514 852.69 805.65 0
7515 853.50 806.24 0
7516 854.31 806.82 0
7517 855.12 807.41 0
7518 849.10 805.49 0
7519 849.90 806.08 0
7520 850.71 806.68 0
7521 851.51 807.27 0
7522 852.32 807.86 0
7523 853.12 808.46 0
7524 853.93 809.05 0
7525 847.92 807.08 1
7526 848.72 807.68 0
7527 849.52 808.28 0
7528 850.32 808.88 0
7529 851.12 809.47 0
7530 851.92 810.07 0
7531 852.73 810.67 0
7532 846.73 808.66 0
7533 847.53 809.26 0
7534 848.32 809.87 0
7535 849.12 810.47 0
7536 849.91 811.08 0
7537 850.71 811.68 0
7538 851.51 812.29 0
7539 845.52 810.24 0
7540 846.32 810.85 0
7541 847.11 811.45 0
7542 847.90 812.06 0
7543 848.70 812.67 0
7544 849.49 813.28 0
7545 850.29 813.89 0
7546 844.31 811.80 0
7547 845.10 812.41 0
7548 845.89 813.03 0
7549 846.68 813.64 0
7550 847.47 814.26 0
7551 848.25 814.87 0
7552 849.04 815.49 0
7553 843.09 813.35 0
7554 843.88 813.97 0
7555 844.66 814.59 0
7556 845.44 815.21 0
7557 846.22 815.84 0
7558 847.01 816.46 0
7559 847.79 817.08 0
7560 841.85 814.90 0
7561 842.63 815.52 0
7562 843.41 816.15 0
7563 844.19 816.78 0
7564 844.97 817.40 0
7565 845.75 818.03 0
7566 846.53 818.66 0
7567 840.61 816.43 0
7568 841.38 817.06 0
7569 842.16 817.70 0
7570 842.93 818.33 0
7571 843.71 818.96 0
7572 844.48 819.60 0
7573 845.26 820.23 0
7574 839.35 817.97 0
7575 840.12 818.60 0
7576 840.89 819.24 0
7577 841.66 819.87 0
7578 842.43 820.51 0
7579 843.21 821.15 0
7580 843.98 821.78 0
7581 838.08 819.48 0
7582 838.85 820.12 0
7583 839.62 820.77 0
7584 840.38 821.41 0
7585 841.15 822.05 0
7586 841.91 822.70 1
7587 842.68 823.34 0
7588 836.81 820.99 0
7589 837.57 821.64 0
7590 838.33 822.29 0
7591 839.09 822.94 0
7592 839.85 823.59 0
7593 840.61 824.24 0
7594 841.37 824.89 0
7595 835.51 822.49 0
7596 836.27 823.15 0
7597 837.03 823.80 0
7598 837.79 824.45 0
7599 838.54 825.11 0
7600 839.30 825.76 0
7601 840.06 826.41 0
7602 834.22 823.98 0
7603 834.97 824.64 0
7604 835.72 825.30 0
7605 836.47 825.96 0
7606 837.22 826.62 0
7607 837.97 827.28 0
7608 838.72 827.94 0
7609 832.90 825.47 0
7610 833.65 826.13 0
7611 834.40 826.79 0
7612 835.15 827.46 0
7613 835.89 828.12 0
7614 836.64 828.79 0
7615 837.39 829.45 0
7616 831.58 826.94 0
7617 832.33 827.61 0
7618 833.07 828.28 0
7619 833.81 828.95 0
7620 834.55 829.62 0
7621 835.29 830.29 0
7622 836.04 830.96 0
7623 830.26 828.39 0
7624 830.99 829.07 0
7625 831.73 829.75 0
7626 832.46 830.42 0
7627 833.20 831.10 0
7628 833.94 831.78 0
7629 834.67 832.46 0
7630 828.91 829.85 0
7631 829.64 830.53 0
7632 830.37 831.21 0
7633 831.11 831.89 0
7634 831.84 832.57 0
7635 832.57 833.25 0
7636 833.30 833.94 0
7637 827.56 831.29 0
7638 828.28 831.98 0
7639 829.01 832.66 0
7640 829.74 833.35 0
7641 830.46 834.04 0
7642 831.19 834.73 0
7643 831.92 835.41 0
7644 826.20 832.72 0
7645 826.92 833.41 0
7646 827.64 834.11 0
7647 828.36 834.80 0
7648 829.08 835.49 0
7649 829.80 836.19 0
7650 830.52 836.88 0
7651 824.82 834.14 0
7652 825.53 834.84 0
7653 826.25 835.54 0
7654 826.97 836.24 0
7655 827.68 836.93 0
7656 828.40 837.63 0
7657 829.12 838.33 0
7658 823.44 835.55 0
7659 824.15 836.25 0
7660 824.86 836.96 0
7661 825.57 837.66 0
7662 826.28 838.37 0
7663 826.98 839.07 0
7664 827.69 839.78 0
7665 822.03 836.95 0
7666 822.74 837.66 0
7667 823.45 838.37 0
7668 824.15 839.08 0
7669 824.86 839.79 0
7670 825.56 840.49 0
7671 826.27 841.20 0
7672 820.63 838.34 0
7673 821.33 839.05 0
7674 822.03 839.77 0
7675 822.73 840.48 0
7676 823.43 841.20 0
7677 824.13 841.91 0
7678 824.82 842.63 0
7679 819.22 839.71 0
7680 819.91 840.43 0
7681 820.60 841.15 0
7682 821.29 841.87 0
7683 821.98 842.60 0
7684 822.67 843.32 0
7685 823.37 844.04 0
7686 817.78 841.07 0
7687 818.47 841.80 0
7688 819.16 842.53 0
7689 819.84 843.25 0
7690 820.53 843.98 0
7691 821.22 844.70 0
7692 821.91 845.43 0
7693 816.34 842.42 0
7694 817.02 843.15 0
7695 817.70 843.88 0
7696 818.38 844.62 0
7697 819.06 845.35 0
7698 819.74 846.08 0
7699 820.42 846.82 0
7700 814.89 843.75 0
7701 815.57 844.49 0
7702 816.24 845.23 0
7703 816.91 845.97 0
7704 817.58 846.71 0
7705 818.25 847.45 0
7706 818.92 848.19 0
7707 813.42 845.07 0
7708 814.09 845.82 0
7709 814.76 846.56 0
7710 815.42 847.31 0
7711 816.09 848.05 0
7712 816.76 848.80 0
7713 817.42 849.54 0
7714 811.95 846.37 0
7715 812.61 847.13 0
7716 813.27 847.88 0
7717 813.92 848.63 0
7718 814.58 849.38 0
7719 815.24 850.14 0
7720 815.90 850.89 0
7721 810.46 847.66 0
7722 811.11 848.42 0
7723 811.76 849.18 0
7724 812.41 849.94 0
7725 813.06 850.70 0
7726 813.71 851.46 0
7727 814.36 852.22 0
7728 808.97 848.93 0
7729 809.61 849.70 0
7730 810.25 850.47 0
7731 810.89 851.23 0
7732 811.53 852.00 0
7733 812.17 852.77 0
7734 812.81 853.54 0
7735 807.44 850.19 0
7736 808.08 850.96 0
7737 808.71 851.74 0
7738 809.35 852.51 0
7739 809.98 853.28 0
7740 810.62 854.05 0
7741 811.25 854.83 0
7742 805.92 851.42 0
7743 806.54 852.21 0
7744 807.17 852.99 0
7745 807.79 853.77 0
7746 808.41 854.55 0
7747 809.04 855.33 0
7748 809.66 856.11 0
7749 804.38 852.64 0
7750 804.99 853.43 0
7751 805.61 854.22 0
7752 806.22 855.01 0
7753 806.83 855.80 0
7754 807.45 856.59 0
7755 808.06 857.37 0
7756 802.83 853.83 0
7757 803.43 854.63 0
7758 804.03 855.43 0
7759 804.64 856.23 0
7760 805.24 857.02 0
7761 805.84 857.82 0
7762 806.44 858.62 0
7763 801.25 855.01 0
7764 801.84 855.82 0
7765 802.44 856.62 0
7766 803.03 857.42 0
7767 803.63 858.23 0
7768 804.23 859.03 0
7769 804.82 859.83 0
7770 799.66 856.16 0
7771 800.25 856.97 0
7772 800.83 857.78 0
7773 801.41 858.60 0
7774 802.00 859.41 0
7775 802.58 860.22 0
7776 803.17 861.03 0
7777 798.03 857.33 0
7778 798.62 858.14 0
7779 799.21 858.95 0
7780 799.79 859.76 0
7781 800.38 860.57 0
7782 800.96 861.39 0
7783 801.55 862.20 0
7784 796.40 858.53 0
7785 796.99 859.33 0
7786 797.58 860.14 0
7787 798.18 860.94 0
7788 798.77 861.75 0
7789 799.36 862.56 0
7790 799.95 863.36 0
7791 794.78 859.73 0
7792 795.38 860.53 0
7793 795.97 861.33 0
7794 796.57 862.13 0
7795 797.17 862.94 1
7796 797.76 863.74 0
7797 798.36 864.54 0
7798 793.17 860.93 0
7799 793.77 861.73 0
7800 794.37 862.53 0
7801 794.97 863.33 0
7802 795.57 864.13 0
7803 796.17 864.93 0
7804 796.77 865.73 0
7805 791.57 862.13 0
7806 792.17 862.93 0
7807 792.77 863.73 0
7808 793.37 864.53 0
7809 793.97 865.33 0
7810 794.56 866.13 0
7811 795.16 866.93 0
7812 789.97 863.32 0
7813 790.57 864.12 0
7814 791.17 864.92 0
7815 791.76 865.73 0
7816 792.36 866.53 0
7817 792.95 867.33 0
7818 793.55 868.13 0
7819 788.39 864.48 0
7820 788.98 865.29 0
7821 789.56 866.10 0
7822 790.15 866.91 0
7823 790.74 867.72 0
7824 791.32 868.53 0
7825 791.91 869.34 0
7826 786.80 865.62 0
7827 787.37 866.43 0
7828 787.95 867.25 0
7829 788.52 868.07 0
7830 789.10 868.89 0
7831 789.67 869.71 0
7832 790.25 870.52 0
7833 785.21 866.70 0
7834 785.76 867.54 0
7835 786.32 868.37 0
7836 786.87 869.20 0
7837 787.43 870.03 0
7838 787.98 870.86 0
7839 788.54 871.70 0
7840 783.61 867.74 0
7841 784.14 868.59 0
7842 784.67 869.44 0
7843 785.19 870.29 0
7844 785.72 871.14 0
7845 786.25 871.99 0
7846 786.77 872.84 0
7847 781.97 868.73 0
7848 782.47 869.59 0
7849 782.98 870.46 0
7850 783.48 871.32 0
7851 783.99 872.18 0
7852 784.49 873.05 0
7853 785.00 873.91 0
7854 780.33 869.64 0
7855 780.80 870.53 0
7856 781.27 871.41 0
7857 781.73 872.29 0
7858 782.20 873.18 0
7859 782.67 874.06 0
7860 783.14 874.94 0
7861 778.63 870.51 0
7862 779.07 871.41 1
7863 779.51 872.30 0
7864 779.95 873.20 0
7865 780.39 874.10 0
7866 780.84 875.00 0
7867 781.28 875.89 0
7868 776.94 871.29 0
7869 777.34 872.21 0
7870 777.74 873.12 0
7871 778.14 874.04 0
7872 778.54 874.96 0
7873 778.94 875.87 0
7874 779.34 876.79 0
7875 775.17 872.03 0
7876 775.55 872.96 0
7877 775.92 873.88 0
7878 776.29 874.81 0
7879 776.67 875.74 0
7880 777.04 876.67 0
7881 777.41 877.60 0
7882 773.39 872.71 0
7883 773.73 873.65 0
7884 774.08 874.58 0
7885 774.42 875.52 0
7886 774.77 876.46 0
7887 775.11 877.40 0
7888 775.46 878.34 0
7889 771.61 873.32 0
7890 771.92 874.27 0
7891 772.23 875.22 0
7892 772.53 876.17 0
7893 772.84 877.12 0
7894 773.15 878.08 0
7895 773.45 879.03 1
7896 769.78 873.89 0
7897 770.06 874.85 0
7898 770.34 875.81 0
7899 770.62 876.77 0
7900 770.91 877.73 0
7901 771.19 878.69 0
7902 771.47 879.65 0
7903 767.92 874.42 0
7904 768.18 875.39 0
7905 768.44 876.36 0
7906 768.70 877.32 0
7907 768.96 878.29 0
7908 769.22 879.25 0
7909 769.48 880.22 0
7910 766.02 874.93 0
7911 766.27 875.89 0
7912 766.52 876.86 0
7913 766.77 877.83 0
7914 767.02 878.80 0
7915 767.27 879.77 0
7916 767.52 880.74 0
7917 764.14 875.38 0
7918 764.37 876.36 0
7919 764.60 877.33 0
7920 764.82 878.30 0
7921 765.05 879.28 0
7922 765.28 880.25 1
7923 765.51 881.22 0
7924 762.24 875.81 0
7925 762.45 876.79 0
7926 762.66 877.76 0
7927 762.87 878.74 0
7928 763.08 879.72 0
7929 763.29 880.70 0
7930 763.51 881.68 0
7931 760.31 876.22 0
7932 760.51 877.20 0
7933 760.71 878.17 0
7934 760.92 879.15 0
7935 761.12 880.13 0
7936 761.32 881.11 0
7937 761.52 882.09 0
7938 758.40 876.59 0
7939 758.58 877.57 0
7940 758.77 878.56 0
7941 758.95 879.54 0
7942 759.14 880.52 0
7943 759.33 881.50 0
7944 759.51 882.49 0
7945 756.45 876.95 0
7946 756.63 877.94 0
7947 756.81 878.92 0
7948 756.99 879.90 0
7949 757.17 880.89 0
7950 757.35 881.87 0
7951 757.52 882.85 0
7952 754.52 877.29 0
7953 754.69 878.27 0
7954 754.85 879.26 0
7955 755.02 880.25 0
7956 755.18 881.23 0
7957 755.35 882.22 0
7958 755.51 883.21 0
7959 752.57 877.61 0
7960 752.73 878.60 0
7961 752.89 879.59 0
7962 753.04 880.57 0
7963 753.20 881.56 0
7964 753.36 882.55 0
7965 753.52 883.53 0
7966 750.61 877.92 0
7967 750.76 878.91 0
7968 750.92 879.90 0
7969 751.07 880.88 0
7970 751.22 881.87 0
7971 751.38 882.86 0
7972 751.53 883.85 0
7973 748.66 878.21 0
7974 748.81 879.20 0
7975 748.95 880.19 0
7976 749.09 881.18 0
7977 749.23 882.17 0
7978 749.38 883.16 0
7979 749.52 884.15 0
7980 746.71 878.49 0
7981 746.84 879.48 0
7982 746.98 880.47 0
7983 747.11 881.46 0
7984 747.25 882.45 0
7985 747.38 883.44 0
7986 747.52 884.43 0
7987 744.75 878.75 0
7988 744.88 879.74 0
7989 745.00 880.73 0
7990 745.13 881.73 0
7991 745.25 882.72 0
7992 745.38 883.71 0
7993 745.50 884.70 0
7994 742.79 878.99 0
7995 742.91 879.98 0
7996 743.03 880.97 0
7997 743.14 881.97 0
7998 743.26 882.96 0
7999 743.38 883.95 0
8000 743.49 884.95 0
8001 740.83 879.21 0
8002 740.94 880.20 0
8003 741.05 881.20 0
8004 741.16 882.19 1
8005 741.26 883.19 0
8006 741.37 884.18 0
8007 741.48 885.18 0
8008 738.86 879.42 0
8009 738.97 880.41 0
8010 739.07 881.41 0
8011 739.17 882.40 0
8012 739.27 883.40 0
8013 739.37 884.39 0
8014 739.47 885.39 0
8015 736.89 879.61 0
8016 736.99 880.61 0
8017 737.08 881.60 0
8018 737.18 882.60 0
8019 737.27 883.59 0
8020 737.37 884.59 0
8021 737.46 885.58 0
8022 734.92 879.79 0
8023 735.01 880.79 0
8024 735.10 881.78 0
8025 735.19 882.78 0
8026 735.27 883.78 0
8027 735.36 884.77 0
8028 735.45 885.77 0
8029 732.95 879.96 0
8030 733.03 880.96 0
8031 733.11 881.96 0
8032 733.19 882.95 0
8033 733.28 883.95 0
8034 733.36 884.95 0
8035 733.44 885.94 0
8036 730.97 880.12 0
8037 731.05 881.12 0
8038 731.12 882.12 0
8039 731.20 883.11 0
8040 731.28 884.11 0
8041 731.35 885.11 0
8042 731.43 886.10 0
8043 728.99 880.27 1
8044 729.06 881.27 0
8045 729.13 882.27 0
8046 729.21 883.27 0
8047 729.28 884.26 0
8048 729.35 885.26 1
8049 729.42 886.26 0
8050 727.01 880.42 0
8051 727.07 881.41 0
8052 727.14 882.41 0
8053 727.21 883.41 0
8054 727.28 884.41 0
8055 727.35 885.41 0
8056 727.42 886.40 0
8057 725.01 880.55 0
8058 725.08 881.55 0
8059 725.15 882.55 0
8060 725.22 883.55 0
8061 725.28 884.54 0
8062 725.35 885.54 0
8063 725.42 886.54 0
8064 723.03 880.68 1
8065 723.09 881.68 0
8066 723.16 882.68 0
8067 723.22 883.68 0
8068 723.28 884.67 0
8069 723.35 885.67 0
8070 723.41 886.67 0
8071 721.04 880.80 0
8072 721.10 881.80 0
8073 721.16 882.80 0
8074 721.22 883.80 0
8075 721.28 884.80 0
8076 721.34 885.79 0
8077 721.41 886.79 0
8078 719.06 880.92 0
8079 719.11 881.92 0
8080 719.17 882.91 0
8081 719.23 883.91 0
8082 719.28 884.91 0
8083 719.34 885.91 0
8084 719.40 886.91 0
8085 717.07 881.03 0
8086 717.12 882.03 0
8087 717.18 883.03 0
8088 717.23 884.02 0
8089 717.28 885.02 0
8090 717.34 886.02 0
8091 717.39 887.02 0
8092 715.08 881.13 0
8093 715.13 882.13 0
8094 715.18 883.13 0
8095 715.23 884.13 0
8096 715.28 885.13 0
8097 715.33 886.13 0
8098 715.38 887.13 0
8099 713.09 881.23 0
8100 713.14 882.23 0
8101 713.19 883.23 0
8102 713.24 884.23 0
8103 713.29 885.23 0
8104 713.34 886.23 0
8105 713.39 887.23 0
8106 711.10 881.33 0
8107 711.14 882.33 0
8108 711.19 883.33 0
8109 711.24 884.33 0
8110 711.29 885.33 0
8111 711.33 886.32 0
8112 711.38 887.32 0
8113 709.11 881.42 0
8114 709.15 882.42 0
8115 709.20 883.42 0
8116 709.24 884.42 0
8117 709.29 885.42 0
8118 709.33 886.42 0
8119 709.38 887.41 0
8120 707.12 881.51 0
8121 707.16 882.51 0
8122 707.20 883.51 0
8123 707.24 884.51 0
8124 707.29 885.50 0
8125 707.33 886.50 1
8126 707.37 887.50 0
8127 705.12 881.59 0
8128 705.16 882.59 0
8129 705.21 883.59 0
8130 705.25 884.59 0
8131 705.29 885.59 0
8132 705.33 886.59 0
8133 705.37 887.59 0
8134 703.13 881.67 0
8135 703.17 882.67 0
8136 703.21 883.67 0
8137 703.25 884.67 0
8138 703.29 885.67 0
8139 703.33 886.67 0
8140 703.37 887.67 0
8141 701.13 881.75 0
8142 701.17 882.75 0
8143 701.21 883.75 0
8144 701.25 884.75 0
8145 701.29 885.75 1
8146 701.32 886.75 0
8147 701.36 887.75 0
8148 699.14 881.82 0
8149 699.18 882.82 0
8150 699.21 883.82 0
8151 699.25 884.82 0
8152 699.29 885.82 0
8153 699.32 886.82 0
8154 699.36 887.82 0
8155 697.15 881.89 0
8156 697.18 882.89 0
8157 697.22 883.89 0
8158 697.25 884.89 1
8159 697.29 885.89 0
8160 697.32 886.89 0
8161 697.35 887.89 0
8162 695.15 881.96 0
8163 695.18 882.96 0
8164 695.22 883.96 0
8165 695.25 884.96 0
8166 695.29 885.96 0
8167 695.32 886.96 0
8168 695.35 887.96 0
8169 693.16 882.03 0
8170 693.19 883.03 0
8171 693.22 884.03 0
8172 693.25 885.03 0
8173 693.29 886.03 0
8174 693.32 887.03 0
8175 693.35 888.03 0
8176 691.16 882.09 0
8177 691.19 883.09 0
8178 691.22 884.09 0
8179 691.25 885.09 0
8180 691.29 886.09 0
8181 691.32 887.09 0
8182 691.35 888.09 0
8183 689.16 882.15 0
8184 689.19 883.15 0
8185 689.23 884.15 0
8186 689.26 885.15 0
8187 689.29 886.15 0
8188 689.32 887.15 0
8189 689.35 888.15 0
8190 687.17 882.21 0
8191 687.20 883.21 0
8192 687.23 884.21 0
8193 687.26 885.21 0
8194 687.29 886.21 0
8195 687.32 887.21 0
8196 687.34 888.21 0
8197 685.17 882.27 0
8198 685.20 883.27 1
8199 685.23 884.27 0
8200 685.26 885.27 0
8201 685.29 886.27 0
8202 685.31 887.27 0
8203 685.34 888.27 0
8204 683.18 882.32 0
8205 683.21 883.32 0
8206 683.23 884.32 0
8207 683.26 885.32 0
8208 683.29 886.32 0
8209 683.31 887.32 0
8210 683.34 888.32 0
8211 681.18 882.38 0
8212 681.21 883.38 0
8213 681.23 884.38 0
8214 681.26 885.38 0
8215 681.29 886.38 0
8216 681.31 887.38 0
8217 681.34 888.37 1
8218 679.18 882.43 0
8219 679.21 883.43 0
8220 679.23 884.43 0
8221 679.26 885.43 0
8222 679.29 886.43 0
8223 679.31 887.43 0
8224 679.34 888.43 0
8225 677.19 882.48 0
8226 677.21 883.48 0
8227 677.24 884.48 0
8228 677.26 885.48 0
8229 677.29 886.48 0
8230 677.31 887.48 0
8231 677.33 888.48 0
8232 675.19 882.53 0
8233 675.21 883.53 0
8234 675.24 884.53 0
8235 675.26 885.53 0
8236 675.29 886.53 0
8237 675.31 887.53 0
8238 675.33 888.53 0
8239 673.19 882.57 0
8240 673.22 883.57 0
8241 673.24 884.57 0
8242 673.26 885.57 0
8243 673.29 886.57 0
8244 673.31 887.57 0
8245 673.33 888.57 1
8246 671.20 882.62 0
8247 671.22 883.62 0
8248 671.24 884.62 0
8249 671.26 885.62 0
8250 671.29 886.62 0
8251 671.31 887.62 0
8252 671.33 888.62 0
8253 669.20 882.67 0
8254 669.22 883.66 0
8255 669.24 884.66 0
8256 669.26 885.66 0
8257 669.29 886.66 0
8258 669.31 887.66 0
8259 669.33 888.66 0
8260 667.20 882.71 0
8261 667.22 883.71 0
8262 667.24 884.71 0
8263 667.26 885.71 0
8264 667.29 886.71 0
8265 667.31 887.71 0
8266 667.33 888.71 0
8267 665.20 882.75 0
8268 665.22 883.75 0
8269 665.24 884.75 0
8270 665.27 885.75 0
8271 665.29 886.75 0
8272 665.31 887.75 0
8273 665.33 888.75 0
8274 663.20 882.79 0
8275 663.22 883.79 0
8276 663.24 884.79 0
8277 663.27 885.79 0
8278 663.29 886.79 0
8279 663.31 887.79 0
8280 663.33 888.79 0
8281 661.21 882.84 0
8282 661.23 883.84 0
8283 661.25 884.83 0
8284 661.27 885.83 0
8285 661.29 886.83 0
8286 661.31 887.83 0
8287 661.33 888.83 0
8288 659.21 882.88 0
8289 659.23 883.88 0
8290 659.25 884.88 0
8291 659.27 885.88 0
8292 659.29 886.88 0
8293 659.31 887.87 0
8294 659.33 888.87 1
8295 657.21 882.92 0
8296 657.23 883.92 0
8297 657.25 884.92 1
8298 657.27 885.92 0
8299 657.29 886.92 0
8300 657.31 887.91 0
8301 657.33 888.91 0
8302 655.21 882.96 0
8303 655.23 883.96 0
8304 655.25 884.96 0
8305 655.27 885.96 0
8306 655.29 886.95 0
8307 655.31 887.95 0
8308 655.33 888.95 0
8309 653.21 882.99 0
8310 653.23 883.99 0
8311 653.25 884.99 0
8312 653.27 885.99 0
8313 653.29 886.99 0
8314 653.31 887.99 0
8315 653.33 888.99 0
8316 651.21 883.03 0
8317 651.23 884.03 0
8318 651.25 885.03 0
8319 651.27 886.03 0
8320 651.29 887.03 0
8321 651.31 888.03 0
8322 651.33 889.03 0
8323 649.21 883.07 0
8324 649.23 884.07 0
8325 649.25 885.07 0
8326 649.27 886.07 0
8327 649.29 887.07 0
8328 649.31 888.07 0
8329 649.33 889.07 0
8330 647.21 883.11 0
8331 647.23 884.11 0
8332 647.25 885.11 0
8333 647.27 886.11 0
8334 647.29 887.11 0
8335 647.31 888.11 0
8336 647.33 889.11 0
8337 645.21 883.15 0
8338 645.23 884.15 0
8339 645.25 885.15 0
8340 645.27 886.15 0
8341 645.29 887.15 0
8342 645.31 888.15 0
8343 645.33 889.15 0
8344 643.21 883.19 0
8345 643.23 884.19 0
8346 643.25 885.19 0
8347 643.27 886.19 0
8348 643.29 887.19 0
8349 643.31 888.19 0
8350 643.33 889.19 0
8351 641.21 883.23 0
8352 641.23 884.23 0
8353 641.25 885.23 0
8354 641.27 886.23 0
8355 641.29 887.23 0
8356 641.31 888.23 0
8357 641.33 889.23 0
8358 639.21 883.27 0
8359 639.23 884.27 0
8360 639.25 885.27 0
8361 639.27 886.27 0
8362 639.29 887.27 0
8363 639.31 888.27 0
8364 639.33 889.26 0
8365 637.21 883.31 0
8366 637.23 884.31 0
8367 637.25 885.31 0
8368 637.27 886.31 0
8369 637.29 887.30 0
8370 637.31 888.30 0
8371 637.33 889.30 0
8372 635.21 883.35 0
8373 635.23 884.35 0
8374 635.25 885.35 0
8375 635.27 886.35 0
8376 635.29 887.34 1
8377 635.31 888.34 0
8378 635.33 889.34 0
8379 633.21 883.39 0
8380 633.23 884.39 0
8381 633.25 885.39 0
8382 633.27 886.39 0
8383 633.29 887.39 0
8384 633.31 888.39 0
8385 633.34 889.39 0
8386 631.21 883.43 0
8387 631.23 884.43 0
8388 631.25 885.43 0
8389 631.27 886.43 0
8390 631.29 887.43 0
8391 631.32 888.43 0
8392 631.34 889.43 0
8393 629.21 883.47 0
8394 629.23 884.47 0
8395 629.25 885.47 0
8396 629.27 886.47 0
8397 629.30 887.47 0
8398 629.32 888.47 0
8399 629.34 889.47 0
8400 627.21 883.51 0
8401 627.23 884.51 0
8402 627.25 885.51 0
8403 627.28 886.51 0
8404 627.30 887.51 0
8405 627.32 888.51 0
8406 627.34 889.51 0
8407 625.21 883.56 0
8408 625.23 884.56 0
8409 625.25 885.56 0
8410 625.28 886.56 0
8411 625.30 887.56 0
8412 625.32 888.56 0
8413 625.34 889.56 0
8414 623.21 883.60 0
8415 623.23 884.60 0
8416 623.25 885.60 0
8417 623.28 886.60 0
8418 623.30 887.60 0
8419 623.32 888.60 0
8420 623.35 889.60 0
8421 621.21 883.65 0
8422 621.23 884.65 0
8423 621.25 885.65 0
8424 621.28 886.65 0
8425 621.30 887.65 0
8426 621.32 888.65 0
8427 621.35 889.65 0
8428 619.20 883.70 0
8429 619.23 884.70 0
8430 619.25 885.70 0
8431 619.28 886.70 0
8432 619.30 887.70 0
8433 619.33 888.70 0
8434 619.35 889.70 0
8435 617.20 883.75 0
8436 617.23 884.75 0
8437 617.25 885.75 0
8438 617.28 886.75 0
8439 617.30 887.75 0
8440 617.33 888.75 1
8441 617.36 889.75 0
8442 615.20 883.80 0
8443 615.22 884.80 0
8444 615.25 885.80 0
8445 615.28 886.80 0
8446 615.31 887.80 0
8447 615.33 888.80 0
8448 615.36 889.80 0
8449 613.19 883.86 1
8450 613.22 884.86 0
8451 613.25 885.86 0
8452 613.28 886.86 0
8453 613.31 887.86 0
8454 613.34 888.86 0
8455 613.37 889.86 0
8456 611.19 883.92 0
8457 611.22 884.92 0
8458 611.25 885.92 0
8459 611.28 886.92 0
8460 611.31 887.92 0
8461 611.34 888.92 0
8462 611.37 889.91 0
8463 609.19 883.98 0
8464 609.22 884.98 0
8465 609.25 885.98 0
8466 609.28 886.98 0
8467 609.31 887.98 0
8468 609.34 888.98 0
8469 609.37 889.98 0
8470 607.19 884.04 0
8471 607.22 885.04 0
8472 607.25 886.04 0
8473 607.28 887.04 0
8474 607.32 888.04 0
8475 607.35 889.04 0
8476 607.38 890.04 0
8477 605.18 884.11 0
8478 605.22 885.11 0
8479 605.25 886.11 0
8480 605.28 887.11 0
8481 605.32 888.11 0
8482 605.35 889.11 0
8483 605.39 890.11 0
8484 603.18 884.18 0
8485 603.21 885.18 0
8486 603.25 886.18 0
8487 603.29 887.18 0
8488 603.32 888.18 0
8489 603.36 889.18 0
8490 603.40 890.18 0
8491 601.17 884.26 0
8492 601.21 885.26 0
8493 601.25 886.26 0
8494 601.29 887.26 0
8495 601.33 888.26 0
8496 601.37 889.25 0
8497 601.41 890.25 0
8498 599.16 884.34 0
8499 599.20 885.34 0
8500 599.25 886.34 0
8501 599.29 887.34 0
8502 599.33 888.34 0
8503 599.37 889.34 0
8504 599.42 890.33 0
8505 597.16 884.43 0
8506 597.20 885.43 0
8507 597.25 886.42 0
8508 597.29 887.42 0
8509 597.34 888.42 0
8510 597.38 889.42 0
8511 597.42 890.42 0
8512 595.16 884.52 0
8513 595.20 885.51 1
8514 595.25 886.51 0
8515 595.29 887.51 0
8516 595.34 888.51 0
8517 595.38 889.51 0
8518 595.43 890.51 0
8519 593.16 884.61 0
8520 593.20 885.61 0
8521 593.25 886.61 0
8522 593.30 887.60 0
8523 593.34 888.60 0
8524 593.39 889.60 0
8525 593.43 890.60 0
8526 591.16 884.70 0
8527 591.20 885.70 0
8528 591.25 886.70 1
8529 591.30 887.70 0
8530 591.35 888.70 0
8531 591.39 889.70 0
8532 591.44 890.69 0
8533 589.16 884.80 0
8534 589.20 885.79 1
8535 589.25 886.79 0
8536 589.30 887.79 0
8537 589.35 888.79 0
8538 589.40 889.79 0
8539 589.44 890.79 0
8540 587.16 884.89 0
8541 587.20 885.89 0
8542 587.25 886.89 0
8543 587.30 887.89 0
8544 587.35 888.89 0
8545 587.40 889.89 0
8546 587.45 890.89 0
8547 585.16 884.99 0
8548 585.21 885.99 0
8549 585.26 886.99 0
8550 585.31 887.99 0
8551 585.36 888.99 1
8552 585.41 889.99 0
8553 585.46 890.98 0
8554 583.16 885.09 0
8555 583.21 886.09 0
8556 583.26 887.09 0
8557 583.31 888.09 0
8558 583.36 889.09 0
8559 583.41 890.09 0
8560 583.46 891.08 0
8561 581.16 885.19 0
8562 581.21 886.19 0
8563 581.26 887.19 0
8564 581.31 888.19 0
8565 581.36 889.19 0
8566 581.41 890.19 0
8567 581.47 891.19 0
8568 579.16 885.30 0
8569 579.21 886.30 0
8570 579.26 887.30 0
8571 579.31 888.29 0
8572 579.37 889.29 0
8573 579.42 890.29 0
8574 579.47 891.29 0
8575 577.16 885.40 0
8576 577.21 886.40 0
8577 577.26 887.40 0
8578 577.32 888.40 0
8579 577.37 889.40 0
8580 577.42 890.40 0
8581 577.48 891.40 0
8582 575.16 885.51 0
8583 575.21 886.51 0
8584 575.27 887.51 0
8585 575.32 888.51 0
8586 575.37 889.51 0
8587 575.43 890.50 0
8588 575.48 891.50 0
8589 573.16 885.62 0
8590 573.21 886.62 0
8591 573.27 887.62 0
8592 573.32 888.62 0
8593 573.38 889.61 0
8594 573.43 890.61 0
8595 573.49 891.61 0
8596 571.16 885.73 0
8597 571.21 886.73 0
8598 571.27 887.73 0
8599 571.33 888.73 0
8600 571.38 889.72 1
8601 571.44 890.72 0
8602 571.49 891.72 0
8603 569.16 885.84 0
8604 569.22 886.84 0
8605 569.27 887.84 0
8606 569.33 888.84 0
8607 569.39 889.84 0
8608 569.44 890.83 0
8609 569.50 891.83 0
8610 567.16 885.96 0
8611 567.22 886.95 0
8612 567.28 887.95 0
8613 567.33 888.95 0
8614 567.39 889.95 0
8615 567.45 890.95 0
8616 567.50 891.95 0
8617 565.16 886.07 0
8618 565.22 887.07 1
8619 565.28 888.07 0
8620 565.34 889.06 0
8621 565.39 890.06 0
8622 565.45 891.06 0
8623 565.51 892.06 0
8624 563.17 886.18 0
8625 563.22 887.18 0
8626 563.28 888.18 0
8627 563.34 889.18 0
8628 563.40 890.18 0
8629 563.45 891.18 0
8630 563.51 892.17 0
8631 561.17 886.30 0
8632 561.23 887.30 0
8633 561.28 888.30 0
8634 561.34 889.30 0
8635 561.40 890.29 0
8636 561.46 891.29 0
8637 561.52 892.29 0
8638 559.17 886.42 0
8639 559.23 887.42 0
8640 559.29 888.41 0
8641 559.35 889.41 1
8642 559.40 890.41 0
8643 559.46 891.41 0
8644 559.52 892.41 0
8645 557.17 886.53 0
8646 557.23 887.53 0
8647 557.29 888.53 0
8648 557.35 889.53 0
8649 557.41 890.53 0
8650 557.47 891.53 0
8651 557.53 892.52 0
8652 555.18 886.65 0
8653 555.24 887.65 0
8654 555.29 888.65 0
8655 555.35 889.65 0
8656 555.41 890.65 0
8657 555.47 891.64 0
8658 555.53 892.64 0
8659 553.18 886.77 0
8660 553.24 887.77 0
8661 553.30 888.77 0
8662 553.36 889.76 0
8663 553.42 890.76 0
8664 553.48 891.76 0
8665 553.53 892.76 0
8666 551.18 886.89 0
8667 551.24 887.89 0
8668 551.30 888.88 0
8669 551.36 889.88 0
8670 551.42 890.88 0
8671 551.48 891.88 0
8672 551.54 892.88 0
8673 549.19 887.01 0
8674 549.25 888.00 0
8675 549.31 889.00 0
8676 549.36 890.00 0
8677 549.42 891.00 0
8678 549.48 892.00 0
8679 549.54 893.00 0
8680 547.19 887.12 0
8681 547.25 888.12 0
8682 547.31 889.12 0
8683 547.37 890.12 0
8684 547.43 891.12 0
8685 547.49 892.12 0
8686 547.54 893.11 0
8687 545.20 887.24 0
8688 545.25 888.24 0
8689 545.31 889.24 1
8690 545.37 890.24 0
8691 545.43 891.24 0
8692 545.49 892.23 0
8693 545.55 893.23 0
8694 543.20 887.36 0
8695 543.26 888.36 0
8696 543.32 889.36 0
8697 543.38 890.35 0
8698 543.43 891.35 0
8699 543.49 892.35 0
8700 543.55 893.35 0
8701 541.21 887.47 0
8702 541.26 888.47 0
8703 541.32 889.47 0
8704 541.38 890.47 0
8705 541.44 891.47 0
8706 541.49 892.47 0
8707 541.55 893.46 0
8708 539.21 887.59 0
8709 539.27 888.59 0
8710 539.33 889.59 0
8711 539.38 890.58 1
8712 539.44 891.58 0
8713 539.50 892.58 0
8714 539.55 893.58 0
8715 537.22 887.70 0
8716 537.27 888.70 0
8717 537.33 889.70 0
8718 537.39 890.70 0
8719 537.44 891.70 0
8720 537.50 892.69 0
8721 537.55 893.69 0
8722 535.22 887.81 0
8723 535.28 888.81 0
8724 535.33 889.81 0
8725 535.39 890.81 0
8726 535.44 891.81 0
8727 535.50 892.81 0
8728 535.56 893.81 1
8729 533.23 887.92 0
8730 533.28 888.92 0
8731 533.34 889.92 0
8732 533.39 890.92 0
8733 533.45 891.92 0
8734 533.50 892.92 0
8735 533.55 893.92 1
8736 531.23 888.03 0
8737 531.29 889.03 0
8738 531.34 890.03 0
8739 531.39 891.03 0
8740 531.45 892.03 1
8741 531.50 893.02 0
8742 531.55 894.02 0
8743 529.24 888.14 0
8744 529.29 889.14 0
8745 529.35 890.13 0
8746 529.40 891.13 0
8747 529.45 892.13 0
8748 529.50 893.13 0
8749 529.55 894.13 0
8750 527.25 888.24 0
8751 527.30 889.24 0
8752 527.35 890.24 0
8753 527.40 891.24 0
8754 527.45 892.23 0
8755 527.50 893.23 0
8756 527.55 894.23 0
8757 525.26 888.34 0
8758 525.30 889.34 0
8759 525.35 890.34 0
8760 525.40 891.33 0
8761 525.45 892.33 0
8762 525.50 893.33 0
8763 525.55 894.33 1
8764 523.27 888.43 0
8765 523.31 889.43 0
8766 523.36 890.43 0
8767 523.41 891.43 0
8768 523.45 892.43 0
8769 523.50 893.43 0
8770 523.55 894.43 0
8771 521.27 888.53 0
8772 521.32 889.53 0
8773 521.36 890.52 0
8774 521.41 891.52 0
8775 521.45 892.52 0
8776 521.50 893.52 0
8777 521.54 894.52 0
8778 519.28 888.62 1
8779 519.32 889.61 0
8780 519.37 890.61 0
8781 519.41 891.61 0
8782 519.45 892.61 0
8783 519.50 893.61 0
8784 519.54 894.61 0
8785 517.29 888.70 0
8786 517.33 889.70 0
8787 517.37 890.70 0
8788 517.41 891.70 0
8789 517.45 892.70 0
8790 517.49 893.70 0
8791 517.53 894.69 0
8792 515.30 888.78 1
8793 515.33 889.78 0
8794 515.37 890.78 0
8795 515.41 891.78 0
8796 515.45 892.78 0
8797 515.49 893.78 0
8798 515.53 894.78 0
8799 513.31 888.85 0
8800 513.34 889.85 0
8801 513.38 890.85 0
8802 513.41 891.85 0
8803 513.45 892.85 0
8804 513.49 893.85 0
8805 513.52 894.85 0
8806 511.31 888.93 0
8807 511.35 889.92 0
8808 511.38 890.92 0
8809 511.42 891.92 0
8810 511.45 892.92 0
8811 511.48 893.92 0
8812 511.52 894.92 0
8813 509.32 888.99 0
8814 509.35 889.99 0
8815 509.39 890.99 0
8816 509.42 891.99 0
8817 509.45 892.99 0
8818 509.48 893.99 0
8819 509.51 894.99 0
8820 507.33 889.05 0
8821 507.36 890.05 0
8822 507.39 891.05 0
8823 507.42 892.05 0
8824 507.45 893.05 0
8825 507.48 894.05 0
8826 507.50 895.05 0
8827 505.34 889.10 0
8828 505.37 890.10 0
8829 505.39 891.10 0
8830 505.42 892.10 0
8831 505.45 893.10 0
8832 505.47 894.10 0
8833 505.50 895.10 1
8834 503.35 889.15 0
8835 503.38 890.15 0
8836 503.40 891.15 0
8837 503.42 892.15 0
8838 503.44 893.15 0
8839 503.46 894.15 0
8840 503.49 895.15 0
8841 501.35 889.20 0
8842 501.37 890.20 0
8843 501.40 891.20 0
8844 501.42 892.20 0
8845 501.45 893.20 0
8846 501.47 894.20 0
8847 501.49 895.20 0
8848 499.31 889.26 0
8849 499.35 890.26 0
8850 499.39 891.26 0
8851 499.42 892.26 0
8852 499.46 893.26 0
8853 499.49 894.26 0
8854 499.53 895.25 0
8855 497.30 889.34 0
8856 497.34 890.33 0
8857 497.38 891.33 0
8858 497.42 892.33 0
8859 497.47 893.33 0
8860 497.51 894.33 0
8861 497.55 895.33 0
8862 495.28 889.43 0
8863 495.33 890.42 0
8864 495.38 891.42 0
8865 495.43 892.42 0
8866 495.47 893.42 0
8867 495.52 894.42 0
8868 495.57 895.42 0
8869 493.26 889.53 0
8870 493.32 890.53 0
8871 493.37 891.53 0
8872 493.43 892.53 0
8873 493.48 893.52 0
8874 493.54 894.52 0
8875 493.60 895.52 0
8876 491.25 889.64 0
8877 491.31 890.64 0
8878 491.37 891.64 0
8879 491.43 892.64 0
8880 491.49 893.64 0
8881 491.55 894.64 0
8882 491.61 895.63 0
8883 489.25 889.77 0
8884 489.31 890.77 0
8885 489.37 891.77 0
8886 489.44 892.76 0
8887 489.50 893.76 0
8888 489.56 894.76 0
8889 489.62 895.76 0
8890 487.23 889.90 0
8891 487.30 890.90 0
8892 487.37 891.90 0
8893 487.44 892.90 0
8894 487.51 893.89 0
8895 487.58 894.89 0
8896 487.65 895.89 0
8897 485.23 890.04 0
8898 485.30 891.04 0
8899 485.37 892.04 0
8900 485.45 893.04 0
8901 485.52 894.03 0
8902 485.59 895.03 0
8903 485.66 896.03 0
8904 483.23 890.19 0
8905 483.30 891.19 0
8906 483.38 892.18 0
8907 483.45 893.18 0
8908 483.53 894.18 0
8909 483.60 895.18 0
8910 483.67 896.17 0
8911 481.23 890.34 0
8912 481.30 891.34 0
8913 481.38 892.34 0
8914 481.46 893.33 0
8915 481.53 894.33 0
8916 481.61 895.33 0
8917 481.68 896.32 0
8918 479.23 890.49 0
8919 479.31 891.49 0
8920 479.39 892.49 0
8921 479.46 893.49 0
8922 479.54 894.48 0
8923 479.62 895.48 0
8924 479.69 896.48 0
8925 477.24 890.65 0
8926 477.31 891.65 0
8927 477.39 892.64 0
8928 477.47 893.64 0
8929 477.55 894.64 0
8930 477.62 895.63 0
8931 477.70 896.63 0
8932 475.24 890.81 0
8933 475.32 891.80 0
8934 475.40 892.80 0
8935 475.47 893.80 0
8936 475.55 894.79 0
8937 475.63 895.79 0
8938 475.71 896.79 0
8939 473.25 890.96 0
8940 473.33 891.96 0
8941 473.40 892.95 0
8942 473.48 893.95 0
8943 473.56 894.95 0
8944 473.63 895.94 0
8945 473.71 896.94 0
8946 471.26 891.11 0
8947 471.34 892.11 0
8948 471.41 893.11 0
8949 471.49 894.10 1
8950 471.56 895.10 0
8951 471.64 896.10 0
8952 471.71 897.09 0
8953 469.27 891.26 0
8954 469.35 892.26 0
8955 469.42 893.25 0
8956 469.49 894.25 0
8957 469.57 895.25 0
8958 469.64 896.25 0
8959 469.71 897.24 0
8960 467.29 891.40 0
8961 467.36 892.40 0
8962 467.43 893.40 0
8963 467.50 894.39 0
8964 467.57 895.39 0
8965 467.64 896.39 0
8966 467.71 897.39 0
8967 465.30 891.54 0
8968 465.37 892.53 1
8969 465.44 893.53 0
8970 465.50 894.53 0
8971 465.57 895.53 0
8972 465.64 896.53 0
8973 465.70 897.52 0
8974 463.33 891.66 0
8975 463.39 892.66 0
8976 463.45 893.66 0
8977 463.51 894.66 0
8978 463.57 895.66 0
8979 463.63 896.65 0
8980 463.69 897.65 0
8981 461.34 891.78 0
8982 461.40 892.78 0
8983 461.45 893.77 0
8984 461.51 894.77 0
8985 461.57 895.77 1
8986 461.62 896.77 0
8987 461.68 897.77 0
8988 459.37 891.88 0
8989 459.42 892.88 0
8990 459.47 893.88 0
8991 459.51 894.88 0
8992 459.56 895.88 0
8993 459.60 896.87 1
8994 459.65 897.87 0
8995 457.39 891.97 0
8996 457.43 892.97 0
8997 457.47 893.96 0
8998 457.51 894.96 0
8999 457.56 895.96 0
9000 457.60 896.96 0
9001 457.64 897.96 0
9002 455.43 892.03 0
9003 455.46 893.03 0
9004 455.49 894.03 0
9005 455.52 895.03 0
9006 455.54 896.03 0
9007 455.57 897.03 0
9008 455.60 898.03 0
9009 453.46 892.08 0
9010 453.48 893.08 0
9011 453.50 894.08 0
9012 453.52 895.08 0
9013 453.54 896.08 0
9014 453.56 897.08 0
9015 453.58 898.08 0
9016 451.50 892.11 0
9017 451.51 893.11 0
9018 451.51 894.11 0
9019 451.52 895.11 0
9020 451.52 896.11 0
9021 451.53 897.11 0
9022 451.53 898.11 0
9023 449.53 892.10 0
9024 449.53 893.10 0
9025 449.52 894.10 0
9026 449.52 895.10 0
9027 449.51 896.10 0
9028 449.51 897.10 0
9029 449.50 898.10 0
9030 447.59 892.07 0
9031 447.57 893.07 0
9032 447.54 894.07 0
9033 447.52 895.07 0
9034 447.49 896.07 0
9035 447.47 897.07 0
9036 447.44 898.07 0
9037 445.67 892.00 0
9038 445.62 892.99 0
9039 445.57 893.99 0
9040 445.52 894.99 0
9041 445.47 895.99 0
9042 445.42 896.99 0
9043 445.37 897.99 0
9044 443.75 891.88 0
9045 443.68 892.88 0
9046 443.60 893.88 0
9047 443.52 894.87 0
9048 443.45 895.87 0
9049 443.37 896.87 0
9050 443.29 897.87 0
9051 441.81 891.72 0
9052 441.72 892.71 0
9053 441.62 893.71 0
9054 441.53 894.71 0
9055 441.44 895.70 0
9056 441.35 896.70 0
9057 441.25 897.69 0
9058 439.92 891.50 0
9059 439.80 892.49 0
9060 439.67 893.48 0
9061 439.54 894.47 0
9062 439.42 895.47 0
9063 439.29 896.46 0
9064 439.17 897.45 0
9065 438.06 891.21 0
9066 437.90 892.20 0
9067 437.73 893.18 0
9068 437.57 894.17 0
9069 437.40 895.16 0
9070 437.24 896.14 0
9071 437.07 897.13 0
9072 436.24 890.85 0
9073 436.03 891.83 0
9074 435.82 892.80 0
9075 435.61 893.78 0
9076 435.40 894.76 0
9077 435.19 895.74 0
9078 434.97 896.71 0
9079 434.45 890.40 0
9080 434.19 891.36 0
9081 433.93 892.33 0
9082 433.67 893.29 0
9083 433.41 894.26 0
9084 433.14 895.22 0
9085 432.88 896.19 0
9086 432.82 889.87 0
9087 432.47 890.80 0
9088 432.12 891.74 0
9089 431.77 892.68 0
9090 431.41 893.61 0
9091 431.06 894.55 0
9092 430.71 895.48 0
9093 431.18 889.19 0
9094 430.76 890.10 0
9095 430.34 891.01 0
9096 429.92 891.91 0
9097 429.50 892.82 0
9098 429.08 893.73 0
9099 428.65 894.63 0
# Arestas dirigidas (mão única, sentido horário): u v distancia_cm
0 7 170
0 8 202
1 7 201
1 8 180
1 9 211
2 8 209
2 9 190
2 10 220
3 9 218
3 10 200
3 11 229
4 10 227
4 11 210
4 12 238
5 11 236
5 12 220
5 13 247
6 12 245
6 13 230
7 14 155
7 15 191
8 14 190
8 15 170
8 16 204
9 15 203
9 16 185
9 17 217
10 16 216
10 17 200
10 18 230
11 17 230
11 18 215
11 19 244
12 18 243
12 19 230
12 20 257
13 19 257
13 20 244
14 21 171
14 22 202
15 21 203
15 22 181
15 23 210
16 22 211
16 23 190
16 24 219
17 23 219
17 24 200
17 25 227
18 24 228
18 25 209
18 26 236
19 25 237
19 26 219
19 27 245
20 26 245
20 27 228
21 28 160
21 29 193
22 28 196
22 29 173
22 30 204
23 29 207
23 30 187
23 31 216
24 30 219
24 31 200
24 32 228
25 31 231
25 32 213
25 33 240
26 32 243
26 33 227
26 34 252
27 33 255
27 34 240
28 35 164
28 36 197
29 35 197
29 36 176
29 37 208
30 36 208
30 37 188
30 38 218
31 37 218
31 38 200
31 39 229
32 38 229
32 39 212
32 40 239
33 39 239
33 40 224
33 41 250
34 40 250
34 41 235
35 42 179
35 43 208
36 42 208
36 43 186
36 44 214
37 43 214
37 44 193
37 45 220
38 44 221
38 45 200
38 46 226
39 45 227
39 46 207
39 47 233
40 46 233
40 47 214
40 48 239
41 47 240
41 48 221
42 49 172
42 50 203
43 49 204
43 50 182
43 51 211
44 50 212
44 51 191
44 52 219
45 51 220
45 52 200
45 53 227
46 52 228
46 53 209
46 54 235
47 53 236
47 54 218
47 55 244
48 54 245
48 55 227
49 56 184
49 57 211
50 56 212
50 57 189
50 58 216
51 57 217
51 58 195
51 59 221
52 58 222
52 59 200
52 60 226
53 59 226
53 60 205
53 61 230
54 60 231
54 61 211
54 62 235
55 61 236
55 62 216
56 63 180
56 64 208
57 63 209
57 64 186
57 65 214
58 64 215
58 65 193
58 66 220
59 65 221
59 66 200
59 67 226
60 66 227
60 67 207
60 68 232
61 67 233
61 68 214
61 69 239
62 68 239
62 69 220
63 70 188
63 71 215
64 70 215
64 71 192
64 72 218
65 71 218
65 72 196
65 73 222
66 72 222
66 73 200
66 74 225
67 73 225
67 74 204
67 75 229
68 74 229
68 75 208
68 76 232
69 75 232
69 76 212
70 77 190
70 78 216
71 77 216
71 78 193
71 79 219
72 78 219
72 79 197
72 80 222
73 79 222
73 80 200
73 81 225
74 80 225
74 81 203
74 82 228
75 81 228
75 82 207
75 83 231
76 82 232
76 83 210
77 84 187
77 85 214
78 84 214
78 85 191
78 86 218
79 85 218
79 86 196
79 87 222
80 86 222
80 87 200
80 88 225
81 87 226
81 88 204
81 89 229
82 88 229
82 89 208
82 90 233
83 89 233
83 90 213
84 91 193
84 92 219
85 91 218
85 92 195
85 93 221
86 92 220
86 93 198
86 94 223
87 93 222
87 94 200
87 95 225
88 94 224
88 95 202
88 96 227
89 95 227
89 96 205
89 97 229
90 96 229
90 97 207
91 98 194
91 99 219
92 98 219
92 99 196
92 100 221
93 99 221
93 100 198
93 101 223
94 100 223
94 101 200
94 102 224
95 101 224
95 102 202
95 103 226
96 102 226
96 103 204
96 104 228
97 103 228
97 104 206
98 105 195
98 106 220
99 105 220
99 106 197
99 107 221
100 106 221
100 107 198
100 108 223
101 107 223
101 108 200
101 109 224
102 108 224
102 109 202
102 110 226
103 109 226
103 110 203
103 111 227
104 110 227
104 111 205
105 112 196
105 113 220
106 112 221
106 113 197
106 114 222
107 113 222
107 114 199
107 115 223
108 114 223
108 115 200
108 116 224
109 115 224
109 116 201
109 117 225
110 116 226
110 117 203
110 118 226
111 117 227
111 118 204
112 119 195
112 120 220
113 119 220
113 120 197
113 121 222
114 120 222
114 121 198
114 122 223
115 121 223
115 122 200
115 123 224
116 122 224
116 123 201
116 124 226
117 123 226
117 124 203
117 125 227
118 124 227
118 125 204
119 126 198
119 127 222
120 126 222
120 127 199
120 128 223
121 127 223
121 128 199
121 129 223
122 128 223
122 129 200
122 130 224
123 129 224
123 130 201
123 131 225
124 130 224
124 131 201
124 132 225
125 131 225
125 132 202
126 133 199
126 134 223
127 133 223
127 134 199
127 135 223
128 134 223
128 135 200
128 136 223
129 135 223
129 136 200
129 137 224
130 136 224
130 137 200
130 138 224
131 137 224
131 138 201
131 139 224
132 138 224
132 139 201
133 140 200
133 141 223
134 140 223
134 141 200
134 142 223
135 141 223
135 142 200
135 143 224
136 142 224
136 143 200
136 144 224
137 143 224
137 144 200
137 145 224
138 144 224
138 145 200
138 146 224
139 145 224
139 146 200
140 147 201
140 148 224
141 147 224
141 148 200
141 149 224
142 148 224
142 149 200
142 150 224
143 149 224
143 150 200
143 151 224
144 150 224
144 151 200
144 152 223
145 151 223
145 152 200
145 153 223
146 152 223
146 153 199
147 154 202
147 155 225
148 154 226
148 155 202
148 156 225
149 155 225
149 156 201
149 157 224
150 156 224
150 157 200
150 158 223
151 157 223
151 158 199
151 159 222
152 158 223
152 159 198
152 160 222
153 159 222
153 160 198
154 161 203
154 162 226
155 161 226
155 162 202
155 163 225
156 162 225
156 163 201
156 164 224
157 163 224
157 164 200
157 165 223
158 164 223
158 165 199
158 166 222
159 165 222
159 166 198
159 167 221
160 166 222
160 167 197
161 168 204
161 169 226
162 168 227
162 169 203
162 170 225
163 169 225
163 170 201
163 171 224
164 170 224
164 171 200
164 172 223
165 171 223
165 172 199
165 173 222
166 172 222
166 173 197
166 174 221
167 173 221
167 174 196
168 175 208
168 176 229
169 175 230
169 176 205
169 177 227
170 176 227
170 177 203
170 178 225
171 177 225
171 178 200
171 179 222
172 178 223
172 179 197
172 180 220
173 179 220
173 180 195
173 181 217
174 180 218
174 181 192
175 182 198
175 183 222
176 182 222
176 183 199
176 184 223
177 183 223
177 184 199
177 185 224
178 184 223
178 185 200
178 186 224
179 185 224
179 186 201
179 187 225
180 186 224
180 187 201
180 188 225
181 187 225
181 188 202
182 189 193
182 190 219
183 189 219
183 190 196
183 191 221
184 190 221
184 191 198
184 192 223
185 191 222
185 192 200
185 193 225
186 192 224
186 193 202
186 194 227
187 193 226
187 194 204
187 195 229
188 194 228
188 195 207
189 196 196
189 197 220
190 196 220
190 197 197
190 198 222
191 197 222
191 198 199
191 199 223
192 198 223
192 199 200
192 200 224
193 199 224
193 200 201
193 201 226
194 200 225
194 201 203
194 202 227
195 201 227
195 202 204
196 203 194
196 204 219
197 203 219
197 204 196
197 205 221
198 204 221
198 205 198
198 206 223
199 205 223
199 206 200
199 207 225
200 206 224
200 207 202
200 208 226
201 207 226
201 208 204
201 209 228
202 208 228
202 209 206
203 210 196
203 211 221
204 210 221
204 211 197
204 212 222
205 211 222
205 212 199
205 213 223
206 212 223
206 213 200
206 214 224
207 213 224
207 214 201
207 215 225
208 214 225
208 215 203
208 216 227
209 215 227
209 216 204
210 217 194
210 218 219
211 217 219
211 218 196
211 219 221
212 218 221
212 219 198
212 220 223
213 219 223
213 220 200
213 221 224
214 220 224
214 221 202
214 222 226
215 221 226
215 222 204
215 223 228
216 222 228
216 223 206
217 224 196
217 225 221
218 224 221
218 225 197
218 226 222
219 225 222
219 226 199
219 227 223
220 226 223
220 227 200
220 228 224
221 227 224
221 228 201
221 229 225
222 228 225
222 229 202
222 230 226
223 229 226
223 230 204
224 231 195
224 232 220
225 231 220
225 232 196
225 233 221
226 232 221
226 233 198
226 234 223
227 233 223
227 234 200
227 235 224
228 234 224
228 235 202
228 236 226
229 235 226
229 236 204
229 237 228
230 236 228
230 237 205
231 238 197
231 239 221
232 238 221
232 239 198
232 240 222
233 239 222
233 240 199
233 241 223
234 240 223
234 241 200
234 242 224
235 241 224
235 242 201
235 243 225
236 242 225
236 243 202
236 244 226
237 243 226
237 244 203
238 245 195
238 246 220
239 245 220
239 246 197
239 247 221
240 246 221
240 247 198
240 248 223
241 247 223
241 248 200
241 249 224
242 248 224
242 249 202
242 250 226
243 249 226
243 250 203
243 251 227
244 250 227
244 251 205
245 252 197
245 253 221
246 252 221
246 253 198
246 254 222
247 253 222
247 254 199
247 255 223
248 254 223
248 255 200
248 256 224
249 255 224
249 256 201
249 257 225
250 256 225
250 257 202
250 258 226
251 257 226
251 258 203
252 259 196
252 260 220
253 259 220
253 260 197
253 261 222
254 260 222
254 261 199
254 262 223
255 261 223
255 262 200
255 263 224
256 262 224
256 263 201
256 264 225
257 263 226
257 264 203
257 265 227
258 264 227
258 265 204
259 266 197
259 267 222
260 266 222
260 267 198
260 268 222
261 267 222
261 268 199
261 269 223
262 268 223
262 269 200
262 270 224
263 269 224
263 270 201
263 271 225
264 270 225
264 271 202
264 272 226
265 271 226
265 272 203
266 273 196
266 274 221
267 273 221
267 274 197
267 275 222
268 274 222
268 275 199
268 276 223
269 275 223
269 276 200
269 277 224
270 276 224
270 277 201
270 278 225
271 277 225
271 278 203
271 279 226
272 278 227
272 279 204
273 280 198
273 281 222
274 280 222
274 281 198
274 282 223
275 281 223
275 282 199
275 283 223
276 282 223
276 283 200
276 284 224
277 283 224
277 284 201
277 285 225
278 284 225
278 285 202
278 286 225
279 285 225
279 286 202
280 287 197
280 288 221
281 287 221
281 288 198
281 289 222
282 288 222
282 289 199
282 290 223
283 289 223
283 290 200
283 291 224
284 290 224
284 291 201
284 292 225
285 291 225
285 292 202
285 293 226
286 292 226
286 293 203
287 294 198
287 295 222
288 294 222
288 295 199
288 296 223
289 295 223
289 296 199
289 297 223
290 296 223
290 297 200
290 298 224
291 297 224
291 298 201
291 299 225
292 298 224
292 299 201
292 300 225
293 299 225
293 300 202
294 301 197
294 302 222
295 301 222
295 302 198
295 303 222
296 302 222
296 303 199
296 304 223
297 303 223
297 304 200
297 305 224
298 304 224
298 305 201
298 306 225
299 305 225
299 306 202
299 307 226
300 306 226
300 307 203
301 308 198
301 309 222
302 308 222
302 309 199
302 310 223
303 309 223
303 310 199
303 311 223
304 310 223
304 311 200
304 312 224
305 311 224
305 312 201
305 313 224
306 312 224
306 313 201
306 314 225
307 313 225
307 314 202
308 315 198
308 316 222
309 315 223
309 316 199
309 317 223
310 316 223
310 317 199
310 318 223
311 317 223
311 318 200
311 319 224
312 318 224
312 319 200
312 320 224
313 319 224
313 320 201
313 321 225
314 320 225
314 321 201
315 322 198
315 323 222
316 322 222
316 323 199
316 324 223
317 323 223
317 324 199
317 325 223
318 324 223
318 325 200
318 326 224
319 325 224
319 326 201
319 327 224
320 326 224
320 327 201
320 328 225
321 327 225
321 328 202
322 329 199
322 330 223
323 329 223
323 330 199
323 331 223
324 330 223
324 331 200
324 332 223
325 331 223
325 332 200
325 333 224
326 332 224
326 333 200
326 334 224
327 333 224
327 334 201
327 335 224
328 334 224
328 335 201
329 336 199
329 337 223
330 336 223
330 337 199
330 338 223
331 337 223
331 338 200
331 339 223
332 338 223
332 339 200
332 340 224
333 339 224
333 340 200
333 341 224
334 340 224
334 341 201
334 342 224
335 341 224
335 342 201
336 343 199
336 344 223
337 343 223
337 344 199
337 345 223
338 344 223
338 345 200
338 346 223
339 345 223
339 346 200
339 347 224
340 346 224
340 347 200
340 348 224
341 347 224
341 348 201
341 349 225
342 348 225
342 349 201
343 350 198
343 351 222
344 350 222
344 351 199
344 352 223
345 351 223
345 352 199
345 353 223
346 352 223
346 353 200
346 354 224
347 353 224
347 354 201
347 355 225
348 354 224
348 355 201
348 356 225
349 355 225
349 356 202
350 357 194
350 358 219
351 357 219
351 358 196
351 359 221
352 358 221
352 359 198
352 360 223
353 359 223
353 360 200
353 361 224
354 360 224
354 361 202
354 362 226
355 361 226
355 362 204
355 363 228
356 362 228
356 363 206
357 364 195
357 365 220
358 364 220
358 365 197
358 366 221
359 365 221
359 366 198
359 367 223
360 366 223
360 367 200
360 368 224
361 367 224
361 368 202
361 369 226
362 368 226
362 369 203
362 370 227
363 369 227
363 370 205
364 371 193
364 372 219
365 371 219
365 372 196
365 373 221
366 372 221
366 373 198
366 374 223
367 373 223
367 374 200
367 375 225
368 374 225
368 375 202
368 376 227
369 375 227
369 376 204
369 377 229
370 376 228
370 377 207
371 378 196
371 379 221
372 378 221
372 379 197
372 380 222
373 379 222
373 380 199
373 381 223
374 380 223
374 381 200
374 382 224
375 381 224
375 382 201
375 383 226
376 382 225
376 383 203
376 384 227
377 383 226
377 384 204
378 385 197
378 386 221
379 385 221
379 386 198
379 387 222
380 386 222
380 387 199
380 388 223
381 387 223
381 388 200
381 389 224
382 388 224
382 389 201
382 390 225
383 389 225
383 390 202
383 391 226
384 390 226
384 391 203
385 392 197
385 393 221
386 392 221
386 393 198
386 394 222
387 393 222
387 394 199
387 395 223
388 394 223
388 395 200
388 396 224
389 395 224
389 396 201
389 397 225
390 396 225
390 397 202
390 398 226
391 397 226
391 398 203
392 399 197
392 400 222
393 399 222
393 400 198
393 401 222
394 400 222
394 401 199
394 402 223
395 401 223
395 402 200
395 403 224
396 402 224
396 403 201
396 404 225
397 403 225
397 404 202
397 405 225
398 404 226
398 405 203
399 406 198
399 407 222
400 406 222
400 407 199
400 408 223
401 407 223
401 408 199
401 409 223
402 408 223
402 409 200
402 410 224
403 409 224
403 410 201
403 411 225
404 410 225
404 411 201
404 412 225
405 411 225
405 412 202
406 413 198
406 414 222
407 413 222
407 414 199
407 415 223
408 414 223
408 415 199
408 416 223
409 415 223
409 416 200
409 417 224
410 416 224
410 417 201
410 418 224
411 417 224
411 418 201
411 419 225
412 418 225
412 419 202
413 420 199
413 421 222
414 420 223
414 421 199
414 422 223
415 421 223
415 422 200
415 423 223
416 422 223
416 423 200
416 424 224
417 423 224
417 424 200
417 425 224
418 424 224
418 425 201
418 426 225
419 425 225
419 426 201
420 427 199
420 428 223
421 427 223
421 428 199
421 429 223
422 428 223
422 429 200
422 430 223
423 429 224
423 430 200
423 431 224
424 430 224
424 431 200
424 432 224
425 431 224
425 432 201
425 433 224
426 432 224
426 433 201
427 434 199
427 435 223
428 434 223
428 435 200
428 436 223
429 435 223
429 436 200
429 437 223
430 436 224
430 437 200
430 438 224
431 437 224
431 438 200
431 439 224
432 438 224
432 439 200
432 440 224
433 439 224
433 440 201
434 441 200
434 442 223
435 441 223
435 442 200
435 443 223
436 442 223
436 443 200
436 444 224
437 443 224
437 444 200
437 445 224
438 444 224
438 445 200
438 446 224
439 445 224
439 446 200
439 447 224
440 446 224
440 447 200
441 448 200
441 449 224
442 448 224
442 449 200
442 450 224
443 449 224
443 450 200
443 451 224
444 450 224
444 451 200
444 452 224
445 451 224
445 452 200
445 453 223
446 452 224
446 453 200
446 454 223
447 453 223
447 454 200
448 455 201
448 456 224
449 455 224
449 456 200
449 457 224
450 456 224
450 457 200
450 458 224
451 457 224
451 458 200
451 459 223
452 458 224
452 459 200
452 460 223
453 459 223
453 460 200
453 461 223
454 460 223
454 461 199
455 462 201
455 463 224
456 462 224
456 463 201
456 464 224
457 463 224
457 464 200
457 465 224
458 464 224
458 465 200
458 466 223
459 465 224
459 466 200
459 467 223
460 466 223
460 467 199
460 468 223
461 467 223
461 468 199
462 469 201
462 470 224
463 469 225
463 470 201
463 471 224
464 470 224
464 471 200
464 472 224
465 471 224
465 472 200
465 473 223
466 472 223
466 473 200
466 474 223
467 473 223
467 474 199
467 475 223
468 474 223
468 475 199
469 476 202
469 477 225
470 476 225
470 477 201
470 478 224
471 477 224
471 478 201
471 479 224
472 478 224
472 479 200
472 480 223
473 479 223
473 480 199
473 481 223
474 480 223
474 481 199
474 482 222
475 481 222
475 482 198
476 483 202
476 484 225
477 483 225
477 484 201
477 485 224
478 484 225
478 485 201
478 486 224
479 485 224
479 486 200
479 487 223
480 486 223
480 487 199
480 488 223
481 487 223
481 488 199
481 489 222
482 488 222
482 489 198
483 490 202
483 491 225
484 490 225
484 491 202
484 492 224
485 491 225
485 492 201
485 493 224
486 492 224
486 493 200
486 494 223
487 493 223
487 494 199
487 495 222
488 494 223
488 495 198
488 496 222
489 495 222
489 496 198
490 497 203
490 498 225
491 497 226
491 498 202
491 499 225
492 498 225
492 499 201
492 500 224
493 499 224
493 500 200
493 501 223
494 500 223
494 501 199
494 502 222
495 501 223
495 502 198
495 503 221
496 502 222
496 503 197
497 504 203
497 505 226
498 504 226
498 505 202
498 506 225
499 505 225
499 506 201
499 507 224
500 506 224
500 507 200
500 508 223
501 507 223
501 508 199
501 509 222
502 508 222
502 509 198
502 510 221
503 509 222
503 510 197
504 511 203
504 512 226
505 511 226
505 512 202
505 513 225
506 512 225
506 513 201
506 514 224
507 513 224
507 514 200
507 515 223
508 514 223
508 515 199
508 516 222
509 515 222
509 516 198
509 517 221
510 516 221
510 517 197
511 518 204
511 519 226
512 518 227
512 519 202
512 520 225
513 519 225
513 520 201
513 521 224
514 520 224
514 521 200
514 522 223
515 521 223
515 522 199
515 523 222
516 522 222
516 523 197
516 524 221
517 523 221
517 524 196
518 525 204
518 526 226
519 525 227
519 526 203
519 527 225
520 526 226
520 527 201
520 528 224
521 527 224
521 528 200
521 529 223
522 528 223
522 529 199
522 530 222
523 529 222
523 530 197
523 531 220
524 530 221
524 531 196
525 532 204
525 533 227
526 532 227
526 533 203
526 534 225
527 533 226
527 534 201
527 535 224
528 534 224
528 535 200
528 536 223
529 535 223
529 536 198
529 537 221
530 536 222
530 537 197
530 538 220
531 537 220
531 538 196
532 539 205
532 540 227
533 539 227
533 540 203
533 541 226
534 540 226
534 541 202
534 542 224
535 541 225
535 542 200
535 543 223
536 542 223
536 543 198
536 544 221
537 543 222
537 544 197
537 545 220
538 544 220
538 545 195
539 546 205
539 547 227
540 546 228
540 547 203
540 548 226
541 547 226
541 548 202
541 549 224
542 548 225
542 549 200
542 550 223
543 549 223
543 550 198
543 551 221
544 550 221
544 551 196
544 552 219
545 551 220
545 552 195
546 553 205
546 554 227
547 553 227
547 554 203
547 555 226
548 554 226
548 555 202
548 556 224
549 555 224
549 556 200
549 557 223
550 556 223
550 557 198
550 558 221
551 557 222
551 558 197
551 559 220
552 558 220
552 559 195
553 560 202
553 561 225
554 560 225
554 561 201
554 562 224
555 561 224
555 562 201
555 563 224
556 562 224
556 563 200
556 564 223
557 563 223
557 564 199
557 565 223
558 564 223
558 565 199
558 566 222
559 565 222
559 566 198
560 567 202
560 568 225
561 567 225
561 568 201
561 569 224
562 568 224
562 569 201
562 570 224
563 569 224
563 570 200
563 571 223
564 570 223
564 571 199
564 572 223
565 571 223
565 572 199
565 573 222
566 572 222
566 573 198
567 574 202
567 575 225
568 574 225
568 575 201
568 576 224
569 575 224
569 576 201
569 577 224
570 576 224
570 577 200
570 578 223
571 577 223
571 578 199
571 579 223
572 578 223
572 579 199
572 580 222
573 579 222
573 580 198
574 581 202
574 582 225
575 581 225
575 582 201
575 583 224
576 582 224
576 583 201
576 584 224
577 583 224
577 584 200
577 585 223
578 584 223
578 585 199
578 586 223
579 585 223
579 586 199
579 587 222
580 586 222
580 587 198
581 588 202
581 589 225
582 588 225
582 589 201
582 590 224
583 589 224
583 590 201
583 591 224
584 590 224
584 591 200
584 592 223
585 591 223
585 592 199
585 593 223
586 592 223
586 593 199
586 594 222
587 593 222
587 594 198
588 595 202
588 596 225
589 595 225
589 596 201
589 597 224
590 596 224
590 597 201
590 598 224
591 597 224
591 598 200
591 599 223
592 598 223
592 599 199
592 600 223
593 599 223
593 600 199
593 601 222
594 600 222
594 601 198
595 602 202
595 603 225
596 602 225
596 603 201
596 604 224
597 603 224
597 604 201
597 605 224
598 604 224
598 605 200
598 606 223
599 605 223
599 606 199
599 607 223
600 606 223
600 607 199
600 608 222
601 607 222
601 608 198
602 609 202
602 610 225
603 609 225
603 610 201
603 611 224
604 610 224
604 611 201
604 612 224
605 611 224
605 612 200
605 613 223
606 612 223
606 613 199
606 614 223
607 613 223
607 614 199
607 615 222
608 614 222
608 615 198
609 616 202
609 617 225
610 616 225
610 617 201
610 618 224
611 617 224
611 618 201
611 619 224
612 618 224
612 619 200
612 620 223
613 619 223
613 620 199
613 621 223
614 620 223
614 621 199
614 622 222
615 621 222
615 622 198
616 623 202
616 624 225
617 623 225
617 624 201
617 625 225
618 624 224
618 625 201
618 626 224
619 625 224
619 626 200
619 627 223
620 626 223
620 627 199
620 628 223
621 627 223
621 628 199
621 629 222
622 628 222
622 629 198
623 630 202
623 631 225
624 630 225
624 631 201
624 632 225
625 631 224
625 632 201
625 633 224
626 632 224
626 633 200
626 634 223
627 633 223
627 634 199
627 635 223
628 634 223
628 635 199
628 636 222
629 635 222
629 636 198
630 637 202
630 638 225
631 637 225
631 638 201
631 639 225
632 638 224
632 639 201
632 640 224
633 639 224
633 640 200
633 641 223
634 640 223
634 641 199
634 642 223
635 641 223
635 642 199
635 643 222
636 642 222
636 643 198
637 644 202
637 645 225
638 644 225
638 645 201
638 646 225
639 645 224
639 646 201
639 647 224
640 646 224
640 647 200
640 648 223
641 647 223
641 648 199
641 649 223
642 648 223
642 649 199
642 650 222
643 649 222
643 650 198
644 651 202
644 652 225
645 651 225
645 652 201
645 653 225
646 652 224
646 653 201
646 654 224
647 653 224
647 654 200
647 655 223
648 654 223
648 655 199
648 656 223
649 655 223
649 656 199
649 657 222
650 656 222
650 657 198
651 658 202
651 659 225
652 658 225
652 659 201
652 660 225
653 659 224
653 660 201
653 661 224
654 660 224
654 661 200
654 662 223
655 661 223
655 662 199
655 663 223
656 662 223
656 663 199
656 664 222
657 663 222
657 664 198
658 665 202
658 666 225
659 665 225
659 666 201
659 667 225
660 666 224
660 667 201
660 668 224
661 667 224
661 668 200
661 669 223
662 668 223
662 669 199
662 670 223
663 669 223
663 670 199
663 671 222
664 670 222
664 671 198
665 672 202
665 673 225
666 672 225
666 673 201
666 674 225
667 673 225
667 674 201
667 675 224
668 674 224
668 675 200
668 676 223
669 675 223
669 676 199
669 677 223
670 676 223
670 677 199
670 678 222
671 677 222
671 678 198
672 679 202
672 680 225
673 679 225
673 680 201
673 681 225
674 680 225
674 681 201
674 682 224
675 681 224
675 682 200
675 683 223
676 682 223
676 683 199
676 684 223
677 683 223
677 684 199
677 685 222
678 684 222
678 685 198
679 686 202
679 687 225
680 686 225
680 687 201
680 688 225
681 687 225
681 688 201
681 689 224
682 688 224
682 689 200
682 690 223
683 689 223
683 690 199
683 691 223
684 690 223
684 691 199
684 692 222
685 691 222
685 692 198
686 693 202
686 694 225
687 693 225
687 694 201
687 695 225
688 694 225
688 695 201
688 696 224
689 695 224
689 696 200
689 697 223
690 696 223
690 697 199
690 698 223
691 697 223
691 698 199
691 699 222
692 698 222
692 699 198
693 700 202
693 701 225
694 700 225
694 701 201
694 702 225
695 701 225
695 702 201
695 703 224
696 702 224
696 703 200
696 704 223
697 703 223
697 704 199
697 705 223
698 704 223
698 705 199
698 706 222
699 705 222
699 706 198
700 707 202
700 708 225
701 707 225
701 708 201
701 709 225
702 708 225
702 709 201
702 710 224
703 709 224
703 710 200
703 711 223
704 710 223
704 711 199
704 712 223
705 711 223
705 712 199
705 713 222
706 712 222
706 713 198
707 714 202
707 715 225
708 714 225
708 715 201
708 716 225
709 715 225
709 716 201
709 717 224
710 716 224
710 717 200
710 718 223
711 717 223
711 718 199
711 719 223
712 718 223
712 719 199
712 720 222
713 719 222
713 720 198
714 721 202
714 722 225
715 721 225
715 722 201
715 723 225
716 722 225
716 723 201
716 724 224
717 723 224
717 724 200
717 725 223
718 724 223
718 725 199
718 726 223
719 725 223
719 726 199
719 727 222
720 726 222
720 727 198
721 728 202
721 729 225
722 728 225
722 729 201
722 730 225
723 729 225
723 730 201
723 731 224
724 730 224
724 731 200
724 732 223
725 731 223
725 732 199
725 733 223
726 732 223
726 733 199
726 734 222
727 733 222
727 734 198
728 735 202
728 736 225
729 735 225
729 736 201
729 737 224
730 736 225
730 737 201
730 738 224
731 737 224
731 738 200
731 739 223
732 738 223
732 739 199
732 740 222
733 739 223
733 740 199
733 741 222
734 740 222
734 741 198
735 742 201
735 743 224
736 742 224
736 743 201
736 744 224
737 743 224
737 744 200
737 745 224
738 744 224
738 745 200
738 746 223
739 745 223
739 746 200
739 747 223
740 746 223
740 747 199
740 748 223
741 747 223
741 748 199
742 749 202
742 750 225
743 749 225
743 750 201
743 751 225
744 750 224
744 751 201
744 752 224
745 751 224
745 752 200
745 753 223
746 752 223
746 753 199
746 754 223
747 753 222
747 754 199
747 755 222
748 754 222
748 755 198
749 756 202
749 757 225
750 756 225
750 757 201
750 758 225
751 757 225
751 758 201
751 759 224
752 758 224
752 759 200
752 760 223
753 759 223
753 760 199
753 761 223
754 760 223
754 761 199
754 762 222
755 761 222
755 762 198
756 763 202
756 764 225
757 763 225
757 764 201
757 765 225
758 764 225
758 765 201
758 766 224
759 765 224
759 766 200
759 767 223
760 766 223
760 767 199
760 768 223
761 767 223
761 768 199
761 769 222
762 768 222
762 769 198
763 770 204
763 771 226
764 770 227
764 771 203
764 772 225
765 771 225
765 772 201
765 773 224
766 772 224
766 773 200
766 774 223
767 773 223
767 774 199
767 775 222
768 774 222
768 775 197
768 776 221
769 775 221
769 776 196
770 777 204
770 778 226
771 777 227
771 778 203
771 779 225
772 778 226
772 779 201
772 780 224
773 779 224
773 780 200
773 781 223
774 780 223
774 781 199
774 782 222
775 781 222
775 782 197
775 783 220
776 782 221
776 783 196
777 784 202
777 785 225
778 784 225
778 785 201
778 786 224
779 785 224
779 786 201
779 787 224
780 786 224
780 787 200
780 788 223
781 787 223
781 788 199
781 789 223
782 788 223
782 789 199
782 790 222
783 789 222
783 790 198
784 791 204
784 792 226
785 791 226
785 792 202
785 793 225
786 792 225
786 793 201
786 794 224
787 793 224
787 794 200
787 795 223
788 794 223
788 795 199
788 796 222
789 795 222
789 796 198
789 797 221
790 796 221
790 797 196
791 798 203
791 799 226
792 798 226
792 799 202
792 800 225
793 799 225
793 800 201
793 801 224
794 800 224
794 801 200
794 802 223
795 801 223
795 802 199
795 803 222
796 802 222
796 803 198
796 804 221
797 803 221
797 804 197
798 805 201
798 806 225
799 805 225
799 806 201
799 807 224
800 806 224
800 807 200
800 808 224
801 807 224
801 808 200
801 809 223
802 808 223
802 809 199
802 810 223
803 809 223
803 810 199
803 811 223
804 810 222
804 811 199
805 812 203
805 813 226
806 812 225
806 813 202
806 814 225
807 813 225
807 814 201
807 815 224
808 814 224
808 815 200
808 816 223
809 815 223
809 816 199
809 817 223
810 816 222
810 817 198
810 818 222
811 817 221
811 818 197
812 819 202
812 820 225
813 819 225
813 820 202
813 821 225
814 820 225
814 821 201
814 822 224
815 821 224
815 822 200
815 823 223
816 822 223
816 823 199
816 824 222
817 823 223
817 824 198
817 825 222
818 824 222
818 825 198
819 826 201
819 827 224
820 826 224
820 827 201
820 828 224
821 827 224
821 828 200
821 829 224
822 828 224
822 829 200
822 830 223
823 829 223
823 830 200
823 831 223
824 830 223
824 831 199
824 832 223
825 831 223
825 832 199
826 833 202
826 834 225
827 833 225
827 834 201
827 835 225
828 834 224
828 835 201
828 836 224
829 835 224
829 836 200
829 837 223
830 836 223
830 837 199
830 838 223
831 837 223
831 838 199
831 839 222
832 838 222
832 839 198
833 840 202
833 841 225
834 840 225
834 841 201
834 842 224
835 841 224
835 842 201
835 843 224
836 842 224
836 843 200
836 844 223
837 843 223
837 844 199
837 845 223
838 844 223
838 845 199
838 846 222
839 845 222
839 846 198
840 847 201
840 848 224
841 847 224
841 848 201
841 849 224
842 848 224
842 849 200
842 850 224
843 849 224
843 850 200
843 851 223
844 850 223
844 851 200
844 852 223
845 851 223
845 852 199
845 853 223
846 852 223
846 853 199
847 854 201
847 855 225
848 854 225
848 855 201
848 856 224
849 855 224
849 856 200
849 857 224
850 856 224
850 857 200
850 858 223
851 857 223
851 858 199
851 859 223
852 858 223
852 859 199
852 860 222
853 859 222
853 860 198
854 861 201
854 862 224
855 861 224
855 862 200
855 863 224
856 862 224
856 863 200
856 864 224
857 863 224
857 864 200
857 865 224
858 864 223
858 865 200
858 866 223
859 865 223
859 866 200
859 867 223
860 866 223
860 867 199
861 868 201
861 869 225
862 868 224
862 869 201
862 870 224
863 869 224
863 870 200
863 871 224
864 870 224
864 871 200
864 872 223
865 871 223
865 872 200
865 873 223
866 872 223
866 873 199
866 874 223
867 873 223
867 874 199
868 875 201
868 876 224
869 875 224
869 876 201
869 877 224
870 876 224
870 877 200
870 878 224
871 877 224
871 878 200
871 879 223
872 878 223
872 879 200
872 880 223
873 879 223
873 880 199
873 881 223
874 880 223
874 881 199
875 882 200
875 883 224
876 882 224
876 883 200
876 884 224
877 883 224
877 884 200
877 885 224
878 884 224
878 885 200
878 886 224
879 885 224
879 886 200
879 887 223
880 886 223
880 887 200
880 888 223
881 887 223
881 888 200
882 889 201
882 890 224
883 889 224
883 890 200
883 891 224
884 890 224
884 891 200
884 892 224
885 891 224
885 892 200
885 893 223
886 892 223
886 893 200
886 894 223
887 893 223
887 894 200
887 895 223
888 894 223
888 895 199
889 896 200
889 897 224
890 896 224
890 897 200
890 898 224
891 897 224
891 898 200
891 899 224
892 898 224
892 899 200
892 900 224
893 899 224
893 900 200
893 901 223
894 900 223
894 901 200
894 902 223
895 901 223
895 902 200
896 903 200
896 904 224
897 903 224
897 904 200
897 905 224
898 904 224
898 905 200
898 906 224
899 905 224
899 906 200
899 907 224
900 906 224
900 907 200
900 908 223
901 907 223
901 908 200
901 909 223
902 908 223
902 909 200
903 910 200
903 911 224
904 910 224
904 911 200
904 912 224
905 911 224
905 912 200
905 913 224
906 912 224
906 913 200
906 914 224
907 913 224
907 914 200
907 915 223
908 914 223
908 915 200
908 916 223
909 915 223
909 916 200
910 917 200
910 918 224
911 917 224
911 918 200
911 919 224
912 918 224
912 919 200
912 920 224
913 919 224
913 920 200
913 921 224
914 920 224
914 921 200
914 922 224
915 921 224
915 922 200
915 923 224
916 922 224
916 923 200
917 924 200
917 925 224
918 924 224
918 925 200
918 926 224
919 925 224
919 926 200
919 927 224
920 926 224
920 927 200
920 928 224
921 927 224
921 928 200
921 929 224
922 928 224
922 929 200
922 930 224
923 929 224
923 930 200
924 931 200
924 932 224
925 931 224
925 932 200
925 933 224
926 932 224
926 933 200
926 934 224
927 933 224
927 934 200
927 935 224
928 934 224
928 935 200
928 936 224
929 935 224
929 936 200
929 937 224
930 936 224
930 937 200
931 938 200
931 939 223
932 938 223
932 939 200
932 940 223
933 939 223
933 940 200
933 941 224
934 940 224
934 941 200
934 942 224
935 941 224
935 942 200
935 943 224
936 942 224
936 943 200
936 944 224
937 943 224
937 944 200
938 945 199
938 946 223
939 945 223
939 946 200
939 947 223
940 946 223
940 947 200
940 948 224
941 947 223
941 948 200
941 949 224
942 948 224
942 949 200
942 950 224
943 949 224
943 950 200
943 951 224
944 950 224
944 951 201
945 952 200
945 953 223
946 952 223
946 953 200
946 954 223
947 953 223
947 954 200
947 955 224
948 954 224
948 955 200
948 956 224
949 955 224
949 956 200
949 957 224
950 956 224
950 957 200
950 958 224
951 957 224
951 958 200
952 959 199
952 960 223
953 959 223
953 960 199
953 961 223
954 960 223
954 961 200
954 962 223
955 961 223
955 962 200
955 963 224
956 962 224
956 963 200
956 964 224
957 963 224
957 964 201
957 965 224
958 964 224
958 965 201
959 966 199
959 967 223
960 966 223
960 967 199
960 968 223
961 967 223
961 968 200
961 969 223
962 968 223
962 969 200
962 970 224
963 969 224
963 970 200
963 971 224
964 970 224
964 971 201
964 972 224
965 971 224
965 972 201
966 973 199
966 974 223
967 973 223
967 974 200
967 975 223
968 974 223
968 975 200
968 976 224
969 975 224
969 976 200
969 977 224
970 976 224
970 977 200
970 978 224
971 977 224
971 978 200
971 979 224
972 978 224
972 979 201
973 980 199
973 981 222
974 980 223
974 981 199
974 982 223
975 981 223
975 982 200
975 983 223
976 982 223
976 983 200
976 984 224
977 983 224
977 984 200
977 985 224
978 984 224
978 985 201
978 986 225
979 985 225
979 986 201
980 987 198
980 988 222
981 987 222
981 988 199
981 989 223
982 988 223
982 989 199
982 990 223
983 989 223
983 990 200
983 991 224
984 990 224
984 991 201
984 992 224
985 991 224
985 992 201
985 993 225
986 992 225
986 993 202
987 994 198
987 995 222
988 994 222
988 995 199
988 996 223
989 995 223
989 996 199
989 997 223
990 996 223
990 997 200
990 998 224
991 997 224
991 998 201
991 999 225
992 998 224
992 999 201
992 1000 225
993 999 225
993 1000 202
994 1001 199
994 1002 223
995 1001 223
995 1002 199
995 1003 223
996 1002 223
996 1003 200
996 1004 223
997 1003 223
997 1004 200
997 1005 224
998 1004 224
998 1005 200
998 1006 224
999 1005 224
999 1006 201
999 1007 224
1000 1006 224
1000 1007 201
1001 1008 198
1001 1009 222
1002 1008 222
1002 1009 198
1002 1010 222
1003 1009 223
1003 1010 199
1003 1011 223
1004 1010 223
1004 1011 200
1004 1012 224
1005 1011 224
1005 1012 201
1005 1013 225
1006 1012 225
1006 1013 202
1006 1014 225
1007 1013 226
1007 1014 202
1008 1015 197
1008 1016 221
1009 1015 222
1009 1016 198
1009 1017 222
1010 1016 222
1010 1017 199
1010 1018 223
1011 1017 223
1011 1018 200
1011 1019 224
1012 1018 224
1012 1019 201
1012 1020 225
1013 1019 225
1013 1020 202
1013 1021 226
1014 1020 226
1014 1021 203
1015 1022 200
1015 1023 223
1016 1022 223
1016 1023 200
1016 1024 223
1017 1023 224
1017 1024 200
1017 1025 223
1018 1024 224
1018 1025 200
1018 1026 224
1019 1025 224
1019 1026 200
1019 1027 224
1020 1026 224
1020 1027 200
1020 1028 224
1021 1027 224
1021 1028 200
1022 1029 201
1022 1030 224
1023 1029 224
1023 1030 200
1023 1031 224
1024 1030 224
1024 1031 200
1024 1032 224
1025 1031 224
1025 1032 200
1025 1033 224
1026 1032 224
1026 1033 200
1026 1034 223
1027 1033 223
1027 1034 200
1027 1035 223
1028 1034 223
1028 1035 199
1029 1036 200
1029 1037 224
1030 1036 224
1030 1037 200
1030 1038 224
1031 1037 224
1031 1038 200
1031 1039 224
1032 1038 224
1032 1039 200
1032 1040 224
1033 1039 224
1033 1040 200
1033 1041 223
1034 1040 223
1034 1041 200
1034 1042 223
1035 1041 223
1035 1042 200
1036 1043 200
1036 1044 224
1037 1043 224
1037 1044 200
1037 1045 224
1038 1044 224
1038 1045 200
1038 1046 224
1039 1045 224
1039 1046 200
1039 1047 224
1040 1046 224
1040 1047 200
1040 1048 223
1041 1047 223
1041 1048 200
1041 1049 223
1042 1048 223
1042 1049 200
1043 1050 200
1043 1051 224
1044 1050 224
1044 1051 200
1044 1052 224
1045 1051 224
1045 1052 200
1045 1053 224
1046 1052 224
1046 1053 200
1046 1054 224
1047 1053 224
1047 1054 200
1047 1055 224
1048 1054 224
1048 1055 200
1048 1056 223
1049 1055 223
1049 1056 200
1050 1057 200
1050 1058 224
1051 1057 224
1051 1058 200
1051 1059 224
1052 1058 224
1052 1059 200
1052 1060 224
1053 1059 224
1053 1060 200
1053 1061 224
1054 1060 224
1054 1061 200
1054 1062 224
1055 1061 224
1055 1062 200
1055 1063 224
1056 1062 224
1056 1063 200
1057 1064 200
1057 1065 224
1058 1064 224
1058 1065 200
1058 1066 224
1059 1065 224
1059 1066 200
1059 1067 224
1060 1066 224
1060 1067 200
1060 1068 224
1061 1067 224
1061 1068 200
1061 1069 224
1062 1068 224
1062 1069 200
1062 1070 224
1063 1069 224
1063 1070 200
1064 1071 200
1064 1072 223
1065 1071 223
1065 1072 200
1065 1073 223
1066 1072 223
1066 1073 200
1066 1074 224
1067 1073 224
1067 1074 200
1067 1075 224
1068 1074 224
1068 1075 200
1068 1076 224
1069 1075 224
1069 1076 200
1069 1077 224
1070 1076 224
1070 1077 200
1071 1078 200
1071 1079 223
1072 1078 223
1072 1079 200
1072 1080 223
1073 1079 223
1073 1080 200
1073 1081 224
1074 1080 224
1074 1081 200
1074 1082 224
1075 1081 224
1075 1082 200
1075 1083 224
1076 1082 224
1076 1083 200
1076 1084 224
1077 1083 224
1077 1084 200
1078 1085 199
1078 1086 223
1079 1085 223
1079 1086 200
1079 1087 223
1080 1086 223
1080 1087 200
1080 1088 223
1081 1087 224
1081 1088 200
1081 1089 224
1082 1088 224
1082 1089 200
1082 1090 224
1083 1089 224
1083 1090 200
1083 1091 224
1084 1090 224
1084 1091 201
1085 1092 199
1085 1093 223
1086 1092 223
1086 1093 200
1086 1094 223
1087 1093 223
1087 1094 200
1087 1095 223
1088 1094 224
1088 1095 200
1088 1096 224
1089 1095 224
1089 1096 200
1089 1097 224
1090 1096 224
1090 1097 200
1090 1098 224
1091 1097 224
1091 1098 201
1092 1099 199
1092 1100 223
1093 1099 223
1093 1100 199
1093 1101 223
1094 1100 223
1094 1101 200
1094 1102 223
1095 1101 223
1095 1102 200
1095 1103 224
1096 1102 224
1096 1103 200
1096 1104 224
1097 1103 224
1097 1104 201
1097 1105 225
1098 1104 225
1098 1105 201
1099 1106 199
1099 1107 223
1100 1106 223
1100 1107 199
1100 1108 223
1101 1107 223
1101 1108 200
1101 1109 223
1102 1108 223
1102 1109 200
1102 1110 224
1103 1109 224
1103 1110 200
1103 1111 224
1104 1110 224
1104 1111 201
1104 1112 224
1105 1111 224
1105 1112 201
1106 1113 199
1106 1114 223
1107 1113 223
1107 1114 199
1107 1115 223
1108 1114 223
1108 1115 200
1108 1116 223
1109 1115 223
1109 1116 200
1109 1117 224
1110 1116 224
1110 1117 200
1110 1118 224
1111 1117 224
1111 1118 201
1111 1119 225
1112 1118 225
1112 1119 201
1113 1120 199
1113 1121 222
1114 1120 223
1114 1121 199
1114 1122 223
1115 1121 223
1115 1122 199
1115 1123 223
1116 1122 223
1116 1123 200
1116 1124 224
1117 1123 224
1117 1124 200
1117 1125 224
1118 1124 224
1118 1125 201
1118 1126 225
1119 1125 225
1119 1126 201
1120 1127 197
1120 1128 222
1121 1127 222
1121 1128 198
1121 1129 222
1122 1128 222
1122 1129 199
1122 1130 223
1123 1129 223
1123 1130 200
1123 1131 224
1124 1130 224
1124 1131 201
1124 1132 225
1125 1131 225
1125 1132 202
1125 1133 226
1126 1132 225
1126 1133 203
1127 1134 198
1127 1135 222
1128 1134 222
1128 1135 199
1128 1136 223
1129 1135 223
1129 1136 199
1129 1137 223
1130 1136 223
1130 1137 200
1130 1138 224
1131 1137 224
1131 1138 201
1131 1139 225
1132 1138 224
1132 1139 201
1132 1140 225
1133 1139 225
1133 1140 202
1134 1141 198
1134 1142 222
1135 1141 222
1135 1142 199
1135 1143 223
1136 1142 223
1136 1143 199
1136 1144 223
1137 1143 223
1137 1144 200
1137 1145 224
1138 1144 224
1138 1145 201
1138 1146 225
1139 1145 225
1139 1146 201
1139 1147 225
1140 1146 225
1140 1147 202
1141 1148 196
1141 1149 221
1142 1148 221
1142 1149 198
1142 1150 222
1143 1149 222
1143 1150 199
1143 1151 223
1144 1150 223
1144 1151 200
1144 1152 224
1145 1151 224
1145 1152 201
1145 1153 225
1146 1152 225
1146 1153 202
1146 1154 226
1147 1153 226
1147 1154 204
1148 1155 197
1148 1156 222
1149 1155 222
1149 1156 198
1149 1157 223
1150 1156 222
1150 1157 199
1150 1158 223
1151 1157 223
1151 1158 200
1151 1159 224
1152 1158 224
1152 1159 201
1152 1160 225
1153 1159 225
1153 1160 202
1153 1161 226
1154 1160 225
1154 1161 203
1155 1162 197
1155 1163 221
1156 1162 221
1156 1163 198
1156 1164 222
1157 1163 222
1157 1164 199
1157 1165 223
1158 1164 223
1158 1165 200
1158 1166 224
1159 1165 224
1159 1166 201
1159 1167 225
1160 1166 225
1160 1167 202
1160 1168 226
1161 1167 226
1161 1168 203
1162 1169 195
1162 1170 220
1163 1169 220
1163 1170 197
1163 1171 222
1164 1170 221
1164 1171 198
1164 1172 223
1165 1171 223
1165 1172 200
1165 1173 224
1166 1172 224
1166 1173 202
1166 1174 226
1167 1173 226
1167 1174 203
1167 1175 227
1168 1174 227
1168 1175 205
1169 1176 197
1169 1177 221
1170 1176 221
1170 1177 198
1170 1178 222
1171 1177 222
1171 1178 199
1171 1179 223
1172 1178 223
1172 1179 200
1172 1180 224
1173 1179 224
1173 1180 201
1173 1181 225
1174 1180 225
1174 1181 202
1174 1182 226
1175 1181 226
1175 1182 203
1176 1183 194
1176 1184 220
1177 1183 219
1177 1184 196
1177 1185 221
1178 1184 221
1178 1185 198
1178 1186 223
1179 1185 223
1179 1186 200
1179 1187 225
1180 1186 224
1180 1187 202
1180 1188 226
1181 1187 226
1181 1188 204
1181 1189 228
1182 1188 228
1182 1189 205
1183 1190 196
1183 1191 221
1184 1190 221
1184 1191 197
1184 1192 222
1185 1191 222
1185 1192 199
1185 1193 223
1186 1192 223
1186 1193 200
1186 1194 224
1187 1193 224
1187 1194 201
1187 1195 225
1188 1194 225
1188 1195 203
1188 1196 227
1189 1195 226
1189 1196 204
1190 1197 194
1190 1198 219
1191 1197 219
1191 1198 196
1191 1199 221
1192 1198 221
1192 1199 198
1192 1200 223
1193 1199 223
1193 1200 200
1193 1201 225
1194 1200 224
1194 1201 202
1194 1202 227
1195 1201 226
1195 1202 204
1195 1203 228
1196 1202 228
1196 1203 206
1197 1204 196
1197 1205 220
1198 1204 220
1198 1205 197
1198 1206 222
1199 1205 222
1199 1206 198
1199 1207 223
1200 1206 223
1200 1207 200
1200 1208 224
1201 1207 224
1201 1208 201
1201 1209 226
1202 1208 226
1202 1209 203
1202 1210 227
1203 1209 227
1203 1210 204
1204 1211 190
1204 1212 216
1205 1211 216
1205 1212 193
1205 1213 219
1206 1212 219
1206 1213 197
1206 1214 222
1207 1213 222
1207 1214 200
1207 1215 225
1208 1214 225
1208 1215 203
1208 1216 228
1209 1215 228
1209 1216 207
1209 1217 231
1210 1216 231
1210 1217 210
1211 1218 193
1211 1219 218
1212 1218 218
1212 1219 195
1212 1220 221
1213 1219 220
1213 1220 198
1213 1221 223
1214 1220 223
1214 1221 200
1214 1222 225
1215 1221 225
1215 1222 202
1215 1223 227
1216 1222 227
1216 1223 205
1216 1224 229
1217 1223 229
1217 1224 207
1218 1225 190
1218 1226 216
1219 1225 216
1219 1226 193
1219 1227 219
1220 1226 219
1220 1227 197
1220 1228 222
1221 1227 222
1221 1228 200
1221 1229 225
1222 1228 225
1222 1229 203
1222 1230 228
1223 1229 228
1223 1230 207
1223 1231 231
1224 1230 231
1224 1231 210
1225 1232 191
1225 1233 217
1226 1232 217
1226 1233 194
1226 1234 220
1227 1233 219
1227 1234 197
1227 1235 222
1228 1234 222
1228 1235 200
1228 1236 225
1229 1235 225
1229 1236 203
1229 1237 228
1230 1236 228
1230 1237 206
1230 1238 231
1231 1237 230
1231 1238 209
1232 1239 194
1232 1240 219
1233 1239 219
1233 1240 196
1233 1241 221
1234 1240 221
1234 1241 198
1234 1242 223
1235 1241 223
1235 1242 200
1235 1243 224
1236 1242 224
1236 1243 202
1236 1244 226
1237 1243 226
1237 1244 204
1237 1245 228
1238 1244 228
1238 1245 206
1239 1246 192
1239 1247 217
1240 1246 218
1240 1247 195
1240 1248 220
1241 1247 220
1241 1248 197
1241 1249 222
1242 1248 223
1242 1249 200
1242 1250 224
1243 1249 225
1243 1250 203
1243 1251 227
1244 1250 227
1244 1251 205
1244 1252 229
1245 1251 230
1245 1252 208
1246 1253 193
1246 1254 218
1247 1253 219
1247 1254 195
1247 1255 220
1248 1254 221
1248 1255 198
1248 1256 222
1249 1255 223
1249 1256 200
1249 1257 224
1250 1256 225
1250 1257 202
1250 1258 227
1251 1257 227
1251 1258 205
1251 1259 229
1252 1258 229
1252 1259 207
1253 1260 194
1253 1261 219
1254 1260 219
1254 1261 196
1254 1262 221
1255 1261 221
1255 1262 198
1255 1263 223
1256 1262 223
1256 1263 200
1256 1264 224
1257 1263 225
1257 1264 202
1257 1265 226
1258 1264 226
1258 1265 204
1258 1266 228
1259 1265 228
1259 1266 206
1260 1267 195
1260 1268 220
1261 1267 220
1261 1268 197
1261 1269 221
1262 1268 221
1262 1269 198
1262 1270 223
1263 1269 223
1263 1270 200
1263 1271 224
1264 1270 224
1264 1271 202
1264 1272 226
1265 1271 226
1265 1272 203
1265 1273 227
1266 1272 227
1266 1273 205
1267 1274 196
1267 1275 221
1268 1274 221
1268 1275 198
1268 1276 222
1269 1275 222
1269 1276 199
1269 1277 223
1270 1276 223
1270 1277 200
1270 1278 224
1271 1277 224
1271 1278 201
1271 1279 225
1272 1278 225
1272 1279 202
1272 1280 226
1273 1279 226
1273 1280 204
1274 1281 198
1274 1282 222
1275 1281 222
1275 1282 198
1275 1283 223
1276 1282 223
1276 1283 199
1276 1284 223
1277 1283 223
1277 1284 200
1277 1285 224
1278 1284 224
1278 1285 201
1278 1286 225
1279 1285 225
1279 1286 202
1279 1287 225
1280 1286 225
1280 1287 202
1281 1288 199
1281 1289 223
1282 1288 223
1282 1289 199
1282 1290 223
1283 1289 223
1283 1290 200
1283 1291 223
1284 1290 223
1284 1291 200
1284 1292 224
1285 1291 224
1285 1292 200
1285 1293 224
1286 1292 224
1286 1293 201
1286 1294 224
1287 1293 224
1287 1294 201
1288 1295 200
1288 1296 224
1289 1295 224
1289 1296 200
1289 1297 224
1290 1296 224
1290 1297 200
1290 1298 224
1291 1297 224
1291 1298 200
1291 1299 224
1292 1298 224
1292 1299 200
1292 1300 223
1293 1299 224
1293 1300 200
1293 1301 223
1294 1300 223
1294 1301 200
1295 1302 201
1295 1303 225
1296 1302 225
1296 1303 201
1296 1304 224
1297 1303 224
1297 1304 200
1297 1305 224
1298 1304 224
1298 1305 200
1298 1306 223
1299 1305 223
1299 1306 199
1299 1307 223
1300 1306 223
1300 1307 199
1300 1308 222
1301 1307 223
1301 1308 199
1302 1309 203
1302 1310 226
1303 1309 226
1303 1310 202
1303 1311 225
1304 1310 225
1304 1311 201
1304 1312 224
1305 1311 224
1305 1312 200
1305 1313 223
1306 1312 223
1306 1313 199
1306 1314 222
1307 1313 222
1307 1314 198
1307 1315 221
1308 1314 222
1308 1315 197
1309 1316 204
1309 1317 226
1310 1316 227
1310 1317 203
1310 1318 225
1311 1317 226
1311 1318 201
1311 1319 224
1312 1318 224
1312 1319 200
1312 1320 223
1313 1319 223
1313 1320 199
1313 1321 222
1314 1320 222
1314 1321 197
1314 1322 220
1315 1321 221
1315 1322 196
1316 1323 205
1316 1324 227
1317 1323 228
1317 1324 203
1317 1325 226
1318 1324 226
1318 1325 202
1318 1326 224
1319 1325 225
1319 1326 200
1319 1327 223
1320 1326 223
1320 1327 198
1320 1328 221
1321 1327 222
1321 1328 197
1321 1329 219
1322 1328 220
1322 1329 195
1323 1330 204
1323 1331 227
1324 1330 227
1324 1331 203
1324 1332 225
1325 1331 225
1325 1332 201
1325 1333 224
1326 1332 224
1326 1333 200
1326 1334 223
1327 1333 223
1327 1334 199
1327 1335 222
1328 1334 222
1328 1335 197
1328 1336 221
1329 1335 221
1329 1336 196
1330 1337 207
1330 1338 229
1331 1337 229
1331 1338 205
1331 1339 227
1332 1338 226
1332 1339 202
1332 1340 225
1333 1339 224
1333 1340 200
1333 1341 223
1334 1340 222
1334 1341 198
1334 1342 221
1335 1341 220
1335 1342 195
1335 1343 219
1336 1342 218
1336 1343 193
1337 1344 208
1337 1345 230
1338 1344 229
1338 1345 205
1338 1346 227
1339 1345 227
1339 1346 203
1339 1347 225
1340 1346 225
1340 1347 200
1340 1348 223
1341 1347 222
1341 1348 197
1341 1349 220
1342 1348 220
1342 1349 195
1342 1350 218
1343 1349 217
1343 1350 192
1344 1351 209
1344 1352 230
1345 1351 230
1345 1352 206
1345 1353 228
1346 1352 228
1346 1353 203
1346 1354 225
1347 1353 225
1347 1354 200
1347 1355 222
1348 1354 222
1348 1355 197
1348 1356 220
1349 1355 220
1349 1356 194
1349 1357 217
1350 1356 217
1350 1357 191
1351 1358 199
1351 1359 223
1352 1358 222
1352 1359 199
1352 1360 223
1353 1359 223
1353 1360 200
1353 1361 224
1354 1360 223
1354 1361 200
1354 1362 224
1355 1361 224
1355 1362 200
1355 1363 224
1356 1362 224
1356 1363 201
1356 1364 225
1357 1363 224
1357 1364 201
1358 1365 198
1358 1366 222
1359 1365 222
1359 1366 199
1359 1367 223
1360 1366 223
1360 1367 199
1360 1368 223
1361 1367 223
1361 1368 200
1361 1369 224
1362 1368 224
1362 1369 201
1362 1370 224
1363 1369 224
1363 1370 201
1363 1371 225
1364 1370 225
1364 1371 202
1365 1372 198
1365 1373 222
1366 1372 222
1366 1373 199
1366 1374 223
1367 1373 223
1367 1374 199
1367 1375 223
1368 1374 223
1368 1375 200
1368 1376 224
1369 1375 224
1369 1376 201
1369 1377 224
1370 1376 225
1370 1377 201
1370 1378 225
1371 1377 225
1371 1378 202
1372 1379 199
1372 1380 223
1373 1379 223
1373 1380 199
1373 1381 223
1374 1380 223
1374 1381 200
1374 1382 223
1375 1381 223
1375 1382 200
1375 1383 224
1376 1382 224
1376 1383 200
1376 1384 224
1377 1383 224
1377 1384 201
1377 1385 224
1378 1384 224
1378 1385 201
1379 1386 200
1379 1387 223
1380 1386 223
1380 1387 200
1380 1388 223
1381 1387 223
1381 1388 200
1381 1389 224
1382 1388 224
1382 1389 200
1382 1390 224
1383 1389 224
1383 1390 200
1383 1391 224
1384 1390 224
1384 1391 200
1384 1392 224
1385 1391 224
1385 1392 200
1386 1393 200
1386 1394 224
1387 1393 224
1387 1394 200
1387 1395 224
1388 1394 224
1388 1395 200
1388 1396 224
1389 1395 224
1389 1396 200
1389 1397 224
1390 1396 224
1390 1397 200
1390 1398 223
1391 1397 223
1391 1398 200
1391 1399 223
1392 1398 223
1392 1399 200
1393 1400 201
1393 1401 224
1394 1400 224
1394 1401 200
1394 1402 224
1395 1401 224
1395 1402 200
1395 1403 224
1396 1402 224
1396 1403 200
1396 1404 224
1397 1403 223
1397 1404 200
1397 1405 223
1398 1404 223
1398 1405 200
1398 1406 223
1399 1405 223
1399 1406 199
1400 1407 202
1400 1408 225
1401 1407 225
1401 1408 201
1401 1409 224
1402 1408 224
1402 1409 201
1402 1410 224
1403 1409 224
1403 1410 200
1403 1411 223
1404 1410 223
1404 1411 199
1404 1412 223
1405 1411 223
1405 1412 199
1405 1413 222
1406 1412 222
1406 1413 198
1407 1414 202
1407 1415 225
1408 1414 226
1408 1415 202
1408 1416 225
1409 1415 225
1409 1416 201
1409 1417 224
1410 1416 224
1410 1417 200
1410 1418 223
1411 1417 223
1411 1418 199
1411 1419 222
1412 1418 223
1412 1419 198
1412 1420 222
1413 1419 222
1413 1420 198
1414 1421 202
1414 1422 225
1415 1421 225
1415 1422 201
1415 1423 225
1416 1422 225
1416 1423 201
1416 1424 224
1417 1423 224
1417 1424 200
1417 1425 223
1418 1424 223
1418 1425 199
1418 1426 223
1419 1425 223
1419 1426 199
1419 1427 222
1420 1426 222
1420 1427 198
1421 1428 204
1421 1429 226
1422 1428 227
1422 1429 203
1422 1430 225
1423 1429 225
1423 1430 201
1423 1431 224
1424 1430 224
1424 1431 200
1424 1432 223
1425 1431 223
1425 1432 199
1425 1433 222
1426 1432 222
1426 1433 197
1426 1434 221
1427 1433 221
1427 1434 196
1428 1435 203
1428 1436 226
1429 1435 226
1429 1436 202
1429 1437 225
1430 1436 225
1430 1437 201
1430 1438 224
1431 1437 224
1431 1438 200
1431 1439 223
1432 1438 223
1432 1439 199
1432 1440 222
1433 1439 222
1433 1440 198
1433 1441 221
1434 1440 221
1434 1441 197
1435 1442 205
1435 1443 228
1436 1442 228
1436 1443 204
1436 1444 226
1437 1443 226
1437 1444 202
1437 1445 224
1438 1444 224
1438 1445 200
1438 1446 223
1439 1445 223
1439 1446 198
1439 1447 221
1440 1446 221
1440 1447 196
1440 1448 220
1441 1447 220
1441 1448 195
1442 1449 204
1442 1450 227
1443 1449 227
1443 1450 203
1443 1451 225
1444 1450 225
1444 1451 201
1444 1452 224
1445 1451 224
1445 1452 200
1445 1453 223
1446 1452 223
1446 1453 199
1446 1454 222
1447 1453 222
1447 1454 197
1447 1455 221
1448 1454 220
1448 1455 196
1449 1456 207
1449 1457 229
1450 1456 229
1450 1457 205
1450 1458 227
1451 1457 227
1451 1458 202
1451 1459 225
1452 1458 224
1452 1459 200
1452 1460 223
1453 1459 222
1453 1460 198
1453 1461 221
1454 1460 220
1454 1461 195
1454 1462 219
1455 1461 218
1455 1462 193
1456 1463 208
1456 1464 229
1457 1463 230
1457 1464 205
1457 1465 227
1458 1464 227
1458 1465 203
1458 1466 225
1459 1465 225
1459 1466 200
1459 1467 222
1460 1466 223
1460 1467 197
1460 1468 220
1461 1467 220
1461 1468 195
1461 1469 218
1462 1468 218
1462 1469 192
1463 1470 206
1463 1471 228
1464 1470 228
1464 1471 204
1464 1472 226
1465 1471 226
1465 1472 202
1465 1473 224
1466 1472 224
1466 1473 200
1466 1474 223
1467 1473 223
1467 1474 198
1467 1475 221
1468 1474 221
1468 1475 196
1468 1476 219
1469 1475 219
1469 1476 194
1470 1477 210
1470 1478 231
1471 1477 231
1471 1478 206
1471 1479 228
1472 1478 228
1472 1479 203
1472 1480 225
1473 1479 225
1473 1480 200
1473 1481 222
1474 1480 222
1474 1481 197
1474 1482 219
1475 1481 219
1475 1482 194
1475 1483 216
1476 1482 216
1476 1483 190
1477 1484 211
1477 1485 231
1478 1484 232
1478 1485 207
1478 1486 228
1479 1485 229
1479 1486 204
1479 1487 225
1480 1486 225
1480 1487 200
1480 1488 222
1481 1487 222
1481 1488 196
1481 1489 218
1482 1488 219
1482 1489 193
1482 1490 215
1483 1489 216
1483 1490 189
1484 1491 208
1484 1492 229
1485 1491 230
1485 1492 205
1485 1493 227
1486 1492 227
1486 1493 203
1486 1494 225
1487 1493 225
1487 1494 200
1487 1495 222
1488 1494 222
1488 1495 197
1488 1496 220
1489 1495 220
1489 1496 195
1489 1497 218
1490 1496 218
1490 1497 192
1491 1498 213
1491 1499 233
1492 1498 233
1492 1499 209
1492 1500 230
1493 1499 229
1493 1500 204
1493 1501 226
1494 1500 225
1494 1501 200
1494 1502 222
1495 1501 221
1495 1502 196
1495 1503 218
1496 1502 218
1496 1503 191
1496 1504 214
1497 1503 214
1497 1504 187
1498 1505 214
1498 1506 234
1499 1505 234
1499 1506 209
1499 1507 230
1500 1506 230
1500 1507 205
1500 1508 226
1501 1507 226
1501 1508 200
1501 1509 221
1502 1508 222
1502 1509 195
1502 1510 217
1503 1509 217
1503 1510 190
1503 1511 213
1504 1510 213
1504 1511 186
1505 1512 214
1505 1513 234
1506 1512 235
1506 1513 209
1506 1514 230
1507 1513 230
1507 1514 205
1507 1515 225
1508 1514 226
1508 1515 200
1508 1516 221
1509 1515 222
1509 1516 195
1509 1517 217
1510 1516 218
1510 1517 191
1510 1518 213
1511 1517 213
1511 1518 186
1512 1519 205
1512 1520 227
1513 1519 228
1513 1520 203
1513 1521 226
1514 1520 226
1514 1521 202
1514 1522 224
1515 1521 224
1515 1522 200
1515 1523 223
1516 1522 223
1516 1523 198
1516 1524 221
1517 1523 221
1517 1524 197
1517 1525 220
1518 1524 220
1518 1525 195
1519 1526 208
1519 1527 230
1520 1526 229
1520 1527 205
1520 1528 227
1521 1527 227
1521 1528 203
1521 1529 225
1522 1528 225
1522 1529 200
1522 1530 223
1523 1529 222
1523 1530 197
1523 1531 220
1524 1530 220
1524 1531 195
1524 1532 218
1525 1531 218
1525 1532 192
1526 1533 208
1526 1534 229
1527 1533 229
1527 1534 205
1527 1535 227
1528 1534 227
1528 1535 203
1528 1536 225
1529 1535 225
1529 1536 200
1529 1537 222
1530 1536 223
1530 1537 197
1530 1538 220
1531 1537 220
1531 1538 195
1531 1539 218
1532 1538 218
1532 1539 192
1533 1540 205
1533 1541 227
1534 1540 227
1534 1541 203
1534 1542 226
1535 1541 226
1535 1542 202
1535 1543 224
1536 1542 224
1536 1543 200
1536 1544 223
1537 1543 223
1537 1544 198
1537 1545 221
1538 1544 221
1538 1545 197
1538 1546 220
1539 1545 220
1539 1546 195
1540 1547 208
1540 1548 229
1541 1547 229
1541 1548 205
1541 1549 227
1542 1548 227
1542 1549 203
1542 1550 225
1543 1549 225
1543 1550 200
1543 1551 223
1544 1550 222
1544 1551 197
1544 1552 220
1545 1551 220
1545 1552 195
1545 1553 218
1546 1552 218
1546 1553 192
1547 1554 208
1547 1555 229
1548 1554 230
1548 1555 205
1548 1556 227
1549 1555 227
1549 1556 203
1549 1557 225
1550 1556 225
1550 1557 200
1550 1558 222
1551 1557 223
1551 1558 197
1551 1559 220
1552 1558 220
1552 1559 195
1552 1560 218
1553 1559 218
1553 1560 192
1554 1561 205
1554 1562 227
1555 1561 228
1555 1562 203
1555 1563 226
1556 1562 226
1556 1563 202
1556 1564 224
1557 1563 224
1557 1564 200
1557 1565 223
1558 1564 223
1558 1565 198
1558 1566 221
1559 1565 221
1559 1566 196
1559 1567 220
1560 1566 220
1560 1567 195
1561 1568 208
1561 1569 230
1562 1568 230
1562 1569 205
1562 1570 227
1563 1569 227
1563 1570 203
1563 1571 225
1564 1570 225
1564 1571 200
1564 1572 222
1565 1571 222
1565 1572 197
1565 1573 220
1566 1572 220
1566 1573 195
1566 1574 218
1567 1573 218
1567 1574 192
1568 1575 205
1568 1576 228
1569 1575 228
1569 1576 204
1569 1577 226
1570 1576 226
1570 1577 202
1570 1578 224
1571 1577 224
1571 1578 200
1571 1579 223
1572 1578 223
1572 1579 198
1572 1580 221
1573 1579 221
1573 1580 196
1573 1581 220
1574 1580 219
1574 1581 195
1575 1582 208
1575 1583 230
1576 1582 230
1576 1583 206
1576 1584 227
1577 1583 227
1577 1584 203
1577 1585 225
1578 1584 225
1578 1585 200
1578 1586 222
1579 1585 222
1579 1586 197
1579 1587 220
1580 1586 220
1580 1587 194
1580 1588 217
1581 1587 217
1581 1588 192
1582 1589 206
1582 1590 228
1583 1589 228
1583 1590 204
1583 1591 226
1584 1590 226
1584 1591 202
1584 1592 225
1585 1591 224
1585 1592 200
1585 1593 223
1586 1592 223
1586 1593 198
1586 1594 221
1587 1593 221
1587 1594 196
1587 1595 219
1588 1594 219
1588 1595 194
1589 1596 209
1589 1597 231
1590 1596 230
1590 1597 206
1590 1598 228
1591 1597 227
1591 1598 203
1591 1599 225
1592 1598 225
1592 1599 200
1592 1600 222
1593 1599 222
1593 1600 197
1593 1601 220
1594 1600 219
1594 1601 194
1594 1602 217
1595 1601 217
1595 1602 191
1596 1603 209
1596 1604 230
1597 1603 231
1597 1604 206
1597 1605 228
1598 1604 228
1598 1605 203
1598 1606 225
1599 1605 225
1599 1606 200
1599 1607 222
1600 1606 222
1600 1607 197
1600 1608 219
1601 1607 220
1601 1608 194
1601 1609 216
1602 1608 217
1602 1609 191
1603 1610 207
1603 1611 228
1604 1610 229
1604 1611 204
1604 1612 226
1605 1611 227
1605 1612 202
1605 1613 224
1606 1612 225
1606 1613 200
1606 1614 223
1607 1613 223
1607 1614 198
1607 1615 221
1608 1614 221
1608 1615 196
1608 1616 219
1609 1615 219
1609 1616 193
1610 1617 210
1610 1618 231
1611 1617 231
1611 1618 207
1611 1619 228
1612 1618 228
1612 1619 203
1612 1620 225
1613 1619 225
1613 1620 200
1613 1621 222
1614 1620 222
1614 1621 197
1614 1622 219
1615 1621 219
1615 1622 193
1615 1623 216
1616 1622 216
1616 1623 190
1617 1624 207
1617 1625 229
1618 1624 229
1618 1625 205
1618 1626 227
1619 1625 227
1619 1626 202
1619 1627 225
1620 1626 225
1620 1627 200
1620 1628 223
1621 1627 222
1621 1628 198
1621 1629 220
1622 1628 220
1622 1629 195
1622 1630 218
1623 1629 218
1623 1630 193
1624 1631 211
1624 1632 232
1625 1631 232
1625 1632 207
1625 1633 229
1626 1632 228
1626 1633 204
1626 1634 226
1627 1633 225
1627 1634 200
1627 1635 222
1628 1634 222
1628 1635 196
1628 1636 219
1629 1635 218
1629 1636 192
1629 1637 216
1630 1636 215
1630 1637 189
1631 1638 212
1631 1639 232
1632 1638 233
1632 1639 208
1632 1640 229
1633 1639 229
1633 1640 204
1633 1641 225
1634 1640 226
1634 1641 200
1634 1642 222
1635 1641 222
1635 1642 196
1635 1643 218
1636 1642 218
1636 1643 192
1636 1644 215
1637 1643 215
1637 1644 188
1638 1645 208
1638 1646 230
1639 1645 230
1639 1646 206
1639 1647 227
1640 1646 227
1640 1647 203
1640 1648 225
1641 1647 225
1641 1648 200
1641 1649 222
1642 1648 222
1642 1649 197
1642 1650 220
1643 1649 220
1643 1650 194
1643 1651 217
1644 1650 217
1644 1651 192
1645 1652 213
1645 1653 234
1646 1652 233
1646 1653 209
1646 1654 230
1647 1653 229
1647 1654 204
1647 1655 226
1648 1654 225
1648 1655 200
1648 1656 222
1649 1655 221
1649 1656 196
1649 1657 218
1650 1656 217
1650 1657 191
1650 1658 214
1651 1657 213
1651 1658 187
1652 1659 214
1652 1660 234
1653 1659 234
1653 1660 209
1653 1661 230
1654 1660 230
1654 1661 205
1654 1662 226
1655 1661 226
1655 1662 200
1655 1663 221
1656 1662 222
1656 1663 195
1656 1664 217
1657 1663 217
1657 1664 191
1657 1665 213
1658 1664 213
1658 1665 186
1659 1666 215
1659 1667 234
1660 1666 235
1660 1667 210
1660 1668 230
1661 1667 231
1661 1668 205
1661 1669 225
1662 1668 226
1662 1669 200
1662 1670 221
1663 1669 222
1663 1670 195
1663 1671 216
1664 1670 217
1664 1671 190
1664 1672 212
1665 1671 213
1665 1672 185
1666 1673 210
1666 1674 231
1667 1673 231
1667 1674 207
1667 1675 228
1668 1674 228
1668 1675 203
1668 1676 225
1669 1675 225
1669 1676 200
1669 1677 222
1670 1676 222
1670 1677 197
1670 1678 219
1671 1677 219
1671 1678 193
1671 1679 216
1672 1678 216
1672 1679 190
1673 1680 213
1673 1681 234
1674 1680 233
1674 1681 209
1674 1682 230
1675 1681 229
1675 1682 204
1675 1683 226
1676 1682 225
1676 1683 200
1676 1684 222
1677 1683 221
1677 1684 196
1677 1685 218
1678 1684 217
1678 1685 191
1678 1686 214
1679 1685 214
1679 1686 187
1680 1687 213
1680 1688 233
1681 1687 233
1681 1688 208
1681 1689 229
1682 1688 229
1682 1689 204
1682 1690 226
1683 1689 225
1683 1690 200
1683 1691 222
1684 1690 222
1684 1691 196
1684 1692 218
1685 1691 218
1685 1692 192
1685 1693 214
1686 1692 214
1686 1693 187
1687 1694 212
1687 1695 233
1688 1694 233
1688 1695 208
1688 1696 229
1689 1695 229
1689 1696 204
1689 1697 225
1690 1696 226
1690 1697 200
1690 1698 222
1691 1697 222
1691 1698 196
1691 1699 218
1692 1698 218
1692 1699 192
1692 1700 214
1693 1699 215
1693 1700 188
1694 1701 212
1694 1702 232
1695 1701 233
1695 1702 208
1695 1703 228
1696 1702 229
1696 1703 204
1696 1704 225
1697 1703 226
1697 1704 200
1697 1705 221
1698 1704 222
1698 1705 196
1698 1706 218
1699 1705 219
1699 1706 192
1699 1707 214
1700 1706 215
1700 1707 188
1701 1708 208
1701 1709 229
1702 1708 229
1702 1709 205
1702 1710 227
1703 1709 227
1703 1710 203
1703 1711 225
1704 1710 225
1704 1711 200
1704 1712 222
1705 1711 223
1705 1712 197
1705 1713 220
1706 1712 220
1706 1713 195
1706 1714 218
1707 1713 218
1707 1714 192
1708 1715 211
1708 1716 232
1709 1715 232
1709 1716 207
1709 1717 229
1710 1716 228
1710 1717 204
1710 1718 225
1711 1717 225
1711 1718 200
1711 1719 222
1712 1718 222
1712 1719 196
1712 1720 219
1713 1719 218
1713 1720 193
1713 1721 216
1714 1720 215
1714 1721 189
1715 1722 211
1715 1723 231
1716 1722 232
1716 1723 207
1716 1724 228
1717 1723 229
1717 1724 204
1717 1725 225
1718 1724 225
1718 1725 200
1718 1726 222
1719 1725 222
1719 1726 196
1719 1727 219
1720 1726 219
1720 1727 193
1720 1728 215
1721 1727 216
1721 1728 189
1722 1729 207
1722 1730 229
1723 1729 229
1723 1730 205
1723 1731 227
1724 1730 227
1724 1731 202
1724 1732 225
1725 1731 225
1725 1732 200
1725 1733 223
1726 1732 223
1726 1733 198
1726 1734 221
1727 1733 221
1727 1734 195
1727 1735 219
1728 1734 219
1728 1735 193
1729 1736 210
1729 1737 231
1730 1736 231
1730 1737 207
1730 1738 228
1731 1737 228
1731 1738 203
1731 1739 225
1732 1738 225
1732 1739 200
1732 1740 222
1733 1739 222
1733 1740 197
1733 1741 219
1734 1740 219
1734 1741 193
1734 1742 216
1735 1741 216
1735 1742 190
1736 1743 206
1736 1744 228
1737 1743 228
1737 1744 204
1737 1745 227
1738 1744 226
1738 1745 202
1738 1746 225
1739 1745 224
1739 1746 200
1739 1747 223
1740 1746 223
1740 1747 198
1740 1748 221
1741 1747 221
1741 1748 196
1741 1749 219
1742 1748 219
1742 1749 194
1743 1750 209
1743 1751 231
1744 1750 230
1744 1751 206
1744 1752 228
1745 1751 227
1745 1752 203
1745 1753 225
1746 1752 225
1746 1753 200
1746 1754 223
1747 1753 222
1747 1754 197
1747 1755 220
1748 1754 219
1748 1755 194
1748 1756 217
1749 1755 217
1749 1756 191
1750 1757 209
1750 1758 230
1751 1757 230
1751 1758 206
1751 1759 227
1752 1758 228
1752 1759 203
1752 1760 225
1753 1759 225
1753 1760 200
1753 1761 222
1754 1760 222
1754 1761 197
1754 1762 220
1755 1761 220
1755 1762 194
1755 1763 217
1756 1762 217
1756 1763 191
1757 1764 205
1757 1765 228
1758 1764 228
1758 1765 204
1758 1766 226
1759 1765 226
1759 1766 202
1759 1767 224
1760 1766 225
1760 1767 200
1760 1768 223
1761 1767 223
1761 1768 198
1761 1769 221
1762 1768 221
1762 1769 196
1762 1770 219
1763 1769 220
1763 1770 195
1764 1771 208
1764 1772 229
1765 1771 230
1765 1772 205
1765 1773 227
1766 1772 227
1766 1773 203
1766 1774 225
1767 1773 225
1767 1774 200
1767 1775 222
1768 1774 223
1768 1775 197
1768 1776 220
1769 1775 220
1769 1776 195
1769 1777 218
1770 1776 218
1770 1777 192
1771 1778 205
1771 1779 227
1772 1778 227
1772 1779 203
1772 1780 226
1773 1779 226
1773 1780 202
1773 1781 224
1774 1780 224
1774 1781 200
1774 1782 223
1775 1781 223
1775 1782 198
1775 1783 221
1776 1782 222
1776 1783 197
1776 1784 220
1777 1783 220
1777 1784 195
1778 1785 205
1778 1786 227
1779 1785 227
1779 1786 203
1779 1787 226
1780 1786 226
1780 1787 202
1780 1788 224
1781 1787 224
1781 1788 200
1781 1789 223
1782 1788 223
1782 1789 198
1782 1790 222
1783 1789 221
1783 1790 197
1783 1791 220
1784 1790 220
1784 1791 195
1785 1792 207
1785 1793 229
1786 1792 229
1786 1793 205
1786 1794 227
1787 1793 227
1787 1794 202
1787 1795 225
1788 1794 225
1788 1795 200
1788 1796 223
1789 1795 223
1789 1796 198
1789 1797 221
1790 1796 221
1790 1797 195
1790 1798 219
1791 1797 219
1791 1798 193
1792 1799 204
1792 1800 227
1793 1799 227
1793 1800 203
1793 1801 225
1794 1800 226
1794 1801 201
1794 1802 224
1795 1801 224
1795 1802 200
1795 1803 223
1796 1802 223
1796 1803 199
1796 1804 222
1797 1803 222
1797 1804 197
1797 1805 220
1798 1804 220
1798 1805 196
1799 1806 204
1799 1807 227
1800 1806 227
1800 1807 203
1800 1808 226
1801 1807 225
1801 1808 201
1801 1809 224
1802 1808 224
1802 1809 200
1802 1810 223
1803 1809 223
1803 1810 199
1803 1811 222
1804 1810 222
1804 1811 197
1804 1812 221
1805 1811 220
1805 1812 196
1806 1813 206
1806 1814 228
1807 1813 228
1807 1814 204
1807 1815 226
1808 1814 226
1808 1815 202
1808 1816 224
1809 1815 224
1809 1816 200
1809 1817 223
1810 1816 223
1810 1817 198
1810 1818 221
1811 1817 221
1811 1818 196
1811 1819 219
1812 1818 219
1812 1819 194
1813 1820 204
1813 1821 226
1814 1820 226
1814 1821 202
1814 1822 225
1815 1821 225
1815 1822 201
1815 1823 224
1816 1822 224
1816 1823 200
1816 1824 223
1817 1823 223
1817 1824 199
1817 1825 222
1818 1824 222
1818 1825 198
1818 1826 221
1819 1825 221
1819 1826 196
1820 1827 204
1820 1828 226
1821 1827 226
1821 1828 202
1821 1829 225
1822 1828 225
1822 1829 201
1822 1830 224
1823 1829 224
1823 1830 200
1823 1831 223
1824 1830 223
1824 1831 199
1824 1832 222
1825 1831 222
1825 1832 198
1825 1833 221
1826 1832 221
1826 1833 196
1827 1834 203
1827 1835 226
1828 1834 226
1828 1835 202
1828 1836 225
1829 1835 225
1829 1836 201
1829 1837 224
1830 1836 224
1830 1837 200
1830 1838 223
1831 1837 223
1831 1838 199
1831 1839 222
1832 1838 222
1832 1839 198
1832 1840 221
1833 1839 221
1833 1840 197
1834 1841 205
1834 1842 227
1835 1841 227
1835 1842 203
1835 1843 226
1836 1842 226
1836 1843 202
1836 1844 224
1837 1843 224
1837 1844 200
1837 1845 223
1838 1844 223
1838 1845 198
1838 1846 222
1839 1845 221
1839 1846 197
1839 1847 220
1840 1846 220
1840 1847 195
1841 1848 213
1841 1849 234
1842 1848 234
1842 1849 209
1842 1850 230
1843 1849 230
1843 1850 204
1843 1851 226
1844 1850 226
1844 1851 200
1844 1852 222
1845 1851 222
1845 1852 196
1845 1853 218
1846 1852 218
1846 1853 191
1846 1854 214
1847 1853 214
1847 1854 187
1848 1855 208
1848 1856 229
1849 1855 230
1849 1856 205
1849 1857 227
1850 1856 227
1850 1857 203
1850 1858 224
1851 1857 225
1851 1858 200
1851 1859 222
1852 1858 223
1852 1859 197
1852 1860 220
1853 1859 221
1853 1860 195
1853 1861 217
1854 1860 218
1854 1861 192
1855 1862 207
1855 1863 228
1856 1862 229
1856 1863 205
1856 1864 226
1857 1863 227
1857 1864 202
1857 1865 224
1858 1864 225
1858 1865 200
1858 1866 222
1859 1865 223
1859 1866 198
1859 1867 220
1860 1866 221
1860 1867 195
1860 1868 218
1861 1867 219
1861 1868 193
1862 1869 206
1862 1870 228
1863 1869 228
1863 1870 204
1863 1871 226
1864 1870 227
1864 1871 202
1864 1872 224
1865 1871 225
1865 1872 200
1865 1873 222
1866 1872 223
1866 1873 198
1866 1874 221
1867 1873 221
1867 1874 196
1867 1875 219
1868 1874 219
1868 1875 194
1869 1876 203
1869 1877 226
1870 1876 226
1870 1877 202
1870 1878 225
1871 1877 225
1871 1878 201
1871 1879 224
1872 1878 224
1872 1879 200
1872 1880 223
1873 1879 223
1873 1880 199
1873 1881 222
1874 1880 222
1874 1881 198
1874 1882 222
1875 1881 222
1875 1882 197
1876 1883 205
1876 1884 228
1877 1883 227
1877 1884 203
1877 1885 226
1878 1884 225
1878 1885 202
1878 1886 225
1879 1885 224
1879 1886 200
1879 1887 223
1880 1886 222
1880 1887 198
1880 1888 222
1881 1887 221
1881 1888 197
1881 1889 220
1882 1888 220
1882 1889 195
1883 1890 204
1883 1891 227
1884 1890 227
1884 1891 203
1884 1892 226
1885 1891 225
1885 1892 201
1885 1893 224
1886 1892 224
1886 1893 200
1886 1894 223
1887 1893 223
1887 1894 199
1887 1895 222
1888 1894 221
1888 1895 197
1888 1896 221
1889 1895 220
1889 1896 196
1890 1897 204
1890 1898 227
1891 1897 226
1891 1898 203
1891 1899 225
1892 1898 225
1892 1899 201
1892 1900 224
1893 1899 224
1893 1900 200
1893 1901 223
1894 1900 223
1894 1901 199
1894 1902 222
1895 1901 222
1895 1902 197
1895 1903 221
1896 1902 221
1896 1903 196
1897 1904 203
1897 1905 226
1898 1904 226
1898 1905 202
1898 1906 225
1899 1905 225
1899 1906 201
1899 1907 224
1900 1906 224
1900 1907 200
1900 1908 223
1901 1907 223
1901 1908 199
1901 1909 222
1902 1908 222
1902 1909 198
1902 1910 221
1903 1909 221
1903 1910 197
1904 1911 203
1904 1912 226
1905 1911 226
1905 1912 202
1905 1913 225
1906 1912 225
1906 1913 201
1906 1914 224
1907 1913 224
1907 1914 200
1907 1915 223
1908 1914 223
1908 1915 199
1908 1916 222
1909 1915 222
1909 1916 198
1909 1917 221
1910 1916 222
1910 1917 197
1911 1918 201
1911 1919 225
1912 1918 224
1912 1919 201
1912 1920 224
1913 1919 224
1913 1920 200
1913 1921 224
1914 1920 224
1914 1921 200
1914 1922 223
1915 1921 223
1915 1922 200
1915 1923 223
1916 1922 223
1916 1923 199
1916 1924 223
1917 1923 223
1917 1924 199
1918 1925 202
1918 1926 225
1919 1925 225
1919 1926 201
1919 1927 225
1920 1926 224
1920 1927 201
1920 1928 224
1921 1927 224
1921 1928 200
1921 1929 223
1922 1928 223
1922 1929 199
1922 1930 223
1923 1929 223
1923 1930 199
1923 1931 222
1924 1930 222
1924 1931 198
1925 1932 202
1925 1933 225
1926 1932 225
1926 1933 201
1926 1934 224
1927 1933 224
1927 1934 201
1927 1935 224
1928 1934 224
1928 1935 200
1928 1936 223
1929 1935 223
1929 1936 199
1929 1937 223
1930 1936 223
1930 1937 199
1930 1938 222
1931 1937 222
1931 1938 198
1932 1939 201
1932 1940 224
1933 1939 225
1933 1940 201
1933 1941 224
1934 1940 224
1934 1941 200
1934 1942 224
1935 1941 224
1935 1942 200
1935 1943 223
1936 1942 223
1936 1943 200
1936 1944 223
1937 1943 223
1937 1944 199
1937 1945 223
1938 1944 223
1938 1945 199
1939 1946 200
1939 1947 224
1940 1946 224
1940 1947 200
1940 1948 224
1941 1947 224
1941 1948 200
1941 1949 224
1942 1948 224
1942 1949 200
1942 1950 224
1943 1949 224
1943 1950 200
1943 1951 223
1944 1950 223
1944 1951 200
1944 1952 223
1945 1951 223
1945 1952 200
1946 1953 201
1946 1954 224
1947 1953 224
1947 1954 200
1947 1955 224
1948 1954 224
1948 1955 200
1948 1956 224
1949 1955 224
1949 1956 200
1949 1957 224
1950 1956 223
1950 1957 200
1950 1958 223
1951 1957 223
1951 1958 200
1951 1959 223
1952 1958 223
1952 1959 199
1953 1960 200
1953 1961 224
1954 1960 224
1954 1961 200
1954 1962 224
1955 1961 224
1955 1962 200
1955 1963 224
1956 1962 224
1956 1963 200
1956 1964 224
1957 1963 224
1957 1964 200
1957 1965 223
1958 1964 223
1958 1965 200
1958 1966 223
1959 1965 223
1959 1966 200
1960 1967 200
1960 1968 224
1961 1967 223
1961 1968 200
1961 1969 224
1962 1968 224
1962 1969 200
1962 1970 224
1963 1969 224
1963 1970 200
1963 1971 224
1964 1970 224
1964 1971 200
1964 1972 224
1965 1971 224
1965 1972 200
1965 1973 224
1966 1972 224
1966 1973 200
1967 1974 200
1967 1975 223
1968 1974 223
1968 1975 200
1968 1976 224
1969 1975 223
1969 1976 200
1969 1977 224
1970 1976 224
1970 1977 200
1970 1978 224
1971 1977 224
1971 1978 200
1971 1979 224
1972 1978 224
1972 1979 200
1972 1980 224
1973 1979 224
1973 1980 200
1974 1981 199
1974 1982 223
1975 1981 223
1975 1982 200
1975 1983 223
1976 1982 223
1976 1983 200
1976 1984 223
1977 1983 223
1977 1984 200
1977 1985 224
1978 1984 224
1978 1985 200
1978 1986 224
1979 1985 224
1979 1986 200
1979 1987 224
1980 1986 224
1980 1987 201
1981 1988 199
1981 1989 223
1982 1988 223
1982 1989 199
1982 1990 223
1983 1989 223
1983 1990 200
1983 1991 223
1984 1990 223
1984 1991 200
1984 1992 224
1985 1991 224
1985 1992 200
1985 1993 224
1986 1992 224
1986 1993 201
1986 1994 224
1987 1993 224
1987 1994 201
1988 1995 199
1988 1996 223
1989 1995 223
1989 1996 200
1989 1997 223
1990 1996 223
1990 1997 200
1990 1998 223
1991 1997 223
1991 1998 200
1991 1999 224
1992 1998 224
1992 1999 200
1992 2000 224
1993 1999 224
1993 2000 200
1993 2001 224
1994 2000 224
1994 2001 201
1995 2002 198
1995 2003 222
1996 2002 222
1996 2003 199
1996 2004 223
1997 2003 223
1997 2004 199
1997 2005 223
1998 2004 223
1998 2005 200
1998 2006 224
1999 2005 224
1999 2006 201
1999 2007 224
2000 2006 224
2000 2007 201
2000 2008 225
2001 2007 225
2001 2008 202
2002 2009 198
2002 2010 222
2003 2009 222
2003 2010 199
2003 2011 223
2004 2010 223
2004 2011 199
2004 2012 223
2005 2011 223
2005 2012 200
2005 2013 224
2006 2012 224
2006 2013 201
2006 2014 225
2007 2013 225
2007 2014 201
2007 2015 225
2008 2014 225
2008 2015 202
2009 2016 197
2009 2017 222
2010 2016 222
2010 2017 198
2010 2018 223
2011 2017 222
2011 2018 199
2011 2019 223
2012 2018 223
2012 2019 200
2012 2020 224
2013 2019 224
2013 2020 201
2013 2021 225
2014 2020 225
2014 2021 202
2014 2022 226
2015 2021 225
2015 2022 203
2016 2023 199
2016 2024 223
2017 2023 222
2017 2024 199
2017 2025 223
2018 2024 223
2018 2025 199
2018 2026 223
2019 2025 223
2019 2026 200
2019 2027 224
2020 2026 224
2020 2027 200
2020 2028 224
2021 2027 224
2021 2028 201
2021 2029 225
2022 2028 225
2022 2029 201
2023 2030 197
2023 2031 221
2024 2030 221
2024 2031 198
2024 2032 222
2025 2031 222
2025 2032 199
2025 2033 223
2026 2032 223
2026 2033 200
2026 2034 224
2027 2033 224
2027 2034 201
2027 2035 225
2028 2034 225
2028 2035 202
2028 2036 226
2029 2035 226
2029 2036 203
2030 2037 196
2030 2038 221
2031 2037 221
2031 2038 197
2031 2039 222
2032 2038 222
2032 2039 199
2032 2040 223
2033 2039 223
2033 2040 200
2033 2041 224
2034 2040 224
2034 2041 201
2034 2042 225
2035 2041 225
2035 2042 203
2035 2043 226
2036 2042 226
2036 2043 204
2037 2044 196
2037 2045 221
2038 2044 220
2038 2045 197
2038 2046 222
2039 2045 222
2039 2046 199
2039 2047 223
2040 2046 223
2040 2047 200
2040 2048 224
2041 2047 224
2041 2048 201
2041 2049 226
2042 2048 225
2042 2049 203
2042 2050 227
2043 2049 227
2043 2050 204
2044 2051 195
2044 2052 220
2045 2051 220
2045 2052 197
2045 2053 222
2046 2052 221
2046 2053 198
2046 2054 223
2047 2053 223
2047 2054 200
2047 2055 225
2048 2054 224
2048 2055 202
2048 2056 226
2049 2055 226
2049 2056 203
2049 2057 228
2050 2056 227
2050 2057 205
2051 2058 197
2051 2059 222
2052 2058 222
2052 2059 198
2052 2060 222
2053 2059 222
2053 2060 199
2053 2061 223
2054 2060 223
2054 2061 200
2054 2062 224
2055 2061 224
2055 2062 201
2055 2063 225
2056 2062 225
2056 2063 202
2056 2064 226
2057 2063 226
2057 2064 203
2058 2065 194
2058 2066 219
2059 2065 220
2059 2066 196
2059 2067 221
2060 2066 221
2060 2067 198
2060 2068 222
2061 2067 223
2061 2068 200
2061 2069 224
2062 2068 225
2062 2069 202
2062 2070 226
2063 2069 227
2063 2070 204
2063 2071 228
2064 2070 228
2064 2071 206
2065 2072 195
2065 2073 220
2066 2072 220
2066 2073 197
2066 2074 221
2067 2073 222
2067 2074 198
2067 2075 223
2068 2074 223
2068 2075 200
2068 2076 224
2069 2075 225
2069 2076 202
2069 2077 225
2070 2076 226
2070 2077 203
2070 2078 227
2071 2077 228
2071 2078 205
2072 2079 200
2072 2080 224
2073 2079 224
2073 2080 200
2073 2081 224
2074 2080 224
2074 2081 200
2074 2082 224
2075 2081 224
2075 2082 200
2075 2083 224
2076 2082 224
2076 2083 200
2076 2084 223
2077 2083 223
2077 2084 200
2077 2085 223
2078 2084 223
2078 2085 200
2079 2086 200
2079 2087 224
2080 2086 224
2080 2087 200
2080 2088 224
2081 2087 224
2081 2088 200
2081 2089 224
2082 2088 224
2082 2089 200
2082 2090 224
2083 2089 224
2083 2090 200
2083 2091 224
2084 2090 224
2084 2091 200
2084 2092 223
2085 2091 223
2085 2092 200
2086 2093 200
2086 2094 224
2087 2093 224
2087 2094 200
2087 2095 224
2088 2094 224
2088 2095 200
2088 2096 224
2089 2095 224
2089 2096 200
2089 2097 224
2090 2096 224
2090 2097 200
2090 2098 224
2091 2097 224
2091 2098 200
2091 2099 224
2092 2098 224
2092 2099 200
2093 2100 200
2093 2101 223
2094 2100 223
2094 2101 200
2094 2102 223
2095 2101 223
2095 2102 200
2095 2103 224
2096 2102 224
2096 2103 200
2096 2104 224
2097 2103 224
2097 2104 200
2097 2105 224
2098 2104 224
2098 2105 200
2098 2106 224
2099 2105 224
2099 2106 200
2100 2107 199
2100 2108 223
2101 2107 223
2101 2108 200
2101 2109 223
2102 2108 223
2102 2109 200
2102 2110 224
2103 2109 224
2103 2110 200
2103 2111 224
2104 2110 224
2104 2111 200
2104 2112 224
2105 2111 224
2105 2112 200
2105 2113 224
2106 2112 224
2106 2113 201
2107 2114 199
2107 2115 223
2108 2114 223
2108 2115 199
2108 2116 223
2109 2115 223
2109 2116 200
2109 2117 223
2110 2116 223
2110 2117 200
2110 2118 224
2111 2117 224
2111 2118 200
2111 2119 224
2112 2118 224
2112 2119 200
2112 2120 224
2113 2119 224
2113 2120 201
2114 2121 199
2114 2122 223
2115 2121 223
2115 2122 199
2115 2123 223
2116 2122 223
2116 2123 200
2116 2124 223
2117 2123 223
2117 2124 200
2117 2125 224
2118 2124 224
2118 2125 200
2118 2126 224
2119 2125 224
2119 2126 201
2119 2127 224
2120 2126 224
2120 2127 201
2121 2128 199
2121 2129 223
2122 2128 223
2122 2129 199
2122 2130 223
2123 2129 223
2123 2130 200
2123 2131 223
2124 2130 223
2124 2131 200
2124 2132 224
2125 2131 224
2125 2132 200
2125 2133 224
2126 2132 224
2126 2133 201
2126 2134 225
2127 2133 225
2127 2134 201
2128 2135 198
2128 2136 222
2129 2135 222
2129 2136 199
2129 2137 223
2130 2136 223
2130 2137 199
2130 2138 223
2131 2137 223
2131 2138 200
2131 2139 224
2132 2138 224
2132 2139 200
2132 2140 224
2133 2139 224
2133 2140 201
2133 2141 225
2134 2140 225
2134 2141 201
2135 2142 198
2135 2143 222
2136 2142 222
2136 2143 199
2136 2144 223
2137 2143 223
2137 2144 199
2137 2145 223
2138 2144 223
2138 2145 200
2138 2146 224
2139 2145 224
2139 2146 201
2139 2147 224
2140 2146 224
2140 2147 201
2140 2148 225
2141 2147 225
2141 2148 202
2142 2149 198
2142 2150 222
2143 2149 222
2143 2150 199
2143 2151 223
2144 2150 223
2144 2151 199
2144 2152 223
2145 2151 223
2145 2152 200
2145 2153 224
2146 2152 224
2146 2153 201
2146 2154 225
2147 2153 224
2147 2154 201
2147 2155 225
2148 2154 225
2148 2155 202
2149 2156 198
2149 2157 222
2150 2156 222
2150 2157 198
2150 2158 223
2151 2157 223
2151 2158 199
2151 2159 223
2152 2158 223
2152 2159 200
2152 2160 224
2153 2159 224
2153 2160 201
2153 2161 225
2154 2160 225
2154 2161 202
2154 2162 225
2155 2161 225
2155 2162 202
2156 2163 197
2156 2164 222
2157 2163 222
2157 2164 198
2157 2165 223
2158 2164 222
2158 2165 199
2158 2166 223
2159 2165 223
2159 2166 200
2159 2167 224
2160 2166 224
2160 2167 201
2160 2168 225
2161 2167 225
2161 2168 202
2161 2169 226
2162 2168 225
2162 2169 203
2163 2170 197
2163 2171 222
2164 2170 221
2164 2171 198
2164 2172 222
2165 2171 222
2165 2172 199
2165 2173 223
2166 2172 223
2166 2173 200
2166 2174 224
2167 2173 224
2167 2174 201
2167 2175 225
2168 2174 225
2168 2175 202
2168 2176 226
2169 2175 226
2169 2176 203
2170 2177 197
2170 2178 221
2171 2177 221
2171 2178 198
2171 2179 222
2172 2178 222
2172 2179 199
2172 2180 223
2173 2179 223
2173 2180 200
2173 2181 224
2174 2180 224
2174 2181 201
2174 2182 225
2175 2181 225
2175 2182 202
2175 2183 226
2176 2182 226
2176 2183 203
2177 2184 197
2177 2185 221
2178 2184 221
2178 2185 198
2178 2186 222
2179 2185 222
2179 2186 199
2179 2187 223
2180 2186 223
2180 2187 200
2180 2188 224
2181 2187 224
2181 2188 201
2181 2189 225
2182 2188 225
2182 2189 202
2182 2190 226
2183 2189 226
2183 2190 203
2184 2191 196
2184 2192 221
2185 2191 221
2185 2192 197
2185 2193 222
2186 2192 222
2186 2193 199
2186 2194 223
2187 2193 223
2187 2194 200
2187 2195 224
2188 2194 224
2188 2195 201
2188 2196 225
2189 2195 225
2189 2196 202
2189 2197 226
2190 2196 226
2190 2197 204
2191 2198 196
2191 2199 221
2192 2198 221
2192 2199 197
2192 2200 222
2193 2199 222
2193 2200 199
2193 2201 223
2194 2200 223
2194 2201 200
2194 2202 224
2195 2201 224
2195 2202 201
2195 2203 225
2196 2202 225
2196 2203 203
2196 2204 227
2197 2203 227
2197 2204 204
2198 2205 196
2198 2206 220
2199 2205 220
2199 2206 197
2199 2207 222
2200 2206 222
2200 2207 199
2200 2208 223
2201 2207 223
2201 2208 200
2201 2209 224
2202 2208 224
2202 2209 201
2202 2210 225
2203 2209 226
2203 2210 203
2203 2211 227
2204 2210 227
2204 2211 204
2205 2212 195
2205 2213 220
2206 2212 220
2206 2213 197
2206 2214 221
2207 2213 222
2207 2214 198
2207 2215 223
2208 2214 223
2208 2215 200
2208 2216 224
2209 2215 224
2209 2216 202
2209 2217 226
2210 2216 226
2210 2217 203
2210 2218 227
2211 2217 227
2211 2218 205
2212 2219 195
2212 2220 220
2213 2219 220
2213 2220 197
2213 2221 221
2214 2220 222
2214 2221 198
2214 2222 223
2215 2221 223
2215 2222 200
2215 2223 224
2216 2222 225
2216 2223 202
2216 2224 226
2217 2223 226
2217 2224 203
2217 2225 227
2218 2224 228
2218 2225 205
2219 2226 192
2219 2227 217
2220 2226 217
2220 2227 194
2220 2228 220
2221 2227 220
2221 2228 197
2221 2229 222
2222 2228 222
2222 2229 200
2222 2230 225
2223 2229 225
2223 2230 203
2223 2231 227
2224 2230 227
2224 2231 206
2224 2232 230
2225 2231 230
2225 2232 208
2226 2233 194
2226 2234 219
2227 2233 219
2227 2234 196
2227 2235 221
2228 2234 221
2228 2235 198
2228 2236 223
2229 2235 222
2229 2236 200
2229 2237 225
2230 2236 224
2230 2237 202
2230 2238 227
2231 2237 226
2231 2238 204
2231 2239 228
2232 2238 228
2232 2239 206
2233 2240 194
2233 2241 219
2234 2240 219
2234 2241 196
2234 2242 221
2235 2241 221
2235 2242 198
2235 2243 223
2236 2242 222
2236 2243 200
2236 2244 225
2237 2243 224
2237 2244 202
2237 2245 227
2238 2244 226
2238 2245 204
2238 2246 229
2239 2245 228
2239 2246 206
2240 2247 193
2240 2248 219
2241 2247 218
2241 2248 195
2241 2249 221
2242 2248 221
2242 2249 198
2242 2250 223
2243 2249 223
2243 2250 200
2243 2251 225
2244 2250 225
2244 2251 202
2244 2252 227
2245 2251 227
2245 2252 205
2245 2253 229
2246 2252 229
2246 2253 207
2247 2254 193
2247 2255 218
2248 2254 218
2248 2255 195
2248 2256 220
2249 2255 221
2249 2256 198
2249 2257 222
2250 2256 223
2250 2257 200
2250 2258 224
2251 2257 225
2251 2258 202
2251 2259 227
2252 2258 227
2252 2259 205
2252 2260 229
2253 2259 229
2253 2260 207
2254 2261 188
2254 2262 215
2255 2261 215
2255 2262 192
2255 2263 219
2256 2262 218
2256 2263 196
2256 2264 222
2257 2263 222
2257 2264 200
2257 2265 225
2258 2264 225
2258 2265 204
2258 2266 229
2259 2265 229
2259 2266 208
2259 2267 232
2260 2266 232
2260 2267 212
2261 2268 192
2261 2269 218
2262 2268 217
2262 2269 194
2262 2270 220
2263 2269 220
2263 2270 197
2263 2271 223
2264 2270 222
2264 2271 200
2264 2272 225
2265 2271 224
2265 2272 203
2265 2273 228
2266 2272 227
2266 2273 206
2266 2274 230
2267 2273 229
2267 2274 208
2268 2275 192
2268 2276 218
2269 2275 217
2269 2276 195
2269 2277 220
2270 2276 220
2270 2277 197
2270 2278 222
2271 2277 222
2271 2278 200
2271 2279 225
2272 2278 225
2272 2279 203
2272 2280 227
2273 2279 227
2273 2280 205
2273 2281 230
2274 2280 230
2274 2281 208
2275 2282 193
2275 2283 218
2276 2282 219
2276 2283 196
2276 2284 220
2277 2283 221
2277 2284 198
2277 2285 222
2278 2284 223
2278 2285 200
2278 2286 224
2279 2285 225
2279 2286 202
2279 2287 226
2280 2286 227
2280 2287 204
2280 2288 228
2281 2287 229
2281 2288 207
2282 2289 190
2282 2290 216
2283 2289 216
2283 2290 193
2283 2291 219
2284 2290 219
2284 2291 197
2284 2292 222
2285 2291 222
2285 2292 200
2285 2293 225
2286 2292 225
2286 2293 203
2286 2294 228
2287 2293 228
2287 2294 207
2287 2295 231
2288 2294 231
2288 2295 210
2289 2296 193
2289 2297 219
2290 2296 219
2290 2297 196
2290 2298 221
2291 2297 221
2291 2298 198
2291 2299 223
2292 2298 222
2292 2299 200
2292 2300 225
2293 2299 224
2293 2300 202
2293 2301 227
2294 2300 226
2294 2301 204
2294 2302 229
2295 2301 228
2295 2302 206
2296 2303 194
2296 2304 219
2297 2303 219
2297 2304 196
2297 2305 221
2298 2304 221
2298 2305 198
2298 2306 223
2299 2305 223
2299 2306 200
2299 2307 224
2300 2306 225
2300 2307 202
2300 2308 226
2301 2307 227
2301 2308 204
2301 2309 228
2302 2308 228
2302 2309 206
2303 2310 191
2303 2311 217
2304 2310 216
2304 2311 194
2304 2312 220
2305 2311 219
2305 2312 197
2305 2313 222
2306 2312 222
2306 2313 200
2306 2314 225
2307 2313 225
2307 2314 203
2307 2315 228
2308 2314 228
2308 2315 206
2308 2316 231
2309 2315 231
2309 2316 209
2310 2317 194
2310 2318 219
2311 2317 219
2311 2318 196
2311 2319 221
2312 2318 221
2312 2319 198
2312 2320 223
2313 2319 222
2313 2320 200
2313 2321 225
2314 2320 224
2314 2321 202
2314 2322 227
2315 2321 226
2315 2322 204
2315 2323 228
2316 2322 228
2316 2323 206
2317 2324 194
2317 2325 219
2318 2324 219
2318 2325 196
2318 2326 221
2319 2325 221
2319 2326 198
2319 2327 223
2320 2326 223
2320 2327 200
2320 2328 225
2321 2327 224
2321 2328 202
2321 2329 226
2322 2328 226
2322 2329 204
2322 2330 228
2323 2329 228
2323 2330 206
2324 2331 194
2324 2332 219
2325 2331 219
2325 2332 196
2325 2333 221
2326 2332 221
2326 2333 198
2326 2334 222
2327 2333 223
2327 2334 200
2327 2335 224
2328 2334 225
2328 2335 202
2328 2336 226
2329 2335 226
2329 2336 204
2329 2337 228
2330 2336 228
2330 2337 206
2331 2338 191
2331 2339 217
2332 2338 217
2332 2339 194
2332 2340 220
2333 2339 220
2333 2340 197
2333 2341 222
2334 2340 222
2334 2341 200
2334 2342 225
2335 2341 225
2335 2342 203
2335 2343 227
2336 2342 228
2336 2343 206
2336 2344 230
2337 2343 230
2337 2344 209
2338 2345 194
2338 2346 219
2339 2345 219
2339 2346 196
2339 2347 221
2340 2346 221
2340 2347 198
2340 2348 223
2341 2347 223
2341 2348 200
2341 2349 225
2342 2348 224
2342 2349 202
2342 2350 226
2343 2349 226
2343 2350 204
2343 2351 228
2344 2350 228
2344 2351 206
2345 2352 194
2345 2353 219
2346 2352 220
2346 2353 196
2346 2354 221
2347 2353 221
2347 2354 198
2347 2355 223
2348 2354 223
2348 2355 200
2348 2356 224
2349 2355 225
2349 2356 202
2349 2357 226
2350 2356 226
2350 2357 204
2350 2358 228
2351 2357 228
2351 2358 206
2352 2359 192
2352 2360 217
2353 2359 217
2353 2360 194
2353 2361 220
2354 2360 220
2354 2361 197
2354 2362 222
2355 2361 222
2355 2362 200
2355 2363 225
2356 2362 225
2356 2363 203
2356 2364 227
2357 2363 227
2357 2364 205
2357 2365 230
2358 2364 230
2358 2365 208
2359 2366 195
2359 2367 220
2360 2366 219
2360 2367 196
2360 2368 221
2361 2367 221
2361 2368 198
2361 2369 223
2362 2368 223
2362 2369 200
2362 2370 225
2363 2369 224
2363 2370 202
2363 2371 226
2364 2370 226
2364 2371 204
2364 2372 228
2365 2371 228
2365 2372 205
2366 2373 195
2366 2374 220
2367 2373 220
2367 2374 196
2367 2375 221
2368 2374 221
2368 2375 198
2368 2376 223
2369 2375 223
2369 2376 200
2369 2377 224
2370 2376 224
2370 2377 202
2370 2378 226
2371 2377 226
2371 2378 204
2371 2379 227
2372 2378 228
2372 2379 205
2373 2380 192
2373 2381 218
2374 2380 218
2374 2381 195
2374 2382 220
2375 2381 220
2375 2382 197
2375 2383 222
2376 2382 222
2376 2383 200
2376 2384 225
2377 2383 225
2377 2384 203
2377 2385 227
2378 2384 227
2378 2385 205
2378 2386 229
2379 2385 229
2379 2386 208
2380 2387 195
2380 2388 220
2381 2387 220
2381 2388 197
2381 2389 222
2382 2388 221
2382 2389 198
2382 2390 223
2383 2389 223
2383 2390 200
2383 2391 225
2384 2390 224
2384 2391 202
2384 2392 226
2385 2391 226
2385 2392 203
2385 2393 228
2386 2392 227
2386 2393 205
2387 2394 195
2387 2395 220
2388 2394 220
2388 2395 197
2388 2396 221
2389 2395 221
2389 2396 198
2389 2397 223
2390 2396 223
2390 2397 200
2390 2398 224
2391 2397 224
2391 2398 202
2391 2399 226
2392 2398 226
2392 2399 203
2392 2400 227
2393 2399 227
2393 2400 205
2394 2401 195
2394 2402 220
2395 2401 220
2395 2402 197
2395 2403 221
2396 2402 222
2396 2403 198
2396 2404 223
2397 2403 223
2397 2404 200
2397 2405 224
2398 2404 225
2398 2405 202
2398 2406 226
2399 2405 226
2399 2406 203
2399 2407 227
2400 2406 227
2400 2407 205
2401 2408 193
2401 2409 218
2402 2408 218
2402 2409 195
2402 2410 220
2403 2409 221
2403 2410 198
2403 2411 222
2404 2410 223
2404 2411 200
2404 2412 225
2405 2411 225
2405 2412 202
2405 2413 227
2406 2412 227
2406 2413 205
2406 2414 229
2407 2413 229
2407 2414 207
2408 2415 195
2408 2416 220
2409 2415 220
2409 2416 197
2409 2417 222
2410 2416 221
2410 2417 198
2410 2418 223
2411 2417 223
2411 2418 200
2411 2419 224
2412 2418 224
2412 2419 202
2412 2420 226
2413 2419 226
2413 2420 203
2413 2421 227
2414 2420 227
2414 2421 205
2415 2422 195
2415 2423 220
2416 2422 220
2416 2423 197
2416 2424 221
2417 2423 222
2417 2424 198
2417 2425 223
2418 2424 223
2418 2425 200
2418 2426 224
2419 2425 224
2419 2426 201
2419 2427 225
2420 2426 226
2420 2427 203
2420 2428 227
2421 2427 227
2421 2428 204
2422 2429 193
2422 2430 219
2423 2429 219
2423 2430 196
2423 2431 221
2424 2430 221
2424 2431 198
2424 2432 223
2425 2431 223
2425 2432 200
2425 2433 225
2426 2432 225
2426 2433 202
2426 2434 227
2427 2433 227
2427 2434 204
2427 2435 229
2428 2434 229
2428 2435 207
2429 2436 196
2429 2437 221
2430 2436 220
2430 2437 197
2430 2438 222
2431 2437 222
2431 2438 199
2431 2439 223
2432 2438 223
2432 2439 200
2432 2440 224
2433 2439 224
2433 2440 201
2433 2441 226
2434 2440 225
2434 2441 203
2434 2442 227
2435 2441 227
2435 2442 204
2436 2443 196
2436 2444 220
2437 2443 221
2437 2444 197
2437 2445 222
2438 2444 222
2438 2445 199
2438 2446 223
2439 2445 223
2439 2446 200
2439 2447 224
2440 2446 224
2440 2447 201
2440 2448 225
2441 2447 226
2441 2448 203
2441 2449 227
2442 2448 227
2442 2449 204
2443 2450 194
2443 2451 219
2444 2450 219
2444 2451 196
2444 2452 221
2445 2451 221
2445 2452 198
2445 2453 223
2446 2452 223
2446 2453 200
2446 2454 225
2447 2453 224
2447 2454 202
2447 2455 226
2448 2454 226
2448 2455 204
2448 2456 228
2449 2455 228
2449 2456 206
2450 2457 196
2450 2458 221
2451 2457 220
2451 2458 197
2451 2459 222
2452 2458 221
2452 2459 199
2452 2460 223
2453 2459 223
2453 2460 200
2453 2461 224
2454 2460 224
2454 2461 201
2454 2462 226
2455 2461 225
2455 2462 203
2455 2463 227
2456 2462 227
2456 2463 204
2457 2464 195
2457 2465 220
2458 2464 220
2458 2465 197
2458 2466 221
2459 2465 221
2459 2466 198
2459 2467 223
2460 2466 223
2460 2467 200
2460 2468 224
2461 2467 224
2461 2468 202
2461 2469 226
2462 2468 226
2462 2469 203
2462 2470 227
2463 2469 227
2463 2470 205
2464 2471 195
2464 2472 220
2465 2471 220
2465 2472 197
2465 2473 221
2466 2472 222
2466 2473 198
2466 2474 223
2467 2473 223
2467 2474 200
2467 2475 224
2468 2474 224
2468 2475 202
2468 2476 226
2469 2475 226
2469 2476 203
2469 2477 227
2470 2476 227
2470 2477 205
2471 2478 193
2471 2479 218
2472 2478 218
2472 2479 195
2472 2480 221
2473 2479 220
2473 2480 198
2473 2481 223
2474 2480 222
2474 2481 200
2474 2482 225
2475 2481 225
2475 2482 202
2475 2483 227
2476 2482 227
2476 2483 205
2476 2484 229
2477 2483 229
2477 2484 207
2478 2485 195
2478 2486 220
2479 2485 220
2479 2486 197
2479 2487 222
2480 2486 221
2480 2487 198
2480 2488 223
2481 2487 223
2481 2488 200
2481 2489 224
2482 2488 224
2482 2489 201
2482 2490 226
2483 2489 225
2483 2490 203
2483 2491 227
2484 2490 227
2484 2491 205
2485 2492 196
2485 2493 220
2486 2492 220
2486 2493 197
2486 2494 222
2487 2493 221
2487 2494 198
2487 2495 223
2488 2494 223
2488 2495 200
2488 2496 224
2489 2495 224
2489 2496 201
2489 2497 226
2490 2496 225
2490 2497 203
2490 2498 227
2491 2497 227
2491 2498 204
2492 2499 196
2492 2500 220
2493 2499 220
2493 2500 197
2493 2501 222
2494 2500 222
2494 2501 199
2494 2502 223
2495 2501 223
2495 2502 200
2495 2503 224
2496 2502 224
2496 2503 201
2496 2504 226
2497 2503 226
2497 2504 203
2497 2505 227
2498 2504 227
2498 2505 204
2499 2506 196
2499 2507 220
2500 2506 220
2500 2507 197
2500 2508 222
2501 2507 222
2501 2508 199
2501 2509 223
2502 2508 223
2502 2509 200
2502 2510 224
2503 2509 224
2503 2510 201
2503 2511 225
2504 2510 226
2504 2511 203
2504 2512 227
2505 2511 227
2505 2512 204
2506 2513 196
2506 2514 220
2507 2513 221
2507 2514 197
2507 2515 221
2508 2514 222
2508 2515 199
2508 2516 223
2509 2515 223
2509 2516 200
2509 2517 224
2510 2516 224
2510 2517 201
2510 2518 225
2511 2517 226
2511 2518 203
2511 2519 227
2512 2518 227
2512 2519 204
2513 2520 196
2513 2521 220
2514 2520 221
2514 2521 197
2514 2522 221
2515 2521 222
2515 2522 199
2515 2523 223
2516 2522 223
2516 2523 200
2516 2524 224
2517 2523 224
2517 2524 201
2517 2525 225
2518 2524 226
2518 2525 203
2518 2526 227
2519 2525 227
2519 2526 204
2520 2527 194
2520 2528 219
2521 2527 219
2521 2528 196
2521 2529 221
2522 2528 221
2522 2529 198
2522 2530 223
2523 2529 223
2523 2530 200
2523 2531 224
2524 2530 225
2524 2531 202
2524 2532 226
2525 2531 226
2525 2532 204
2525 2533 228
2526 2532 228
2526 2533 206
2527 2534 196
2527 2535 221
2528 2534 220
2528 2535 197
2528 2536 222
2529 2535 222
2529 2536 199
2529 2537 223
2530 2536 223
2530 2537 200
2530 2538 224
2531 2537 224
2531 2538 201
2531 2539 226
2532 2538 225
2532 2539 203
2532 2540 227
2533 2539 227
2533 2540 204
2534 2541 196
2534 2542 221
2535 2541 220
2535 2542 197
2535 2543 222
2536 2542 222
2536 2543 199
2536 2544 223
2537 2543 223
2537 2544 200
2537 2545 224
2538 2544 224
2538 2545 201
2538 2546 226
2539 2545 225
2539 2546 203
2539 2547 227
2540 2546 227
2540 2547 204
2541 2548 196
2541 2549 221
2542 2548 220
2542 2549 197
2542 2550 222
2543 2549 222
2543 2550 199
2543 2551 223
2544 2550 223
2544 2551 200
2544 2552 224
2545 2551 224
2545 2552 201
2545 2553 226
2546 2552 225
2546 2553 203
2546 2554 227
2547 2553 227
2547 2554 204
2548 2555 196
2548 2556 221
2549 2555 220
2549 2556 197
2549 2557 222
2550 2556 222
2550 2557 199
2550 2558 223
2551 2557 223
2551 2558 200
2551 2559 224
2552 2558 224
2552 2559 201
2552 2560 225
2553 2559 225
2553 2560 203
2553 2561 227
2554 2560 227
2554 2561 204
2555 2562 196
2555 2563 221
2556 2562 220
2556 2563 197
2556 2564 222
2557 2563 222
2557 2564 199
2557 2565 223
2558 2564 223
2558 2565 200
2558 2566 224
2559 2565 224
2559 2566 201
2559 2567 225
2560 2566 225
2560 2567 203
2560 2568 227
2561 2567 227
2561 2568 204
2562 2569 196
2562 2570 220
2563 2569 221
2563 2570 197
2563 2571 222
2564 2570 222
2564 2571 199
2564 2572 223
2565 2571 223
2565 2572 200
2565 2573 224
2566 2572 224
2566 2573 201
2566 2574 225
2567 2573 225
2567 2574 203
2567 2575 227
2568 2574 227
2568 2575 204
2569 2576 196
2569 2577 220
2570 2576 221
2570 2577 197
2570 2578 222
2571 2577 222
2571 2578 199
2571 2579 223
2572 2578 223
2572 2579 200
2572 2580 224
2573 2579 224
2573 2580 201
2573 2581 225
2574 2580 226
2574 2581 203
2574 2582 227
2575 2581 227
2575 2582 204
2576 2583 196
2576 2584 220
2577 2583 221
2577 2584 197
2577 2585 222
2578 2584 222
2578 2585 199
2578 2586 223
2579 2585 223
2579 2586 200
2579 2587 224
2580 2586 224
2580 2587 201
2580 2588 225
2581 2587 226
2581 2588 203
2581 2589 227
2582 2588 227
2582 2589 204
2583 2590 196
2583 2591 220
2584 2590 221
2584 2591 197
2584 2592 222
2585 2591 222
2585 2592 199
2585 2593 223
2586 2592 223
2586 2593 200
2586 2594 224
2587 2593 224
2587 2594 201
2587 2595 225
2588 2594 226
2588 2595 203
2588 2596 227
2589 2595 227
2589 2596 204
2590 2597 196
2590 2598 220
2591 2597 221
2591 2598 197
2591 2599 221
2592 2598 222
2592 2599 199
2592 2600 223
2593 2599 223
2593 2600 200
2593 2601 224
2594 2600 224
2594 2601 201
2594 2602 225
2595 2601 226
2595 2602 203
2595 2603 227
2596 2602 227
2596 2603 204
2597 2604 196
2597 2605 220
2598 2604 221
2598 2605 197
2598 2606 221
2599 2605 222
2599 2606 199
2599 2607 223
2600 2606 223
2600 2607 200
2600 2608 224
2601 2607 224
2601 2608 201
2601 2609 225
2602 2608 226
2602 2609 203
2602 2610 227
2603 2609 227
2603 2610 204
2604 2611 196
2604 2612 220
2605 2611 221
2605 2612 197
2605 2613 221
2606 2612 222
2606 2613 199
2606 2614 223
2607 2613 223
2607 2614 200
2607 2615 224
2608 2614 225
2608 2615 201
2608 2616 225
2609 2615 226
2609 2616 203
2609 2617 227
2610 2616 227
2610 2617 204
2611 2618 193
2611 2619 219
2612 2618 219
2612 2619 196
2612 2620 221
2613 2619 221
2613 2620 198
2613 2621 223
2614 2620 223
2614 2621 200
2614 2622 225
2615 2621 225
2615 2622 202
2615 2623 227
2616 2622 227
2616 2623 204
2616 2624 229
2617 2623 229
2617 2624 207
2618 2625 195
2618 2626 221
2619 2625 220
2619 2626 197
2619 2627 222
2620 2626 221
2620 2627 198
2620 2628 223
2621 2627 223
2621 2628 200
2621 2629 225
2622 2628 224
2622 2629 201
2622 2630 226
2623 2629 225
2623 2630 203
2623 2631 227
2624 2630 227
2624 2631 205
2625 2632 195
2625 2633 220
2626 2632 220
2626 2633 197
2626 2634 222
2627 2633 221
2627 2634 198
2627 2635 223
2628 2634 223
2628 2635 200
2628 2636 225
2629 2635 224
2629 2636 202
2629 2637 226
2630 2636 225
2630 2637 203
2630 2638 227
2631 2637 227
2631 2638 205
2632 2639 195
2632 2640 220
2633 2639 220
2633 2640 197
2633 2641 222
2634 2640 221
2634 2641 198
2634 2642 223
2635 2641 223
2635 2642 200
2635 2643 224
2636 2642 224
2636 2643 202
2636 2644 226
2637 2643 226
2637 2644 203
2637 2645 227
2638 2644 227
2638 2645 205
2639 2646 195
2639 2647 220
2640 2646 220
2640 2647 197
2640 2648 222
2641 2647 221
2641 2648 198
2641 2649 223
2642 2648 223
2642 2649 200
2642 2650 224
2643 2649 224
2643 2650 202
2643 2651 226
2644 2650 226
2644 2651 203
2644 2652 227
2645 2651 227
2645 2652 205
2646 2653 195
2646 2654 220
2647 2653 220
2647 2654 197
2647 2655 221
2648 2654 221
2648 2655 198
2648 2656 223
2649 2655 223
2649 2656 200
2649 2657 224
2650 2656 224
2650 2657 202
2650 2658 226
2651 2657 226
2651 2658 203
2651 2659 227
2652 2658 227
2652 2659 205
2653 2660 193
2653 2661 219
2654 2660 219
2654 2661 196
2654 2662 221
2655 2661 221
2655 2662 198
2655 2663 223
2656 2662 223
2656 2663 200
2656 2664 225
2657 2663 225
2657 2664 202
2657 2665 227
2658 2664 226
2658 2665 204
2658 2666 229
2659 2665 228
2659 2666 207
2660 2667 193
2660 2668 218
2661 2667 219
2661 2668 195
2661 2669 220
2662 2668 221
2662 2669 198
2662 2670 222
2663 2669 223
2663 2670 200
2663 2671 224
2664 2670 225
2664 2671 202
2664 2672 227
2665 2671 227
2665 2672 205
2665 2673 229
2666 2672 229
2666 2673 207
2667 2674 194
2667 2675 219
2668 2674 219
2668 2675 196
2668 2676 221
2669 2675 221
2669 2676 198
2669 2677 222
2670 2676 223
2670 2677 200
2670 2678 224
2671 2677 225
2671 2678 202
2671 2679 226
2672 2678 227
2672 2679 204
2672 2680 228
2673 2679 229
2673 2680 206
2674 2681 194
2674 2682 219
2675 2681 219
2675 2682 196
2675 2683 221
2676 2682 221
2676 2683 198
2676 2684 222
2677 2683 223
2677 2684 200
2677 2685 224
2678 2684 225
2678 2685 202
2678 2686 226
2679 2685 227
2679 2686 204
2679 2687 228
2680 2686 228
2680 2687 206
2681 2688 194
2681 2689 219
2682 2688 220
2682 2689 196
2682 2690 221
2683 2689 221
2683 2690 198
2683 2691 222
2684 2690 223
2684 2691 200
2684 2692 224
2685 2691 225
2685 2692 202
2685 2693 226
2686 2692 227
2686 2693 204
2686 2694 228
2687 2693 228
2687 2694 206
2688 2695 195
2688 2696 219
2689 2695 220
2689 2696 196
2689 2697 221
2690 2696 222
2690 2697 198
2690 2698 222
2691 2697 223
2691 2698 200
2691 2699 224
2692 2698 225
2692 2699 202
2692 2700 226
2693 2699 226
2693 2700 204
2693 2701 227
2694 2700 228
2694 2701 205
2695 2702 192
2695 2703 218
2696 2702 218
2696 2703 195
2696 2704 220
2697 2703 220
2697 2704 197
2697 2705 222
2698 2704 223
2698 2705 200
2698 2706 225
2699 2705 225
2699 2706 203
2699 2707 227
2700 2706 227
2700 2707 205
2700 2708 229
2701 2707 229
2701 2708 208
2702 2709 195
2702 2710 220
2703 2709 220
2703 2710 197
2703 2711 222
2704 2710 221
2704 2711 198
2704 2712 223
2705 2711 223
2705 2712 200
2705 2713 225
2706 2712 224
2706 2713 202
2706 2714 226
2707 2713 225
2707 2714 203
2707 2715 227
2708 2714 227
2708 2715 205
2709 2716 196
2709 2717 221
2710 2716 220
2710 2717 197
2710 2718 222
2711 2717 221
2711 2718 199
2711 2719 223
2712 2718 223
2712 2719 200
2712 2720 224
2713 2719 224
2713 2720 201
2713 2721 226
2714 2720 225
2714 2721 203
2714 2722 227
2715 2721 227
2715 2722 204
2716 2723 196
2716 2724 221
2717 2723 220
2717 2724 197
2717 2725 222
2718 2724 222
2718 2725 199
2718 2726 223
2719 2725 223
2719 2726 200
2719 2727 224
2720 2726 224
2720 2727 201
2720 2728 226
2721 2727 225
2721 2728 203
2721 2729 227
2722 2728 226
2722 2729 204
2723 2730 196
2723 2731 221
2724 2730 221
2724 2731 198
2724 2732 222
2725 2731 222
2725 2732 199
2725 2733 223
2726 2732 223
2726 2733 200
2726 2734 224
2727 2733 224
2727 2734 201
2727 2735 225
2728 2734 225
2728 2735 202
2728 2736 227
2729 2735 226
2729 2736 204
2730 2737 197
2730 2738 221
2731 2737 221
2731 2738 198
2731 2739 222
2732 2738 222
2732 2739 199
2732 2740 223
2733 2739 223
2733 2740 200
2733 2741 224
2734 2740 224
2734 2741 201
2734 2742 225
2735 2741 225
2735 2742 202
2735 2743 226
2736 2742 226
2736 2743 203
2737 2744 197
2737 2745 221
2738 2744 221
2738 2745 198
2738 2746 222
2739 2745 222
2739 2746 199
2739 2747 223
2740 2746 223
2740 2747 200
2740 2748 224
2741 2747 224
2741 2748 201
2741 2749 225
2742 2748 225
2742 2749 202
2742 2750 226
2743 2749 226
2743 2750 203
2744 2751 197
2744 2752 222
2745 2751 221
2745 2752 198
2745 2753 222
2746 2752 222
2746 2753 199
2746 2754 223
2747 2753 223
2747 2754 200
2747 2755 224
2748 2754 224
2748 2755 201
2748 2756 225
2749 2755 225
2749 2756 202
2749 2757 226
2750 2756 226
2750 2757 203
2751 2758 198
2751 2759 222
2752 2758 222
2752 2759 198
2752 2760 223
2753 2759 222
2753 2760 199
2753 2761 223
2754 2760 223
2754 2761 200
2754 2762 224
2755 2761 224
2755 2762 201
2755 2763 225
2756 2762 225
2756 2763 202
2756 2764 226
2757 2763 225
2757 2764 202
2758 2765 198
2758 2766 222
2759 2765 222
2759 2766 199
2759 2767 223
2760 2766 223
2760 2767 199
2760 2768 223
2761 2767 223
2761 2768 200
2761 2769 224
2762 2768 224
2762 2769 201
2762 2770 225
2763 2769 224
2763 2770 201
2763 2771 225
2764 2770 225
2764 2771 202
2765 2772 198
2765 2773 222
2766 2772 222
2766 2773 199
2766 2774 223
2767 2773 223
2767 2774 199
2767 2775 223
2768 2774 223
2768 2775 200
2768 2776 224
2769 2775 224
2769 2776 201
2769 2777 225
2770 2776 224
2770 2777 201
2770 2778 225
2771 2777 225
2771 2778 202
2772 2779 198
2772 2780 222
2773 2779 222
2773 2780 199
2773 2781 223
2774 2780 223
2774 2781 199
2774 2782 223
2775 2781 223
2775 2782 200
2775 2783 224
2776 2782 224
2776 2783 201
2776 2784 224
2777 2783 224
2777 2784 201
2777 2785 225
2778 2784 225
2778 2785 202
2779 2786 199
2779 2787 223
2780 2786 223
2780 2787 199
2780 2788 223
2781 2787 223
2781 2788 200
2781 2789 223
2782 2788 223
2782 2789 200
2782 2790 224
2783 2789 224
2783 2790 200
2783 2791 224
2784 2790 224
2784 2791 201
2784 2792 225
2785 2791 224
2785 2792 201
2786 2793 199
2786 2794 223
2787 2793 223
2787 2794 199
2787 2795 223
2788 2794 223
2788 2795 200
2788 2796 224
2789 2795 223
2789 2796 200
2789 2797 224
2790 2796 224
2790 2797 200
2790 2798 224
2791 2797 224
2791 2798 201
2791 2799 224
2792 2798 224
2792 2799 201
2793 2800 200
2793 2801 223
2794 2800 223
2794 2801 200
2794 2802 223
2795 2801 223
2795 2802 200
2795 2803 224
2796 2802 224
2796 2803 200
2796 2804 224
2797 2803 224
2797 2804 200
2797 2805 224
2798 2804 224
2798 2805 200
2798 2806 224
2799 2805 224
2799 2806 200
2800 2807 199
2800 2808 223
2801 2807 223
2801 2808 200
2801 2809 223
2802 2808 223
2802 2809 200
2802 2810 223
2803 2809 224
2803 2810 200
2803 2811 224
2804 2810 224
2804 2811 200
2804 2812 224
2805 2811 224
2805 2812 200
2805 2813 224
2806 2812 224
2806 2813 201
2807 2814 200
2807 2815 223
2808 2814 223
2808 2815 200
2808 2816 223
2809 2815 223
2809 2816 200
2809 2817 224
2810 2816 224
2810 2817 200
2810 2818 224
2811 2817 224
2811 2818 200
2811 2819 224
2812 2818 224
2812 2819 200
2812 2820 224
2813 2819 224
2813 2820 200
2814 2821 200
2814 2822 224
2815 2821 224
2815 2822 200
2815 2823 224
2816 2822 224
2816 2823 200
2816 2824 224
2817 2823 224
2817 2824 200
2817 2825 224
2818 2824 224
2818 2825 200
2818 2826 224
2819 2825 224
2819 2826 200
2819 2827 224
2820 2826 224
2820 2827 200
2821 2828 200
2821 2829 224
2822 2828 224
2822 2829 200
2822 2830 224
2823 2829 224
2823 2830 200
2823 2831 224
2824 2830 224
2824 2831 200
2824 2832 224
2825 2831 224
2825 2832 200
2825 2833 224
2826 2832 224
2826 2833 200
2826 2834 223
2827 2833 223
2827 2834 200
2828 2835 200
2828 2836 224
2829 2835 224
2829 2836 200
2829 2837 224
2830 2836 224
2830 2837 200
2830 2838 224
2831 2837 224
2831 2838 200
2831 2839 224
2832 2838 224
2832 2839 200
2832 2840 223
2833 2839 223
2833 2840 200
2833 2841 223
2834 2840 223
2834 2841 200
2835 2842 201
2835 2843 224
2836 2842 224
2836 2843 200
2836 2844 224
2837 2843 224
2837 2844 200
2837 2845 224
2838 2844 224
2838 2845 200
2838 2846 223
2839 2845 223
2839 2846 200
2839 2847 223
2840 2846 223
2840 2847 200
2840 2848 223
2841 2847 223
2841 2848 199
2842 2849 201
2842 2850 224
2843 2849 224
2843 2850 201
2843 2851 224
2844 2850 224
2844 2851 200
2844 2852 224
2845 2851 224
2845 2852 200
2845 2853 223
2846 2852 223
2846 2853 200
2846 2854 223
2847 2853 223
2847 2854 199
2847 2855 223
2848 2854 223
2848 2855 199
2849 2856 201
2849 2857 224
2850 2856 225
2850 2857 201
2850 2858 224
2851 2857 224
2851 2858 200
2851 2859 224
2852 2858 224
2852 2859 200
2852 2860 223
2853 2859 223
2853 2860 200
2853 2861 223
2854 2860 223
2854 2861 199
2854 2862 223
2855 2861 223
2855 2862 199
2856 2863 201
2856 2864 225
2857 2863 225
2857 2864 201
2857 2865 224
2858 2864 224
2858 2865 200
2858 2866 224
2859 2865 224
2859 2866 200
2859 2867 223
2860 2866 223
2860 2867 200
2860 2868 223
2861 2867 223
2861 2868 199
2861 2869 222
2862 2868 223
2862 2869 199
2863 2870 200
2863 2871 223
2864 2870 223
2864 2871 200
2864 2872 224
2865 2871 223
2865 2872 200
2865 2873 224
2866 2872 223
2866 2873 200
2866 2874 224
2867 2873 224
2867 2874 200
2867 2875 224
2868 2874 224
2868 2875 200
2868 2876 224
2869 2875 224
2869 2876 200
2870 2877 200
2870 2878 223
2871 2877 223
2871 2878 200
2871 2879 223
2872 2878 223
2872 2879 200
2872 2880 224
2873 2879 224
2873 2880 200
2873 2881 224
2874 2880 224
2874 2881 200
2874 2882 224
2875 2881 224
2875 2882 200
2875 2883 224
2876 2882 224
2876 2883 200
2877 2884 199
2877 2885 223
2878 2884 223
2878 2885 199
2878 2886 223
2879 2885 223
2879 2886 200
2879 2887 223
2880 2886 224
2880 2887 200
2880 2888 224
2881 2887 224
2881 2888 200
2881 2889 224
2882 2888 224
2882 2889 201
2882 2890 224
2883 2889 224
2883 2890 201
2884 2891 199
2884 2892 223
2885 2891 223
2885 2892 199
2885 2893 223
2886 2892 223
2886 2893 200
2886 2894 223
2887 2893 223
2887 2894 200
2887 2895 224
2888 2894 224
2888 2895 200
2888 2896 224
2889 2895 224
2889 2896 201
2889 2897 224
2890 2896 224
2890 2897 201
2891 2898 199
2891 2899 223
2892 2898 223
2892 2899 199
2892 2900 223
2893 2899 223
2893 2900 200
2893 2901 223
2894 2900 223
2894 2901 200
2894 2902 224
2895 2901 224
2895 2902 200
2895 2903 224
2896 2902 224
2896 2903 201
2896 2904 224
2897 2903 224
2897 2904 201
2898 2905 199
2898 2906 223
2899 2905 223
2899 2906 199
2899 2907 223
2900 2906 223
2900 2907 200
2900 2908 224
2901 2907 223
2901 2908 200
2901 2909 224
2902 2908 224
2902 2909 200
2902 2910 224
2903 2909 224
2903 2910 201
2903 2911 224
2904 2910 224
2904 2911 201
2905 2912 200
2905 2913 223
2906 2912 223
2906 2913 200
2906 2914 223
2907 2913 223
2907 2914 200
2907 2915 224
2908 2914 224
2908 2915 200
2908 2916 224
2909 2915 224
2909 2916 200
2909 2917 224
2910 2916 224
2910 2917 200
2910 2918 224
2911 2917 224
2911 2918 200
2912 2919 199
2912 2920 223
2913 2919 223
2913 2920 199
2913 2921 223
2914 2920 223
2914 2921 200
2914 2922 223
2915 2921 224
2915 2922 200
2915 2923 224
2916 2922 224
2916 2923 200
2916 2924 224
2917 2923 224
2917 2924 201
2917 2925 224
2918 2924 224
2918 2925 201
2919 2926 199
2919 2927 223
2920 2926 223
2920 2927 199
2920 2928 223
2921 2927 223
2921 2928 200
2921 2929 223
2922 2928 223
2922 2929 200
2922 2930 224
2923 2929 224
2923 2930 200
2923 2931 224
2924 2930 224
2924 2931 201
2924 2932 224
2925 2931 224
2925 2932 201
2926 2933 199
2926 2934 223
2927 2933 223
2927 2934 199
2927 2935 223
2928 2934 223
2928 2935 200
2928 2936 223
2929 2935 223
2929 2936 200
2929 2937 224
2930 2936 224
2930 2937 200
2930 2938 224
2931 2937 224
2931 2938 201
2931 2939 224
2932 2938 224
2932 2939 201
2933 2940 200
2933 2941 223
2934 2940 223
2934 2941 200
2934 2942 223
2935 2941 223
2935 2942 200
2935 2943 224
2936 2942 224
2936 2943 200
2936 2944 224
2937 2943 224
2937 2944 200
2937 2945 224
2938 2944 224
2938 2945 200
2938 2946 224
2939 2945 224
2939 2946 200
2940 2947 199
2940 2948 223
2941 2947 223
2941 2948 199
2941 2949 223
2942 2948 223
2942 2949 200
2942 2950 223
2943 2949 224
2943 2950 200
2943 2951 224
2944 2950 224
2944 2951 200
2944 2952 224
2945 2951 224
2945 2952 201
2945 2953 224
2946 2952 224
2946 2953 201
2947 2954 199
2947 2955 223
2948 2954 223
2948 2955 199
2948 2956 223
2949 2955 223
2949 2956 200
2949 2957 223
2950 2956 223
2950 2957 200
2950 2958 224
2951 2957 224
2951 2958 200
2951 2959 224
2952 2958 224
2952 2959 201
2952 2960 224
2953 2959 224
2953 2960 201
2954 2961 199
2954 2962 223
2955 2961 223
2955 2962 199
2955 2963 223
2956 2962 223
2956 2963 200
2956 2964 224
2957 2963 223
2957 2964 200
2957 2965 224
2958 2964 224
2958 2965 200
2958 2966 224
2959 2965 224
2959 2966 201
2959 2967 224
2960 2966 224
2960 2967 201
2961 2968 200
2961 2969 223
2962 2968 223
2962 2969 200
2962 2970 223
2963 2969 223
2963 2970 200
2963 2971 224
2964 2970 224
2964 2971 200
2964 2972 224
2965 2971 224
2965 2972 200
2965 2973 224
2966 2972 224
2966 2973 200
2966 2974 224
2967 2973 224
2967 2974 200
2968 2975 199
2968 2976 223
2969 2975 223
2969 2976 199
2969 2977 223
2970 2976 223
2970 2977 200
2970 2978 223
2971 2977 223
2971 2978 200
2971 2979 224
2972 2978 224
2972 2979 200
2972 2980 224
2973 2979 224
2973 2980 201
2973 2981 224
2974 2980 224
2974 2981 201
2975 2982 199
2975 2983 223
2976 2982 223
2976 2983 199
2976 2984 223
2977 2983 223
2977 2984 200
2977 2985 223
2978 2984 223
2978 2985 200
2978 2986 224
2979 2985 224
2979 2986 200
2979 2987 224
2980 2986 224
2980 2987 201
2980 2988 224
2981 2987 224
2981 2988 201
2982 2989 199
2982 2990 223
2983 2989 223
2983 2990 199
2983 2991 223
2984 2990 223
2984 2991 200
2984 2992 224
2985 2991 223
2985 2992 200
2985 2993 224
2986 2992 224
2986 2993 200
2986 2994 224
2987 2993 224
2987 2994 201
2987 2995 224
2988 2994 224
2988 2995 201
2989 2996 200
2989 2997 223
2990 2996 223
2990 2997 200
2990 2998 223
2991 2997 223
2991 2998 200
2991 2999 224
2992 2998 224
2992 2999 200
2992 3000 224
2993 2999 224
2993 3000 200
2993 3001 224
2994 3000 224
2994 3001 200
2994 3002 224
2995 3001 224
2995 3002 200
2996 3003 199
2996 3004 223
2997 3003 223
2997 3004 199
2997 3005 223
2998 3004 223
2998 3005 200
2998 3006 223
2999 3005 223
2999 3006 200
2999 3007 224
3000 3006 224
3000 3007 200
3000 3008 224
3001 3007 224
3001 3008 201
3001 3009 224
3002 3008 224
3002 3009 201
3003 3010 199
3003 3011 223
3004 3010 223
3004 3011 199
3004 3012 223
3005 3011 223
3005 3012 200
3005 3013 223
3006 3012 223
3006 3013 200
3006 3014 224
3007 3013 224
3007 3014 200
3007 3015 224
3008 3014 224
3008 3015 201
3008 3016 224
3009 3015 224
3009 3016 201
3010 3017 199
3010 3018 223
3011 3017 223
3011 3018 200
3011 3019 223
3012 3018 223
3012 3019 200
3012 3020 224
3013 3019 224
3013 3020 200
3013 3021 224
3014 3020 224
3014 3021 200
3014 3022 224
3015 3021 224
3015 3022 200
3015 3023 224
3016 3022 224
3016 3023 200
3017 3024 199
3017 3025 223
3018 3024 223
3018 3025 199
3018 3026 223
3019 3025 223
3019 3026 200
3019 3027 223
3020 3026 223
3020 3027 200
3020 3028 224
3021 3027 224
3021 3028 200
3021 3029 224
3022 3028 224
3022 3029 201
3022 3030 224
3023 3029 224
3023 3030 201
3024 3031 199
3024 3032 223
3025 3031 223
3025 3032 199
3025 3033 223
3026 3032 223
3026 3033 200
3026 3034 223
3027 3033 223
3027 3034 200
3027 3035 224
3028 3034 224
3028 3035 200
3028 3036 224
3029 3035 224
3029 3036 201
3029 3037 224
3030 3036 224
3030 3037 201
3031 3038 199
3031 3039 223
3032 3038 223
3032 3039 199
3032 3040 223
3033 3039 223
3033 3040 200
3033 3041 223
3034 3040 223
3034 3041 200
3034 3042 224
3035 3041 224
3035 3042 200
3035 3043 224
3036 3042 224
3036 3043 201
3036 3044 224
3037 3043 224
3037 3044 201
3038 3045 199
3038 3046 223
3039 3045 223
3039 3046 200
3039 3047 223
3040 3046 223
3040 3047 200
3040 3048 224
3041 3047 224
3041 3048 200
3041 3049 224
3042 3048 224
3042 3049 200
3042 3050 224
3043 3049 224
3043 3050 200
3043 3051 224
3044 3050 224
3044 3051 201
3045 3052 199
3045 3053 223
3046 3052 223
3046 3053 199
3046 3054 223
3047 3053 223
3047 3054 200
3047 3055 223
3048 3054 223
3048 3055 200
3048 3056 224
3049 3055 224
3049 3056 200
3049 3057 224
3050 3056 224
3050 3057 201
3050 3058 224
3051 3057 225
3051 3058 201
3052 3059 199
3052 3060 223
3053 3059 223
3053 3060 199
3053 3061 223
3054 3060 223
3054 3061 200
3054 3062 223
3055 3061 223
3055 3062 200
3055 3063 224
3056 3062 224
3056 3063 200
3056 3064 224
3057 3063 224
3057 3064 201
3057 3065 224
3058 3064 225
3058 3065 201
3059 3066 199
3059 3067 223
3060 3066 223
3060 3067 199
3060 3068 223
3061 3067 223
3061 3068 200
3061 3069 223
3062 3068 223
3062 3069 200
3062 3070 224
3063 3069 224
3063 3070 200
3063 3071 224
3064 3070 224
3064 3071 201
3064 3072 225
3065 3071 225
3065 3072 201
3066 3073 199
3066 3074 223
3067 3073 223
3067 3074 199
3067 3075 223
3068 3074 223
3068 3075 200
3068 3076 223
3069 3075 223
3069 3076 200
3069 3077 224
3070 3076 224
3070 3077 200
3070 3078 224
3071 3077 224
3071 3078 201
3071 3079 225
3072 3078 225
3072 3079 201
3073 3080 199
3073 3081 223
3074 3080 222
3074 3081 199
3074 3082 223
3075 3081 223
3075 3082 200
3075 3083 223
3076 3082 223
3076 3083 200
3076 3084 224
3077 3083 224
3077 3084 200
3077 3085 224
3078 3084 224
3078 3085 201
3078 3086 225
3079 3085 225
3079 3086 201
3080 3087 199
3080 3088 223
3081 3087 223
3081 3088 199
3081 3089 223
3082 3088 223
3082 3089 200
3082 3090 223
3083 3089 223
3083 3090 200
3083 3091 224
3084 3090 224
3084 3091 200
3084 3092 224
3085 3091 224
3085 3092 200
3085 3093 224
3086 3092 224
3086 3093 201
3087 3094 198
3087 3095 222
3088 3094 223
3088 3095 199
3088 3096 223
3089 3095 223
3089 3096 199
3089 3097 223
3090 3096 223
3090 3097 200
3090 3098 224
3091 3097 224
3091 3098 200
3091 3099 224
3092 3098 224
3092 3099 201
3092 3100 225
3093 3099 225
3093 3100 202
3094 3101 198
3094 3102 222
3095 3101 222
3095 3102 199
3095 3103 223
3096 3102 223
3096 3103 199
3096 3104 223
3097 3103 223
3097 3104 200
3097 3105 224
3098 3104 224
3098 3105 201
3098 3106 224
3099 3105 224
3099 3106 201
3099 3107 225
3100 3106 225
3100 3107 202
3101 3108 200
3101 3109 224
3102 3108 224
3102 3109 200
3102 3110 224
3103 3109 224
3103 3110 200
3103 3111 224
3104 3110 224
3104 3111 200
3104 3112 224
3105 3111 224
3105 3112 200
3105 3113 224
3106 3112 224
3106 3113 200
3106 3114 223
3107 3113 224
3107 3114 200
3108 3115 200
3108 3116 224
3109 3115 224
3109 3116 200
3109 3117 224
3110 3116 224
3110 3117 200
3110 3118 224
3111 3117 224
3111 3118 200
3111 3119 224
3112 3118 224
3112 3119 200
3112 3120 223
3113 3119 223
3113 3120 200
3113 3121 223
3114 3120 223
3114 3121 199
3115 3122 200
3115 3123 224
3116 3122 224
3116 3123 200
3116 3124 224
3117 3123 224
3117 3124 200
3117 3125 224
3118 3124 224
3118 3125 200
3118 3126 224
3119 3125 224
3119 3126 200
3119 3127 223
3120 3126 223
3120 3127 200
3120 3128 223
3121 3127 223
3121 3128 200
3122 3129 200
3122 3130 224
3123 3129 224
3123 3130 200
3123 3131 224
3124 3130 224
3124 3131 200
3124 3132 224
3125 3131 224
3125 3132 200
3125 3133 224
3126 3132 224
3126 3133 200
3126 3134 224
3127 3133 224
3127 3134 200
3127 3135 224
3128 3134 224
3128 3135 200
3129 3136 200
3129 3137 224
3130 3136 224
3130 3137 200
3130 3138 224
3131 3137 224
3131 3138 200
3131 3139 224
3132 3138 224
3132 3139 200
3132 3140 224
3133 3139 224
3133 3140 200
3133 3141 224
3134 3140 224
3134 3141 200
3134 3142 224
3135 3141 224
3135 3142 200
3136 3143 200
3136 3144 223
3137 3143 223
3137 3144 200
3137 3145 223
3138 3144 223
3138 3145 200
3138 3146 224
3139 3145 224
3139 3146 200
3139 3147 224
3140 3146 224
3140 3147 200
3140 3148 224
3141 3147 224
3141 3148 200
3141 3149 224
3142 3148 224
3142 3149 200
3143 3150 199
3143 3151 223
3144 3150 223
3144 3151 200
3144 3152 223
3145 3151 223
3145 3152 200
3145 3153 224
3146 3152 224
3146 3153 200
3146 3154 224
3147 3153 224
3147 3154 200
3147 3155 224
3148 3154 224
3148 3155 200
3148 3156 224
3149 3155 224
3149 3156 201
3150 3157 199
3150 3158 223
3151 3157 223
3151 3158 199
3151 3159 223
3152 3158 223
3152 3159 200
3152 3160 223
3153 3159 223
3153 3160 200
3153 3161 224
3154 3160 224
3154 3161 200
3154 3162 224
3155 3161 224
3155 3162 200
3155 3163 224
3156 3162 224
3156 3163 201
3157 3164 199
3157 3165 223
3158 3164 223
3158 3165 199
3158 3166 223
3159 3165 223
3159 3166 200
3159 3167 223
3160 3166 223
3160 3167 200
3160 3168 224
3161 3167 224
3161 3168 200
3161 3169 224
3162 3168 224
3162 3169 201
3162 3170 224
3163 3169 224
3163 3170 201
3164 3171 199
3164 3172 223
3165 3171 223
3165 3172 199
3165 3173 223
3166 3172 223
3166 3173 200
3166 3174 223
3167 3173 223
3167 3174 200
3167 3175 224
3168 3174 224
3168 3175 200
3168 3176 224
3169 3175 224
3169 3176 201
3169 3177 224
3170 3176 224
3170 3177 201
3171 3178 199
3171 3179 223
3172 3178 223
3172 3179 199
3172 3180 223
3173 3179 223
3173 3180 200
3173 3181 223
3174 3180 223
3174 3181 200
3174 3182 224
3175 3181 224
3175 3182 200
3175 3183 224
3176 3182 224
3176 3183 201
3176 3184 225
3177 3183 225
3177 3184 201
3178 3185 198
3178 3186 222
3179 3185 222
3179 3186 199
3179 3187 223
3180 3186 223
3180 3187 199
3180 3188 223
3181 3187 223
3181 3188 200
3181 3189 224
3182 3188 224
3182 3189 201
3182 3190 224
3183 3189 224
3183 3190 201
3183 3191 225
3184 3190 225
3184 3191 202
3185 3192 198
3185 3193 222
3186 3192 222
3186 3193 199
3186 3194 223
3187 3193 223
3187 3194 199
3187 3195 223
3188 3194 223
3188 3195 200
3188 3196 224
3189 3195 224
3189 3196 201
3189 3197 224
3190 3196 224
3190 3197 201
3190 3198 225
3191 3197 225
3191 3198 202
3192 3199 198
3192 3200 222
3193 3199 222
3193 3200 199
3193 3201 223
3194 3200 223
3194 3201 199
3194 3202 223
3195 3201 223
3195 3202 200
3195 3203 224
3196 3202 224
3196 3203 201
3196 3204 224
3197 3203 225
3197 3204 201
3197 3205 225
3198 3204 225
3198 3205 202
3199 3206 198
3199 3207 222
3200 3206 222
3200 3207 198
3200 3208 222
3201 3207 223
3201 3208 199
3201 3209 223
3202 3208 223
3202 3209 200
3202 3210 224
3203 3209 224
3203 3210 201
3203 3211 225
3204 3210 225
3204 3211 202
3204 3212 225
3205 3211 225
3205 3212 202
3206 3213 196
3206 3214 221
3207 3213 221
3207 3214 197
3207 3215 222
3208 3214 222
3208 3215 199
3208 3216 223
3209 3215 223
3209 3216 200
3209 3217 224
3210 3216 224
3210 3217 201
3210 3218 225
3211 3217 225
3211 3218 203
3211 3219 227
3212 3218 227
3212 3219 204
3213 3220 197
3213 3221 222
3214 3220 221
3214 3221 198
3214 3222 222
3215 3221 222
3215 3222 199
3215 3223 223
3216 3222 223
3216 3223 200
3216 3224 224
3217 3223 224
3217 3224 201
3217 3225 225
3218 3224 225
3218 3225 202
3218 3226 226
3219 3225 226
3219 3226 203
3220 3227 197
3220 3228 221
3221 3227 221
3221 3228 198
3221 3229 222
3222 3228 222
3222 3229 199
3222 3230 223
3223 3229 223
3223 3230 200
3223 3231 224
3224 3230 224
3224 3231 201
3224 3232 225
3225 3231 225
3225 3232 202
3225 3233 226
3226 3232 226
3226 3233 203
3227 3234 196
3227 3235 221
3228 3234 221
3228 3235 198
3228 3236 222
3229 3235 222
3229 3236 199
3229 3237 223
3230 3236 223
3230 3237 200
3230 3238 224
3231 3237 224
3231 3238 201
3231 3239 225
3232 3238 225
3232 3239 202
3232 3240 226
3233 3239 226
3233 3240 203
3234 3241 196
3234 3242 221
3235 3241 221
3235 3242 197
3235 3243 222
3236 3242 222
3236 3243 199
3236 3244 223
3237 3243 223
3237 3244 200
3237 3245 224
3238 3244 224
3238 3245 201
3238 3246 225
3239 3245 225
3239 3246 202
3239 3247 226
3240 3246 226
3240 3247 204
3241 3248 196
3241 3249 221
3242 3248 221
3242 3249 197
3242 3250 222
3243 3249 222
3243 3250 199
3243 3251 223
3244 3250 223
3244 3251 200
3244 3252 224
3245 3251 224
3245 3252 201
3245 3253 225
3246 3252 225
3246 3253 203
3246 3254 227
3247 3253 227
3247 3254 204
3248 3255 196
3248 3256 220
3249 3255 221
3249 3256 197
3249 3257 221
3250 3256 222
3250 3257 199
3250 3258 223
3251 3257 223
3251 3258 200
3251 3259 224
3252 3258 224
3252 3259 201
3252 3260 225
3253 3259 226
3253 3260 203
3253 3261 227
3254 3260 227
3254 3261 204
3255 3262 193
3255 3263 218
3256 3262 218
3256 3263 195
3256 3264 220
3257 3263 221
3257 3264 198
3257 3265 223
3258 3264 223
3258 3265 200
3258 3266 225
3259 3265 225
3259 3266 202
3259 3267 227
3260 3266 227
3260 3267 205
3260 3268 229
3261 3267 229
3261 3268 207
3262 3269 195
3262 3270 220
3263 3269 220
3263 3270 197
3263 3271 222
3264 3270 221
3264 3271 198
3264 3272 223
3265 3271 223
3265 3272 200
3265 3273 225
3266 3272 224
3266 3273 202
3266 3274 226
3267 3273 226
3267 3274 203
3267 3275 227
3268 3274 227
3268 3275 205
3269 3276 195
3269 3277 220
3270 3276 220
3270 3277 197
3270 3278 221
3271 3277 221
3271 3278 198
3271 3279 223
3272 3278 223
3272 3279 200
3272 3280 224
3273 3279 224
3273 3280 202
3273 3281 226
3274 3280 226
3274 3281 203
3274 3282 228
3275 3281 227
3275 3282 205
3276 3283 195
3276 3284 219
3277 3283 220
3277 3284 196
3277 3285 221
3278 3284 221
3278 3285 198
3278 3286 223
3279 3285 223
3279 3286 200
3279 3287 224
3280 3286 225
3280 3287 202
3280 3288 226
3281 3287 226
3281 3288 204
3281 3289 228
3282 3288 228
3282 3289 205
3283 3290 194
3283 3291 219
3284 3290 220
3284 3291 196
3284 3292 221
3285 3291 221
3285 3292 198
3285 3293 222
3286 3292 223
3286 3293 200
3286 3294 224
3287 3293 225
3287 3294 202
3287 3295 226
3288 3294 226
3288 3295 204
3288 3296 228
3289 3295 228
3289 3296 206
3290 3297 191
3290 3298 217
3291 3297 217
3291 3298 194
3291 3299 219
3292 3298 220
3292 3299 197
3292 3300 222
3293 3299 222
3293 3300 200
3293 3301 225
3294 3300 225
3294 3301 203
3294 3302 228
3295 3301 228
3295 3302 206
3295 3303 230
3296 3302 230
3296 3303 209
3297 3304 195
3297 3305 220
3298 3304 220
3298 3305 196
3298 3306 221
3299 3305 221
3299 3306 198
3299 3307 223
3300 3306 223
3300 3307 200
3300 3308 224
3301 3307 224
3301 3308 202
3301 3309 226
3302 3308 226
3302 3309 204
3302 3310 228
3303 3309 228
3303 3310 205
3304 3311 197
3304 3312 222
3305 3311 222
3305 3312 198
3305 3313 222
3306 3312 222
3306 3313 199
3306 3314 223
3307 3313 223
3307 3314 200
3307 3315 224
3308 3314 224
3308 3315 201
3308 3316 225
3309 3315 225
3309 3316 202
3309 3317 226
3310 3316 226
3310 3317 203
3311 3318 197
3311 3319 221
3312 3318 222
3312 3319 198
3312 3320 222
3313 3319 222
3313 3320 199
3313 3321 223
3314 3320 223
3314 3321 200
3314 3322 224
3315 3321 224
3315 3322 201
3315 3323 225
3316 3322 225
3316 3323 202
3316 3324 226
3317 3323 226
3317 3324 203
3318 3325 195
3318 3326 220
3319 3325 220
3319 3326 197
3319 3327 221
3320 3326 222
3320 3327 198
3320 3328 223
3321 3327 223
3321 3328 200
3321 3329 224
3322 3328 224
3322 3329 202
3322 3330 226
3323 3329 226
3323 3330 203
3323 3331 227
3324 3330 227
3324 3331 205
3325 3332 197
3325 3333 221
3326 3332 221
3326 3333 198
3326 3334 222
3327 3333 222
3327 3334 199
3327 3335 223
3328 3334 223
3328 3335 200
3328 3336 224
3329 3335 224
3329 3336 201
3329 3337 225
3330 3336 225
3330 3337 202
3330 3338 226
3331 3337 226
3331 3338 203
3332 3339 196
3332 3340 221
3333 3339 221
3333 3340 198
3333 3341 222
3334 3340 222
3334 3341 199
3334 3342 223
3335 3341 223
3335 3342 200
3335 3343 224
3336 3342 224
3336 3343 201
3336 3344 225
3337 3343 225
3337 3344 202
3337 3345 226
3338 3344 226
3338 3345 204
3339 3346 194
3339 3347 219
3340 3346 219
3340 3347 196
3340 3348 221
3341 3347 221
3341 3348 198
3341 3349 223
3342 3348 223
3342 3349 200
3342 3350 224
3343 3349 224
3343 3350 202
3343 3351 226
3344 3350 226
3344 3351 204
3344 3352 228
3345 3351 228
3345 3352 206
3346 3353 196
3346 3354 221
3347 3353 220
3347 3354 197
3347 3355 222
3348 3354 222
3348 3355 199
3348 3356 223
3349 3355 223
3349 3356 200
3349 3357 224
3350 3356 224
3350 3357 201
3350 3358 226
3351 3357 225
3351 3358 203
3351 3359 227
3352 3358 226
3352 3359 204
3353 3360 196
3353 3361 220
3354 3360 221
3354 3361 197
3354 3362 222
3355 3361 222
3355 3362 199
3355 3363 223
3356 3362 223
3356 3363 200
3356 3364 224
3357 3363 224
3357 3364 201
3357 3365 225
3358 3364 225
3358 3365 203
3358 3366 227
3359 3365 227
3359 3366 204
3360 3367 193
3360 3368 219
3361 3367 219
3361 3368 196
3361 3369 221
3362 3368 221
3362 3369 198
3362 3370 223
3363 3369 223
3363 3370 200
3363 3371 225
3364 3370 224
3364 3371 202
3364 3372 227
3365 3371 226
3365 3372 204
3365 3373 229
3366 3372 228
3366 3373 207
3367 3374 195
3367 3375 220
3368 3374 220
3368 3375 197
3368 3376 222
3369 3375 221
3369 3376 198
3369 3377 223
3370 3376 223
3370 3377 200
3370 3378 224
3371 3377 224
3371 3378 202
3371 3379 226
3372 3378 225
3372 3379 203
3372 3380 227
3373 3379 227
3373 3380 205
3374 3381 195
3374 3382 220
3375 3381 220
3375 3382 197
3375 3383 221
3376 3382 221
3376 3383 198
3376 3384 223
3377 3383 223
3377 3384 200
3377 3385 224
3378 3384 224
3378 3385 202
3378 3386 226
3379 3385 226
3379 3386 203
3379 3387 227
3380 3386 227
3380 3387 205
3381 3388 193
3381 3389 218
3382 3388 218
3382 3389 195
3382 3390 220
3383 3389 220
3383 3390 198
3383 3391 223
3384 3390 222
3384 3391 200
3384 3392 225
3385 3391 225
3385 3392 202
3385 3393 227
3386 3392 227
3386 3393 205
3386 3394 229
3387 3393 229
3387 3394 207
3388 3395 195
3388 3396 220
3389 3395 220
3389 3396 197
3389 3397 222
3390 3396 221
3390 3397 198
3390 3398 223
3391 3397 223
3391 3398 200
3391 3399 225
3392 3398 224
3392 3399 202
3392 3400 226
3393 3399 226
3393 3400 203
3393 3401 228
3394 3400 227
3394 3401 205
3395 3402 195
3395 3403 220
3396 3402 220
3396 3403 196
3396 3404 221
3397 3403 221
3397 3404 198
3397 3405 223
3398 3404 223
3398 3405 200
3398 3406 224
3399 3405 224
3399 3406 202
3399 3407 226
3400 3406 226
3400 3407 204
3400 3408 228
3401 3407 228
3401 3408 205
3402 3409 195
3402 3410 219
3403 3409 220
3403 3410 196
3403 3411 221
3404 3410 221
3404 3411 198
3404 3412 223
3405 3411 223
3405 3412 200
3405 3413 224
3406 3412 225
3406 3413 202
3406 3414 226
3407 3413 226
3407 3414 204
3407 3415 227
3408 3414 228
3408 3415 205
3409 3416 192
3409 3417 217
3410 3416 218
3410 3417 194
3410 3418 220
3411 3417 220
3411 3418 197
3411 3419 222
3412 3418 222
3412 3419 200
3412 3420 225
3413 3419 225
3413 3420 203
3413 3421 227
3414 3420 227
3414 3421 206
3414 3422 230
3415 3421 230
3415 3422 208
3416 3423 194
3416 3424 219
3417 3423 219
3417 3424 196
3417 3425 221
3418 3424 221
3418 3425 198
3418 3426 223
3419 3425 223
3419 3426 200
3419 3427 225
3420 3426 224
3420 3427 202
3420 3428 226
3421 3427 226
3421 3428 204
3421 3429 228
3422 3428 228
3422 3429 206
3423 3430 194
3423 3431 219
3424 3430 219
3424 3431 196
3424 3432 221
3425 3431 221
3425 3432 198
3425 3433 223
3426 3432 223
3426 3433 200
3426 3434 224
3427 3433 225
3427 3434 202
3427 3435 226
3428 3434 226
3428 3435 204
3428 3436 228
3429 3435 228
3429 3436 206
3430 3437 191
3430 3438 217
3431 3437 217
3431 3438 194
3431 3439 220
3432 3438 220
3432 3439 197
3432 3440 222
3433 3439 222
3433 3440 200
3433 3441 225
3434 3440 225
3434 3441 203
3434 3442 228
3435 3441 227
3435 3442 206
3435 3443 230
3436 3442 230
3436 3443 209
3437 3444 194
3437 3445 219
3438 3444 219
3438 3445 196
3438 3446 221
3439 3445 221
3439 3446 198
3439 3447 223
3440 3446 222
3440 3447 200
3440 3448 225
3441 3447 224
3441 3448 202
3441 3449 226
3442 3448 226
3442 3449 204
3442 3450 228
3443 3449 228
3443 3450 206
3444 3451 194
3444 3452 219
3445 3451 219
3445 3452 196
3445 3453 221
3446 3452 221
3446 3453 198
3446 3454 223
3447 3453 223
3447 3454 200
3447 3455 225
3448 3454 224
3448 3455 202
3448 3456 226
3449 3455 226
3449 3456 204
3449 3457 228
3450 3456 228
3450 3457 206
3451 3458 194
3451 3459 219
3452 3458 219
3452 3459 196
3452 3460 221
3453 3459 221
3453 3460 198
3453 3461 223
3454 3460 223
3454 3461 200
3454 3462 224
3455 3461 225
3455 3462 202
3455 3463 226
3456 3462 226
3456 3463 204
3456 3464 228
3457 3463 228
3457 3464 206
3458 3465 194
3458 3466 219
3459 3465 219
3459 3466 196
3459 3467 221
3460 3466 221
3460 3467 198
3460 3468 222
3461 3467 223
3461 3468 200
3461 3469 224
3462 3468 225
3462 3469 202
3462 3470 226
3463 3469 227
3463 3470 204
3463 3471 228
3464 3470 228
3464 3471 206
3465 3472 191
3465 3473 217
3466 3472 217
3466 3473 194
3466 3474 220
3467 3473 220
3467 3474 197
3467 3475 222
3468 3474 222
3468 3475 200
3468 3476 225
3469 3475 225
3469 3476 203
3469 3477 228
3470 3476 228
3470 3477 206
3470 3478 230
3471 3477 230
3471 3478 209
3472 3479 194
3472 3480 219
3473 3479 219
3473 3480 196
3473 3481 221
3474 3480 221
3474 3481 198
3474 3482 223
3475 3481 222
3475 3482 200
3475 3483 225
3476 3482 224
3476 3483 202
3476 3484 227
3477 3483 226
3477 3484 204
3477 3485 228
3478 3484 228
3478 3485 206
3479 3486 194
3479 3487 219
3480 3486 219
3480 3487 196
3480 3488 221
3481 3487 221
3481 3488 198
3481 3489 223
3482 3488 223
3482 3489 200
3482 3490 225
3483 3489 224
3483 3490 202
3483 3491 226
3484 3490 226
3484 3491 204
3484 3492 228
3485 3491 228
3485 3492 206
3486 3493 195
3486 3494 220
3487 3493 219
3487 3494 196
3487 3495 221
3488 3494 221
3488 3495 198
3488 3496 223
3489 3495 223
3489 3496 200
3489 3497 224
3490 3496 224
3490 3497 202
3490 3498 226
3491 3497 226
3491 3498 204
3491 3499 228
3492 3498 228
3492 3499 205
3493 3500 195
3493 3501 220
3494 3500 220
3494 3501 197
3494 3502 221
3495 3501 221
3495 3502 198
3495 3503 223
3496 3502 223
3496 3503 200
3496 3504 224
3497 3503 224
3497 3504 202
3497 3505 226
3498 3504 226
3498 3505 203
3498 3506 227
3499 3505 227
3499 3506 205
3500 3507 195
3500 3508 220
3501 3507 220
3501 3508 197
3501 3509 221
3502 3508 221
3502 3509 198
3502 3510 223
3503 3509 223
3503 3510 200
3503 3511 224
3504 3510 224
3504 3511 202
3504 3512 226
3505 3511 226
3505 3512 203
3505 3513 227
3506 3512 227
3506 3513 205
3507 3514 195
3507 3515 220
3508 3514 220
3508 3515 197
3508 3516 221
3509 3515 221
3509 3516 198
3509 3517 223
3510 3516 223
3510 3517 200
3510 3518 224
3511 3517 224
3511 3518 202
3511 3519 226
3512 3518 226
3512 3519 203
3512 3520 227
3513 3519 227
3513 3520 205
3514 3521 195
3514 3522 220
3515 3521 220
3515 3522 197
3515 3523 221
3516 3522 222
3516 3523 198
3516 3524 223
3517 3523 223
3517 3524 200
3517 3525 224
3518 3524 224
3518 3525 202
3518 3526 226
3519 3525 226
3519 3526 203
3519 3527 227
3520 3526 227
3520 3527 205
3521 3528 195
3521 3529 220
3522 3528 220
3522 3529 197
3522 3530 222
3523 3529 222
3523 3530 198
3523 3531 223
3524 3530 223
3524 3531 200
3524 3532 224
3525 3531 224
3525 3532 202
3525 3533 226
3526 3532 226
3526 3533 203
3526 3534 227
3527 3533 227
3527 3534 205
3528 3535 196
3528 3536 220
3529 3535 220
3529 3536 197
3529 3537 222
3530 3536 222
3530 3537 199
3530 3538 223
3531 3537 223
3531 3538 200
3531 3539 224
3532 3538 224
3532 3539 201
3532 3540 226
3533 3539 226
3533 3540 203
3533 3541 227
3534 3540 227
3534 3541 204
3535 3542 196
3535 3543 220
3536 3542 220
3536 3543 197
3536 3544 222
3537 3543 222
3537 3544 199
3537 3545 223
3538 3544 223
3538 3545 200
3538 3546 224
3539 3545 224
3539 3546 201
3539 3547 226
3540 3546 226
3540 3547 203
3540 3548 227
3541 3547 227
3541 3548 204
3542 3549 196
3542 3550 221
3543 3549 220
3543 3550 197
3543 3551 222
3544 3550 222
3544 3551 199
3544 3552 223
3545 3551 223
3545 3552 200
3545 3553 224
3546 3552 224
3546 3553 201
3546 3554 226
3547 3553 225
3547 3554 203
3547 3555 227
3548 3554 227
3548 3555 204
3549 3556 196
3549 3557 221
3550 3556 220
3550 3557 197
3550 3558 222
3551 3557 222
3551 3558 199
3551 3559 223
3552 3558 223
3552 3559 200
3552 3560 224
3553 3559 224
3553 3560 201
3553 3561 226
3554 3560 225
3554 3561 203
3554 3562 227
3555 3561 227
3555 3562 204
3556 3563 196
3556 3564 221
3557 3563 220
3557 3564 197
3557 3565 222
3558 3564 222
3558 3565 199
3558 3566 223
3559 3565 223
3559 3566 200
3559 3567 224
3560 3566 224
3560 3567 201
3560 3568 226
3561 3567 225
3561 3568 203
3561 3569 227
3562 3568 226
3562 3569 204
3563 3570 196
3563 3571 221
3564 3570 220
3564 3571 197
3564 3572 222
3565 3571 222
3565 3572 199
3565 3573 223
3566 3572 223
3566 3573 200
3566 3574 224
3567 3573 224
3567 3574 201
3567 3575 226
3568 3574 225
3568 3575 203
3568 3576 227
3569 3575 226
3569 3576 204
3570 3577 198
3570 3578 222
3571 3577 222
3571 3578 199
3571 3579 223
3572 3578 223
3572 3579 199
3572 3580 223
3573 3579 223
3573 3580 200
3573 3581 224
3574 3580 224
3574 3581 201
3574 3582 224
3575 3581 224
3575 3582 201
3575 3583 225
3576 3582 225
3576 3583 202
3577 3584 196
3577 3585 221
3578 3584 221
3578 3585 197
3578 3586 222
3579 3585 222
3579 3586 199
3579 3587 223
3580 3586 223
3580 3587 200
3580 3588 224
3581 3587 224
3581 3588 201
3581 3589 225
3582 3588 225
3582 3589 202
3582 3590 226
3583 3589 227
3583 3590 204
3584 3591 196
3584 3592 221
3585 3591 221
3585 3592 198
3585 3593 222
3586 3592 222
3586 3593 199
3586 3594 223
3587 3593 223
3587 3594 200
3587 3595 224
3588 3594 224
3588 3595 201
3588 3596 225
3589 3595 225
3589 3596 202
3589 3597 226
3590 3596 226
3590 3597 204
3591 3598 196
3591 3599 221
3592 3598 221
3592 3599 198
3592 3600 222
3593 3599 222
3593 3600 199
3593 3601 223
3594 3600 223
3594 3601 200
3594 3602 224
3595 3601 224
3595 3602 201
3595 3603 225
3596 3602 225
3596 3603 202
3596 3604 226
3597 3603 226
3597 3604 204
3598 3605 196
3598 3606 221
3599 3605 221
3599 3606 198
3599 3607 222
3600 3606 222
3600 3607 199
3600 3608 223
3601 3607 223
3601 3608 200
3601 3609 224
3602 3608 224
3602 3609 201
3602 3610 225
3603 3609 225
3603 3610 202
3603 3611 226
3604 3610 226
3604 3611 203
3605 3612 198
3605 3613 222
3606 3612 222
3606 3613 199
3606 3614 223
3607 3613 223
3607 3614 199
3607 3615 223
3608 3614 223
3608 3615 200
3608 3616 224
3609 3615 224
3609 3616 201
3609 3617 224
3610 3616 224
3610 3617 201
3610 3618 225
3611 3617 225
3611 3618 202
3612 3619 197
3612 3620 221
3613 3619 221
3613 3620 198
3613 3621 222
3614 3620 222
3614 3621 199
3614 3622 223
3615 3621 223
3615 3622 200
3615 3623 224
3616 3622 224
3616 3623 201
3616 3624 225
3617 3623 225
3617 3624 202
3617 3625 226
3618 3624 226
3618 3625 203
3619 3626 197
3619 3627 221
3620 3626 221
3620 3627 198
3620 3628 222
3621 3627 222
3621 3628 199
3621 3629 223
3622 3628 223
3622 3629 200
3622 3630 224
3623 3629 224
3623 3630 201
3623 3631 225
3624 3630 225
3624 3631 202
3624 3632 226
3625 3631 226
3625 3632 203
3626 3633 197
3626 3634 221
3627 3633 221
3627 3634 198
3627 3635 222
3628 3634 222
3628 3635 199
3628 3636 223
3629 3635 223
3629 3636 200
3629 3637 224
3630 3636 224
3630 3637 201
3630 3638 225
3631 3637 225
3631 3638 202
3631 3639 226
3632 3638 226
3632 3639 203
3633 3640 198
3633 3641 222
3634 3640 222
3634 3641 199
3634 3642 223
3635 3641 223
3635 3642 199
3635 3643 223
3636 3642 223
3636 3643 200
3636 3644 224
3637 3643 224
3637 3644 201
3637 3645 224
3638 3644 224
3638 3645 201
3638 3646 225
3639 3645 225
3639 3646 202
3640 3647 197
3640 3648 221
3641 3647 221
3641 3648 198
3641 3649 222
3642 3648 222
3642 3649 199
3642 3650 223
3643 3649 223
3643 3650 200
3643 3651 224
3644 3650 224
3644 3651 201
3644 3652 225
3645 3651 225
3645 3652 202
3645 3653 226
3646 3652 226
3646 3653 203
3647 3654 197
3647 3655 221
3648 3654 221
3648 3655 198
3648 3656 222
3649 3655 222
3649 3656 199
3649 3657 223
3650 3656 223
3650 3657 200
3650 3658 224
3651 3657 224
3651 3658 201
3651 3659 225
3652 3658 225
3652 3659 202
3652 3660 226
3653 3659 226
3653 3660 203
3654 3661 197
3654 3662 221
3655 3661 221
3655 3662 198
3655 3663 222
3656 3662 222
3656 3663 199
3656 3664 223
3657 3663 223
3657 3664 200
3657 3665 224
3658 3664 224
3658 3665 201
3658 3666 225
3659 3665 225
3659 3666 202
3659 3667 226
3660 3666 226
3660 3667 203
3661 3668 199
3661 3669 223
3662 3668 222
3662 3669 199
3662 3670 223
3663 3669 223
3663 3670 199
3663 3671 223
3664 3670 223
3664 3671 200
3664 3672 224
3665 3671 224
3665 3672 200
3665 3673 224
3666 3672 224
3666 3673 201
3666 3674 225
3667 3673 225
3667 3674 201
3668 3675 197
3668 3676 221
3669 3675 222
3669 3676 198
3669 3677 222
3670 3676 222
3670 3677 199
3670 3678 223
3671 3677 223
3671 3678 200
3671 3679 224
3672 3678 224
3672 3679 201
3672 3680 225
3673 3679 225
3673 3680 202
3673 3681 226
3674 3680 226
3674 3681 203
3675 3682 197
3675 3683 222
3676 3682 221
3676 3683 198
3676 3684 222
3677 3683 222
3677 3684 199
3677 3685 223
3678 3684 223
3678 3685 200
3678 3686 224
3679 3685 224
3679 3686 201
3679 3687 225
3680 3686 225
3680 3687 202
3680 3688 226
3681 3687 226
3681 3688 203
3682 3689 199
3682 3690 223
3683 3689 223
3683 3690 199
3683 3691 223
3684 3690 223
3684 3691 200
3684 3692 223
3685 3691 223
3685 3692 200
3685 3693 224
3686 3692 224
3686 3693 200
3686 3694 224
3687 3693 224
3687 3694 201
3687 3695 225
3688 3694 225
3688 3695 201
3689 3696 197
3689 3697 221
3690 3696 222
3690 3697 198
3690 3698 222
3691 3697 222
3691 3698 199
3691 3699 223
3692 3698 223
3692 3699 200
3692 3700 224
3693 3699 224
3693 3700 201
3693 3701 225
3694 3700 225
3694 3701 202
3694 3702 226
3695 3701 226
3695 3702 203
3696 3703 197
3696 3704 222
3697 3703 221
3697 3704 198
3697 3705 222
3698 3704 222
3698 3705 199
3698 3706 223
3699 3705 223
3699 3706 200
3699 3707 224
3700 3706 224
3700 3707 201
3700 3708 225
3701 3707 225
3701 3708 202
3701 3709 226
3702 3708 226
3702 3709 203
3703 3710 199
3703 3711 223
3704 3710 223
3704 3711 199
3704 3712 223
3705 3711 223
3705 3712 200
3705 3713 223
3706 3712 223
3706 3713 200
3706 3714 224
3707 3713 224
3707 3714 200
3707 3715 224
3708 3714 224
3708 3715 201
3708 3716 225
3709 3715 225
3709 3716 201
3710 3717 197
3710 3718 222
3711 3717 222
3711 3718 198
3711 3719 222
3712 3718 222
3712 3719 199
3712 3720 223
3713 3719 223
3713 3720 200
3713 3721 224
3714 3720 224
3714 3721 201
3714 3722 225
3715 3721 225
3715 3722 202
3715 3723 226
3716 3722 226
3716 3723 203
3717 3724 198
3717 3725 222
3718 3724 222
3718 3725 199
3718 3726 223
3719 3725 223
3719 3726 199
3719 3727 223
3720 3726 223
3720 3727 200
3720 3728 224
3721 3727 224
3721 3728 201
3721 3729 224
3722 3728 224
3722 3729 201
3722 3730 225
3723 3729 225
3723 3730 202
3724 3731 196
3724 3732 221
3725 3731 221
3725 3732 198
3725 3733 222
3726 3732 222
3726 3733 199
3726 3734 223
3727 3733 223
3727 3734 200
3727 3735 224
3728 3734 224
3728 3735 201
3728 3736 225
3729 3735 225
3729 3736 202
3729 3737 226
3730 3736 226
3730 3737 204
3731 3738 197
3731 3739 221
3732 3738 221
3732 3739 198
3732 3740 222
3733 3739 222
3733 3740 199
3733 3741 223
3734 3740 223
3734 3741 200
3734 3742 224
3735 3741 224
3735 3742 201
3735 3743 225
3736 3742 225
3736 3743 202
3736 3744 226
3737 3743 226
3737 3744 203
3738 3745 198
3738 3746 222
3739 3745 222
3739 3746 199
3739 3747 223
3740 3746 223
3740 3747 199
3740 3748 223
3741 3747 223
3741 3748 200
3741 3749 224
3742 3748 224
3742 3749 201
3742 3750 224
3743 3749 224
3743 3750 201
3743 3751 225
3744 3750 225
3744 3751 202
3745 3752 197
3745 3753 221
3746 3752 221
3746 3753 198
3746 3754 222
3747 3753 222
3747 3754 199
3747 3755 223
3748 3754 223
3748 3755 200
3748 3756 224
3749 3755 224
3749 3756 201
3749 3757 225
3750 3756 225
3750 3757 202
3750 3758 226
3751 3757 226
3751 3758 203
3752 3759 199
3752 3760 222
3753 3759 222
3753 3760 199
3753 3761 223
3754 3760 223
3754 3761 199
3754 3762 223
3755 3761 223
3755 3762 200
3755 3763 224
3756 3762 224
3756 3763 200
3756 3764 224
3757 3763 224
3757 3764 201
3757 3765 225
3758 3764 225
3758 3765 201
3759 3766 197
3759 3767 221
3760 3766 221
3760 3767 198
3760 3768 222
3761 3767 222
3761 3768 199
3761 3769 223
3762 3768 223
3762 3769 200
3762 3770 224
3763 3769 224
3763 3770 201
3763 3771 225
3764 3770 225
3764 3771 202
3764 3772 226
3765 3771 226
3765 3772 203
3766 3773 199
3766 3774 223
3767 3773 223
3767 3774 199
3767 3775 223
3768 3774 223
3768 3775 200
3768 3776 223
3769 3775 223
3769 3776 200
3769 3777 224
3770 3776 224
3770 3777 200
3770 3778 224
3771 3777 224
3771 3778 201
3771 3779 225
3772 3778 225
3772 3779 201
3773 3780 197
3773 3781 222
3774 3780 222
3774 3781 198
3774 3782 222
3775 3781 222
3775 3782 199
3775 3783 223
3776 3782 223
3776 3783 200
3776 3784 224
3777 3783 224
3777 3784 201
3777 3785 225
3778 3784 225
3778 3785 202
3778 3786 226
3779 3785 226
3779 3786 203
3780 3787 199
3780 3788 223
3781 3787 223
3781 3788 199
3781 3789 223
3782 3788 223
3782 3789 200
3782 3790 223
3783 3789 223
3783 3790 200
3783 3791 224
3784 3790 224
3784 3791 200
3784 3792 224
3785 3791 224
3785 3792 201
3785 3793 225
3786 3792 225
3786 3793 201
3787 3794 198
3787 3795 222
3788 3794 222
3788 3795 198
3788 3796 223
3789 3795 222
3789 3796 199
3789 3797 223
3790 3796 223
3790 3797 200
3790 3798 224
3791 3797 224
3791 3798 201
3791 3799 225
3792 3798 225
3792 3799 202
3792 3800 225
3793 3799 225
3793 3800 202
3794 3801 199
3794 3802 223
3795 3801 223
3795 3802 199
3795 3803 223
3796 3802 223
3796 3803 200
3796 3804 223
3797 3803 223
3797 3804 200
3797 3805 224
3798 3804 224
3798 3805 200
3798 3806 224
3799 3805 224
3799 3806 201
3799 3807 224
3800 3806 224
3800 3807 201
3801 3808 198
3801 3809 222
3802 3808 222
3802 3809 198
3802 3810 223
3803 3809 223
3803 3810 199
3803 3811 223
3804 3810 223
3804 3811 200
3804 3812 224
3805 3811 224
3805 3812 201
3805 3813 225
3806 3812 225
3806 3813 202
3806 3814 225
3807 3813 225
3807 3814 202
3808 3815 199
3808 3816 223
3809 3815 223
3809 3816 199
3809 3817 223
3810 3816 223
3810 3817 200
3810 3818 223
3811 3817 223
3811 3818 200
3811 3819 224
3812 3818 224
3812 3819 200
3812 3820 224
3813 3819 224
3813 3820 201
3813 3821 224
3814 3820 224
3814 3821 201
3815 3822 199
3815 3823 223
3816 3822 223
3816 3823 199
3816 3824 223
3817 3823 223
3817 3824 200
3817 3825 223
3818 3824 223
3818 3825 200
3818 3826 224
3819 3825 224
3819 3826 200
3819 3827 224
3820 3826 224
3820 3827 201
3820 3828 224
3821 3827 224
3821 3828 201
3822 3829 198
3822 3830 222
3823 3829 222
3823 3830 199
3823 3831 223
3824 3830 223
3824 3831 199
3824 3832 223
3825 3831 223
3825 3832 200
3825 3833 224
3826 3832 224
3826 3833 201
3826 3834 224
3827 3833 225
3827 3834 201
3827 3835 225
3828 3834 225
3828 3835 202
3829 3836 199
3829 3837 223
3830 3836 223
3830 3837 199
3830 3838 223
3831 3837 223
3831 3838 200
3831 3839 223
3832 3838 223
3832 3839 200
3832 3840 224
3833 3839 224
3833 3840 200
3833 3841 224
3834 3840 224
3834 3841 201
3834 3842 224
3835 3841 224
3835 3842 201
3836 3843 198
3836 3844 222
3837 3843 222
3837 3844 199
3837 3845 223
3838 3844 223
3838 3845 199
3838 3846 223
3839 3845 223
3839 3846 200
3839 3847 224
3840 3846 224
3840 3847 201
3840 3848 224
3841 3847 224
3841 3848 201
3841 3849 225
3842 3848 225
3842 3849 202
3843 3850 199
3843 3851 223
3844 3850 223
3844 3851 199
3844 3852 223
3845 3851 223
3845 3852 200
3845 3853 223
3846 3852 223
3846 3853 200
3846 3854 224
3847 3853 224
3847 3854 200
3847 3855 224
3848 3854 224
3848 3855 201
3848 3856 224
3849 3855 224
3849 3856 201
3850 3857 199
3850 3858 223
3851 3857 223
3851 3858 199
3851 3859 223
3852 3858 223
3852 3859 200
3852 3860 223
3853 3859 224
3853 3860 200
3853 3861 224
3854 3860 224
3854 3861 200
3854 3862 224
3855 3861 224
3855 3862 201
3855 3863 224
3856 3862 224
3856 3863 201
3857 3864 198
3857 3865 222
3858 3864 222
3858 3865 199
3858 3866 223
3859 3865 223
3859 3866 199
3859 3867 223
3860 3866 223
3860 3867 200
3860 3868 224
3861 3867 224
3861 3868 201
3861 3869 224
3862 3868 224
3862 3869 201
3862 3870 225
3863 3869 225
3863 3870 202
3864 3871 199
3864 3872 223
3865 3871 223
3865 3872 199
3865 3873 223
3866 3872 223
3866 3873 200
3866 3874 223
3867 3873 223
3867 3874 200
3867 3875 224
3868 3874 224
3868 3875 200
3868 3876 224
3869 3875 224
3869 3876 201
3869 3877 224
3870 3876 224
3870 3877 201
3871 3878 198
3871 3879 222
3872 3878 222
3872 3879 199
3872 3880 223
3873 3879 223
3873 3880 199
3873 3881 223
3874 3880 223
3874 3881 200
3874 3882 224
3875 3881 224
3875 3882 201
3875 3883 224
3876 3882 224
3876 3883 201
3876 3884 225
3877 3883 225
3877 3884 202
3878 3885 199
3878 3886 223
3879 3885 223
3879 3886 199
3879 3887 223
3880 3886 223
3880 3887 200
3880 3888 224
3881 3887 223
3881 3888 200
3881 3889 224
3882 3888 224
3882 3889 200
3882 3890 224
3883 3889 224
3883 3890 201
3883 3891 224
3884 3890 224
3884 3891 201
3885 3892 199
3885 3893 223
3886 3892 223
3886 3893 199
3886 3894 223
3887 3893 223
3887 3894 200
3887 3895 223
3888 3894 223
3888 3895 200
3888 3896 224
3889 3895 224
3889 3896 200
3889 3897 224
3890 3896 224
3890 3897 201
3890 3898 224
3891 3897 224
3891 3898 201
3892 3899 198
3892 3900 222
3893 3899 222
3893 3900 199
3893 3901 223
3894 3900 223
3894 3901 199
3894 3902 223
3895 3901 223
3895 3902 200
3895 3903 224
3896 3902 224
3896 3903 201
3896 3904 224
3897 3903 224
3897 3904 201
3897 3905 225
3898 3904 225
3898 3905 202
3899 3906 199
3899 3907 223
3900 3906 223
3900 3907 199
3900 3908 223
3901 3907 223
3901 3908 200
3901 3909 223
3902 3908 223
3902 3909 200
3902 3910 224
3903 3909 224
3903 3910 200
3903 3911 224
3904 3910 224
3904 3911 201
3904 3912 224
3905 3911 224
3905 3912 201
3906 3913 199
3906 3914 223
3907 3913 223
3907 3914 199
3907 3915 223
3908 3914 223
3908 3915 200
3908 3916 223
3909 3915 224
3909 3916 200
3909 3917 224
3910 3916 224
3910 3917 200
3910 3918 224
3911 3917 224
3911 3918 200
3911 3919 224
3912 3918 224
3912 3919 201
3913 3920 198
3913 3921 222
3914 3920 223
3914 3921 199
3914 3922 223
3915 3921 223
3915 3922 199
3915 3923 223
3916 3922 223
3916 3923 200
3916 3924 224
3917 3923 224
3917 3924 200
3917 3925 224
3918 3924 224
3918 3925 201
3918 3926 225
3919 3925 225
3919 3926 201
3920 3927 199
3920 3928 223
3921 3927 223
3921 3928 200
3921 3929 223
3922 3928 223
3922 3929 200
3922 3930 223
3923 3929 223
3923 3930 200
3923 3931 224
3924 3930 224
3924 3931 200
3924 3932 224
3925 3931 224
3925 3932 200
3925 3933 224
3926 3932 224
3926 3933 201
3927 3934 199
3927 3935 223
3928 3934 222
3928 3935 199
3928 3936 223
3929 3935 223
3929 3936 200
3929 3937 223
3930 3936 223
3930 3937 200
3930 3938 224
3931 3937 224
3931 3938 200
3931 3939 224
3932 3938 224
3932 3939 201
3932 3940 225
3933 3939 225
3933 3940 201
3934 3941 199
3934 3942 223
3935 3941 223
3935 3942 200
3935 3943 223
3936 3942 223
3936 3943 200
3936 3944 224
3937 3943 223
3937 3944 200
3937 3945 224
3938 3944 224
3938 3945 200
3938 3946 224
3939 3945 224
3939 3946 200
3939 3947 224
3940 3946 224
3940 3947 201
3941 3948 199
3941 3949 223
3942 3948 223
3942 3949 200
3942 3950 223
3943 3949 223
3943 3950 200
3943 3951 223
3944 3950 224
3944 3951 200
3944 3952 224
3945 3951 224
3945 3952 200
3945 3953 224
3946 3952 224
3946 3953 200
3946 3954 224
3947 3953 224
3947 3954 201
3948 3955 199
3948 3956 223
3949 3955 223
3949 3956 199
3949 3957 223
3950 3956 223
3950 3957 200
3950 3958 223
3951 3957 223
3951 3958 200
3951 3959 224
3952 3958 224
3952 3959 200
3952 3960 224
3953 3959 224
3953 3960 201
3953 3961 225
3954 3960 225
3954 3961 201
3955 3962 199
3955 3963 223
3956 3962 223
3956 3963 200
3956 3964 223
3957 3963 223
3957 3964 200
3957 3965 224
3958 3964 223
3958 3965 200
3958 3966 224
3959 3965 224
3959 3966 200
3959 3967 224
3960 3966 224
3960 3967 200
3960 3968 224
3961 3967 224
3961 3968 201
3962 3969 199
3962 3970 223
3963 3969 223
3963 3970 200
3963 3971 223
3964 3970 223
3964 3971 200
3964 3972 223
3965 3971 224
3965 3972 200
3965 3973 224
3966 3972 224
3966 3973 200
3966 3974 224
3967 3973 224
3967 3974 200
3967 3975 224
3968 3974 224
3968 3975 201
3969 3976 199
3969 3977 223
3970 3976 223
3970 3977 199
3970 3978 223
3971 3977 223
3971 3978 200
3971 3979 223
3972 3978 223
3972 3979 200
3972 3980 224
3973 3979 224
3973 3980 200
3973 3981 224
3974 3980 224
3974 3981 201
3974 3982 225
3975 3981 225
3975 3982 201
3976 3983 199
3976 3984 223
3977 3983 223
3977 3984 200
3977 3985 223
3978 3984 223
3978 3985 200
3978 3986 223
3979 3985 224
3979 3986 200
3979 3987 224
3980 3986 224
3980 3987 200
3980 3988 224
3981 3987 224
3981 3988 200
3981 3989 224
3982 3988 224
3982 3989 201
3983 3990 199
3983 3991 223
3984 3990 223
3984 3991 199
3984 3992 223
3985 3991 223
3985 3992 200
3985 3993 223
3986 3992 223
3986 3993 200
3986 3994 224
3987 3993 224
3987 3994 200
3987 3995 224
3988 3994 224
3988 3995 201
3988 3996 225
3989 3995 225
3989 3996 201
3990 3997 199
3990 3998 223
3991 3997 223
3991 3998 200
3991 3999 223
3992 3998 223
3992 3999 200
3992 4000 224
3993 3999 223
3993 4000 200
3993 4001 224
3994 4000 224
3994 4001 200
3994 4002 224
3995 4001 224
3995 4002 200
3995 4003 224
3996 4002 224
3996 4003 201
3997 4004 199
3997 4005 223
3998 4004 223
3998 4005 199
3998 4006 223
3999 4005 223
3999 4006 200
3999 4007 223
4000 4006 223
4000 4007 200
4000 4008 224
4001 4007 224
4001 4008 200
4001 4009 224
4002 4008 224
4002 4009 201
4002 4010 225
4003 4009 224
4003 4010 201
4004 4011 199
4004 4012 223
4005 4011 223
4005 4012 200
4005 4013 223
4006 4012 223
4006 4013 200
4006 4014 224
4007 4013 223
4007 4014 200
4007 4015 224
4008 4014 224
4008 4015 200
4008 4016 224
4009 4015 224
4009 4016 200
4009 4017 224
4010 4016 224
4010 4017 201
4011 4018 200
4011 4019 223
4012 4018 223
4012 4019 200
4012 4020 223
4013 4019 223
4013 4020 200
4013 4021 224
4014 4020 224
4014 4021 200
4014 4022 224
4015 4021 224
4015 4022 200
4015 4023 224
4016 4022 224
4016 4023 200
4016 4024 224
4017 4023 224
4017 4024 200
4018 4025 200
4018 4026 223
4019 4025 223
4019 4026 200
4019 4027 223
4020 4026 223
4020 4027 200
4020 4028 224
4021 4027 224
4021 4028 200
4021 4029 224
4022 4028 224
4022 4029 200
4022 4030 224
4023 4029 224
4023 4030 200
4023 4031 224
4024 4030 224
4024 4031 200
4025 4032 200
4025 4033 223
4026 4032 223
4026 4033 200
4026 4034 223
4027 4033 223
4027 4034 200
4027 4035 224
4028 4034 224
4028 4035 200
4028 4036 224
4029 4035 224
4029 4036 200
4029 4037 224
4030 4036 224
4030 4037 200
4030 4038 224
4031 4037 224
4031 4038 200
4032 4039 199
4032 4040 223
4033 4039 223
4033 4040 200
4033 4041 223
4034 4040 223
4034 4041 200
4034 4042 224
4035 4041 224
4035 4042 200
4035 4043 224
4036 4042 224
4036 4043 200
4036 4044 224
4037 4043 224
4037 4044 200
4037 4045 224
4038 4044 224
4038 4045 201
4039 4046 200
4039 4047 223
4040 4046 223
4040 4047 200
4040 4048 223
4041 4047 223
4041 4048 200
4041 4049 224
4042 4048 224
4042 4049 200
4042 4050 224
4043 4049 224
4043 4050 200
4043 4051 224
4044 4050 224
4044 4051 200
4044 4052 224
4045 4051 224
4045 4052 200
4046 4053 199
4046 4054 223
4047 4053 223
4047 4054 199
4047 4055 223
4048 4054 223
4048 4055 200
4048 4056 224
4049 4055 223
4049 4056 200
4049 4057 224
4050 4056 224
4050 4057 200
4050 4058 224
4051 4057 224
4051 4058 200
4051 4059 224
4052 4058 224
4052 4059 201
4053 4060 200
4053 4061 223
4054 4060 223
4054 4061 200
4054 4062 223
4055 4061 223
4055 4062 200
4055 4063 224
4056 4062 224
4056 4063 200
4056 4064 224
4057 4063 224
4057 4064 200
4057 4065 224
4058 4064 224
4058 4065 200
4058 4066 224
4059 4065 224
4059 4066 200
4060 4067 200
4060 4068 223
4061 4067 223
4061 4068 200
4061 4069 223
4062 4068 223
4062 4069 200
4062 4070 224
4063 4069 224
4063 4070 200
4063 4071 224
4064 4070 224
4064 4071 200
4064 4072 224
4065 4071 224
4065 4072 200
4065 4073 224
4066 4072 224
4066 4073 200
4067 4074 199
4067 4075 223
4068 4074 223
4068 4075 199
4068 4076 223
4069 4075 223
4069 4076 200
4069 4077 223
4070 4076 223
4070 4077 200
4070 4078 224
4071 4077 224
4071 4078 200
4071 4079 224
4072 4078 224
4072 4079 201
4072 4080 224
4073 4079 224
4073 4080 201
4074 4081 199
4074 4082 223
4075 4081 223
4075 4082 200
4075 4083 223
4076 4082 223
4076 4083 200
4076 4084 224
4077 4083 224
4077 4084 200
4077 4085 224
4078 4084 224
4078 4085 200
4078 4086 224
4079 4085 224
4079 4086 200
4079 4087 224
4080 4086 224
4080 4087 201
4081 4088 199
4081 4089 223
4082 4088 223
4082 4089 199
4082 4090 223
4083 4089 223
4083 4090 200
4083 4091 223
4084 4090 223
4084 4091 200
4084 4092 224
4085 4091 224
4085 4092 200
4085 4093 224
4086 4092 224
4086 4093 201
4086 4094 225
4087 4093 224
4087 4094 201
4088 4095 199
4088 4096 223
4089 4095 223
4089 4096 200
4089 4097 223
4090 4096 223
4090 4097 200
4090 4098 224
4091 4097 223
4091 4098 200
4091 4099 224
4092 4098 224
4092 4099 200
4092 4100 224
4093 4099 224
4093 4100 200
4093 4101 224
4094 4100 224
4094 4101 201
4095 4102 199
4095 4103 223
4096 4102 223
4096 4103 199
4096 4104 223
4097 4103 223
4097 4104 200
4097 4105 223
4098 4104 223
4098 4105 200
4098 4106 224
4099 4105 224
4099 4106 200
4099 4107 224
4100 4106 224
4100 4107 201
4100 4108 225
4101 4107 225
4101 4108 201
4102 4109 199
4102 4110 223
4103 4109 223
4103 4110 199
4103 4111 223
4104 4110 223
4104 4111 200
4104 4112 224
4105 4111 223
4105 4112 200
4105 4113 224
4106 4112 224
4106 4113 200
4106 4114 224
4107 4113 224
4107 4114 200
4107 4115 224
4108 4114 224
4108 4115 201
4109 4116 199
4109 4117 223
4110 4116 223
4110 4117 199
4110 4118 223
4111 4117 223
4111 4118 200
4111 4119 223
4112 4118 224
4112 4119 200
4112 4120 224
4113 4119 224
4113 4120 200
4113 4121 224
4114 4120 224
4114 4121 201
4114 4122 224
4115 4121 224
4115 4122 201
4116 4123 198
4116 4124 222
4117 4123 222
4117 4124 199
4117 4125 223
4118 4124 223
4118 4125 199
4118 4126 223
4119 4125 223
4119 4126 200
4119 4127 224
4120 4126 224
4120 4127 201
4120 4128 224
4121 4127 224
4121 4128 201
4121 4129 225
4122 4128 225
4122 4129 202
4123 4130 199
4123 4131 223
4124 4130 223
4124 4131 199
4124 4132 223
4125 4131 223
4125 4132 200
4125 4133 223
4126 4132 223
4126 4133 200
4126 4134 224
4127 4133 224
4127 4134 200
4127 4135 224
4128 4134 224
4128 4135 201
4128 4136 224
4129 4135 224
4129 4136 201
4130 4137 198
4130 4138 222
4131 4137 222
4131 4138 199
4131 4139 223
4132 4138 223
4132 4139 199
4132 4140 223
4133 4139 223
4133 4140 200
4133 4141 224
4134 4140 224
4134 4141 201
4134 4142 224
4135 4141 224
4135 4142 201
4135 4143 225
4136 4142 225
4136 4143 202
4137 4144 199
4137 4145 223
4138 4144 223
4138 4145 199
4138 4146 223
4139 4145 223
4139 4146 200
4139 4147 223
4140 4146 223
4140 4147 200
4140 4148 224
4141 4147 224
4141 4148 200
4141 4149 224
4142 4148 224
4142 4149 201
4142 4150 224
4143 4149 224
4143 4150 201
4144 4151 198
4144 4152 222
4145 4151 222
4145 4152 199
4145 4153 223
4146 4152 223
4146 4153 199
4146 4154 223
4147 4153 223
4147 4154 200
4147 4155 224
4148 4154 224
4148 4155 201
4148 4156 225
4149 4155 224
4149 4156 201
4149 4157 225
4150 4156 225
4150 4157 202
4151 4158 199
4151 4159 223
4152 4158 223
4152 4159 199
4152 4160 223
4153 4159 223
4153 4160 200
4153 4161 223
4154 4160 223
4154 4161 200
4154 4162 224
4155 4161 224
4155 4162 200
4155 4163 224
4156 4162 224
4156 4163 201
4156 4164 224
4157 4163 224
4157 4164 201
4158 4165 199
4158 4166 223
4159 4165 223
4159 4166 199
4159 4167 223
4160 4166 223
4160 4167 200
4160 4168 223
4161 4167 223
4161 4168 200
4161 4169 224
4162 4168 224
4162 4169 200
4162 4170 224
4163 4169 224
4163 4170 201
4163 4171 224
4164 4170 224
4164 4171 201
4165 4172 198
4165 4173 222
4166 4172 222
4166 4173 198
4166 4174 222
4167 4173 223
4167 4174 199
4167 4175 223
4168 4174 223
4168 4175 200
4168 4176 224
4169 4175 224
4169 4176 201
4169 4177 225
4170 4176 225
4170 4177 202
4170 4178 225
4171 4177 225
4171 4178 202
4172 4179 199
4172 4180 223
4173 4179 223
4173 4180 199
4173 4181 223
4174 4180 223
4174 4181 200
4174 4182 223
4175 4181 223
4175 4182 200
4175 4183 224
4176 4182 224
4176 4183 200
4176 4184 224
4177 4183 224
4177 4184 201
4177 4185 224
4178 4184 225
4178 4185 201
4179 4186 198
4179 4187 222
4180 4186 222
4180 4187 198
4180 4188 222
4181 4187 222
4181 4188 199
4181 4189 223
4182 4188 223
4182 4189 200
4182 4190 224
4183 4189 224
4183 4190 201
4183 4191 225
4184 4190 225
4184 4191 202
4184 4192 225
4185 4191 225
4185 4192 202
4186 4193 199
4186 4194 223
4187 4193 223
4187 4194 199
4187 4195 223
4188 4194 223
4188 4195 200
4188 4196 223
4189 4195 223
4189 4196 200
4189 4197 224
4190 4196 224
4190 4197 200
4190 4198 224
4191 4197 224
4191 4198 201
4191 4199 225
4192 4198 225
4192 4199 201
4193 4200 197
4193 4201 222
4194 4200 222
4194 4201 198
4194 4202 222
4195 4201 222
4195 4202 199
4195 4203 223
4196 4202 223
4196 4203 200
4196 4204 224
4197 4203 224
4197 4204 201
4197 4205 225
4198 4204 225
4198 4205 202
4198 4206 226
4199 4205 225
4199 4206 203
4200 4207 199
4200 4208 223
4201 4207 223
4201 4208 199
4201 4209 223
4202 4208 223
4202 4209 200
4202 4210 223
4203 4209 223
4203 4210 200
4203 4211 224
4204 4210 224
4204 4211 200
4204 4212 224
4205 4211 224
4205 4212 201
4205 4213 225
4206 4212 225
4206 4213 201
4207 4214 199
4207 4215 222
4208 4214 223
4208 4215 199
4208 4216 223
4209 4215 223
4209 4216 200
4209 4217 223
4210 4216 223
4210 4217 200
4210 4218 224
4211 4217 224
4211 4218 200
4211 4219 224
4212 4218 224
4212 4219 201
4212 4220 225
4213 4219 225
4213 4220 201
4214 4221 197
4214 4222 221
4215 4221 222
4215 4222 198
4215 4223 222
4216 4222 222
4216 4223 199
4216 4224 223
4217 4223 223
4217 4224 200
4217 4225 224
4218 4224 224
4218 4225 201
4218 4226 225
4219 4225 225
4219 4226 202
4219 4227 226
4220 4226 226
4220 4227 203
4221 4228 198
4221 4229 222
4222 4228 222
4222 4229 199
4222 4230 223
4223 4229 223
4223 4230 199
4223 4231 223
4224 4230 223
4224 4231 200
4224 4232 224
4225 4231 224
4225 4232 200
4225 4233 224
4226 4232 224
4226 4233 201
4226 4234 225
4227 4233 225
4227 4234 201
4228 4235 197
4228 4236 221
4229 4235 221
4229 4236 198
4229 4237 222
4230 4236 222
4230 4237 199
4230 4238 223
4231 4237 223
4231 4238 200
4231 4239 224
4232 4238 224
4232 4239 201
4232 4240 225
4233 4239 225
4233 4240 202
4233 4241 226
4234 4240 226
4234 4241 203
4235 4242 198
4235 4243 222
4236 4242 222
4236 4243 199
4236 4244 223
4237 4243 223
4237 4244 199
4237 4245 223
4238 4244 223
4238 4245 200
4238 4246 224
4239 4245 224
4239 4246 201
4239 4247 224
4240 4246 224
4240 4247 201
4240 4248 225
4241 4247 225
4241 4248 202
4242 4249 197
4242 4250 221
4243 4249 221
4243 4250 198
4243 4251 222
4244 4250 222
4244 4251 199
4244 4252 223
4245 4251 223
4245 4252 200
4245 4253 224
4246 4252 224
4246 4253 201
4246 4254 225
4247 4253 225
4247 4254 202
4247 4255 226
4248 4254 226
4248 4255 203
4249 4256 198
4249 4257 222
4250 4256 222
4250 4257 199
4250 4258 223
4251 4257 223
4251 4258 199
4251 4259 223
4252 4258 223
4252 4259 200
4252 4260 224
4253 4259 224
4253 4260 201
4253 4261 224
4254 4260 224
4254 4261 201
4254 4262 225
4255 4261 225
4255 4262 202
4256 4263 198
4256 4264 222
4257 4263 222
4257 4264 199
4257 4265 223
4258 4264 223
4258 4265 199
4258 4266 223
4259 4265 223
4259 4266 200
4259 4267 224
4260 4266 224
4260 4267 201
4260 4268 224
4261 4267 224
4261 4268 201
4261 4269 225
4262 4268 225
4262 4269 202
4263 4270 197
4263 4271 221
4264 4270 221
4264 4271 198
4264 4272 222
4265 4271 222
4265 4272 199
4265 4273 223
4266 4272 223
4266 4273 200
4266 4274 224
4267 4273 224
4267 4274 201
4267 4275 225
4268 4274 225
4268 4275 202
4268 4276 226
4269 4275 226
4269 4276 203
4270 4277 198
4270 4278 222
4271 4277 222
4271 4278 199
4271 4279 223
4272 4278 223
4272 4279 199
4272 4280 223
4273 4279 223
4273 4280 200
4273 4281 224
4274 4280 224
4274 4281 201
4274 4282 224
4275 4281 224
4275 4282 201
4275 4283 225
4276 4282 225
4276 4283 202
4277 4284 196
4277 4285 221
4278 4284 221
4278 4285 198
4278 4286 222
4279 4285 222
4279 4286 199
4279 4287 223
4280 4286 223
4280 4287 200
4280 4288 224
4281 4287 224
4281 4288 201
4281 4289 225
4282 4288 225
4282 4289 202
4282 4290 226
4283 4289 226
4283 4290 204
4284 4291 198
4284 4292 222
4285 4291 222
4285 4292 199
4285 4293 223
4286 4292 223
4286 4293 199
4286 4294 223
4287 4293 223
4287 4294 200
4287 4295 224
4288 4294 224
4288 4295 201
4288 4296 225
4289 4295 224
4289 4296 201
4289 4297 225
4290 4296 225
4290 4297 202
4291 4298 198
4291 4299 222
4292 4298 222
4292 4299 199
4292 4300 223
4293 4299 223
4293 4300 199
4293 4301 223
4294 4300 223
4294 4301 200
4294 4302 224
4295 4301 224
4295 4302 201
4295 4303 224
4296 4302 224
4296 4303 201
4296 4304 225
4297 4303 225
4297 4304 202
4298 4305 196
4298 4306 221
4299 4305 221
4299 4306 197
4299 4307 222
4300 4306 222
4300 4307 199
4300 4308 223
4301 4307 223
4301 4308 200
4301 4309 224
4302 4308 224
4302 4309 201
4302 4310 225
4303 4309 225
4303 4310 203
4303 4311 226
4304 4310 226
4304 4311 204
4305 4312 198
4305 4313 222
4306 4312 222
4306 4313 199
4306 4314 223
4307 4313 223
4307 4314 199
4307 4315 223
4308 4314 223
4308 4315 200
4308 4316 224
4309 4315 224
4309 4316 201
4309 4317 224
4310 4316 224
4310 4317 201
4310 4318 225
4311 4317 225
4311 4318 202
4312 4319 197
4312 4320 222
4313 4319 222
4313 4320 198
4313 4321 223
4314 4320 222
4314 4321 199
4314 4322 223
4315 4321 223
4315 4322 200
4315 4323 224
4316 4322 224
4316 4323 201
4316 4324 225
4317 4323 225
4317 4324 202
4317 4325 226
4318 4324 225
4318 4325 203
4319 4326 199
4319 4327 223
4320 4326 223
4320 4327 199
4320 4328 223
4321 4327 223
4321 4328 200
4321 4329 223
4322 4328 223
4322 4329 200
4322 4330 224
4323 4329 224
4323 4330 200
4323 4331 224
4324 4330 224
4324 4331 201
4324 4332 225
4325 4331 224
4325 4332 201
4326 4333 199
4326 4334 223
4327 4333 223
4327 4334 199
4327 4335 223
4328 4334 223
4328 4335 200
4328 4336 223
4329 4335 223
4329 4336 200
4329 4337 224
4330 4336 224
4330 4337 200
4330 4338 224
4331 4337 224
4331 4338 201
4331 4339 225
4332 4338 225
4332 4339 201
4333 4340 197
4333 4341 222
4334 4340 222
4334 4341 198
4334 4342 222
4335 4341 222
4335 4342 199
4335 4343 223
4336 4342 223
4336 4343 200
4336 4344 224
4337 4343 224
4337 4344 201
4337 4345 225
4338 4344 225
4338 4345 202
4338 4346 226
4339 4345 225
4339 4346 203
4340 4347 199
4340 4348 223
4341 4347 223
4341 4348 199
4341 4349 223
4342 4348 223
4342 4349 200
4342 4350 223
4343 4349 223
4343 4350 200
4343 4351 224
4344 4350 224
4344 4351 200
4344 4352 224
4345 4351 224
4345 4352 201
4345 4353 225
4346 4352 225
4346 4353 201
4347 4354 199
4347 4355 223
4348 4354 223
4348 4355 199
4348 4356 223
4349 4355 223
4349 4356 200
4349 4357 223
4350 4356 223
4350 4357 200
4350 4358 224
4351 4357 224
4351 4358 200
4351 4359 224
4352 4358 224
4352 4359 201
4352 4360 224
4353 4359 225
4353 4360 201
4354 4361 197
4354 4362 222
4355 4361 222
4355 4362 198
4355 4363 222
4356 4362 222
4356 4363 199
4356 4364 223
4357 4363 223
4357 4364 200
4357 4365 224
4358 4364 224
4358 4365 201
4358 4366 225
4359 4365 225
4359 4366 202
4359 4367 225
4360 4366 226
4360 4367 203
4361 4368 199
4361 4369 223
4362 4368 223
4362 4369 199
4362 4370 223
4363 4369 223
4363 4370 200
4363 4371 223
4364 4370 223
4364 4371 200
4364 4372 224
4365 4371 224
4365 4372 200
4365 4373 224
4366 4372 224
4366 4373 201
4366 4374 225
4367 4373 225
4367 4374 201
4368 4375 199
4368 4376 223
4369 4375 223
4369 4376 199
4369 4377 223
4370 4376 223
4370 4377 200
4370 4378 223
4371 4377 223
4371 4378 200
4371 4379 224
4372 4378 224
4372 4379 200
4372 4380 224
4373 4379 224
4373 4380 201
4373 4381 224
4374 4380 225
4374 4381 201
4375 4382 197
4375 4383 222
4376 4382 222
4376 4383 198
4376 4384 222
4377 4383 223
4377 4384 199
4377 4385 223
4378 4384 223
4378 4385 200
4378 4386 224
4379 4385 224
4379 4386 201
4379 4387 225
4380 4386 225
4380 4387 202
4380 4388 225
4381 4387 226
4381 4388 203
4382 4389 199
4382 4390 223
4383 4389 223
4383 4390 199
4383 4391 223
4384 4390 223
4384 4391 200
4384 4392 223
4385 4391 223
4385 4392 200
4385 4393 224
4386 4392 224
4386 4393 200
4386 4394 224
4387 4393 224
4387 4394 201
4387 4395 225
4388 4394 225
4388 4395 201
4389 4396 199
4389 4397 223
4390 4396 223
4390 4397 199
4390 4398 223
4391 4397 223
4391 4398 200
4391 4399 223
4392 4398 223
4392 4399 200
4392 4400 224
4393 4399 224
4393 4400 200
4393 4401 224
4394 4400 224
4394 4401 201
4394 4402 224
4395 4401 225
4395 4402 201
4396 4403 197
4396 4404 222
4397 4403 222
4397 4404 198
4397 4405 222
4398 4404 223
4398 4405 199
4398 4406 223
4399 4405 223
4399 4406 200
4399 4407 224
4400 4406 224
4400 4407 201
4400 4408 225
4401 4407 225
4401 4408 202
4401 4409 225
4402 4408 226
4402 4409 202
4403 4410 199
4403 4411 223
4404 4410 223
4404 4411 199
4404 4412 223
4405 4411 223
4405 4412 200
4405 4413 223
4406 4412 223
4406 4413 200
4406 4414 224
4407 4413 224
4407 4414 200
4407 4415 224
4408 4414 224
4408 4415 201
4408 4416 225
4409 4415 225
4409 4416 201
4410 4417 199
4410 4418 223
4411 4417 223
4411 4418 199
4411 4419 223
4412 4418 223
4412 4419 200
4412 4420 223
4413 4419 223
4413 4420 200
4413 4421 224
4414 4420 224
4414 4421 200
4414 4422 224
4415 4421 224
4415 4422 201
4415 4423 224
4416 4422 225
4416 4423 201
4417 4424 197
4417 4425 222
4418 4424 222
4418 4425 198
4418 4426 222
4419 4425 223
4419 4426 199
4419 4427 223
4420 4426 223
4420 4427 200
4420 4428 224
4421 4427 224
4421 4428 201
4421 4429 225
4422 4428 225
4422 4429 202
4422 4430 225
4423 4429 226
4423 4430 202
4424 4431 199
4424 4432 223
4425 4431 223
4425 4432 199
4425 4433 223
4426 4432 223
4426 4433 200
4426 4434 223
4427 4433 223
4427 4434 200
4427 4435 224
4428 4434 224
4428 4435 200
4428 4436 224
4429 4435 224
4429 4436 201
4429 4437 225
4430 4436 225
4430 4437 201
4431 4438 199
4431 4439 223
4432 4438 223
4432 4439 199
4432 4440 223
4433 4439 223
4433 4440 200
4433 4441 223
4434 4440 223
4434 4441 200
4434 4442 224
4435 4441 224
4435 4442 200
4435 4443 224
4436 4442 224
4436 4443 201
4436 4444 224
4437 4443 225
4437 4444 201
4438 4445 197
4438 4446 222
4439 4445 222
4439 4446 198
4439 4447 222
4440 4446 222
4440 4447 199
4440 4448 223
4441 4447 223
4441 4448 200
4441 4449 224
4442 4448 224
4442 4449 201
4442 4450 225
4443 4449 225
4443 4450 202
4443 4451 225
4444 4450 226
4444 4451 203
4445 4452 199
4445 4453 223
4446 4452 223
4446 4453 199
4446 4454 223
4447 4453 223
4447 4454 200
4447 4455 223
4448 4454 223
4448 4455 200
4448 4456 224
4449 4455 224
4449 4456 200
4449 4457 224
4450 4456 224
4450 4457 201
4450 4458 225
4451 4457 225
4451 4458 201
4452 4459 199
4452 4460 223
4453 4459 223
4453 4460 199
4453 4461 223
4454 4460 223
4454 4461 200
4454 4462 223
4455 4461 223
4455 4462 200
4455 4463 224
4456 4462 224
4456 4463 200
4456 4464 224
4457 4463 224
4457 4464 201
4457 4465 224
4458 4464 225
4458 4465 201
4459 4466 197
4459 4467 222
4460 4466 222
4460 4467 198
4460 4468 222
4461 4467 222
4461 4468 199
4461 4469 223
4462 4468 223
4462 4469 200
4462 4470 224
4463 4469 224
4463 4470 201
4463 4471 225
4464 4470 225
4464 4471 202
4464 4472 226
4465 4471 226
4465 4472 203
4466 4473 199
4466 4474 223
4467 4473 223
4467 4474 199
4467 4475 223
4468 4474 223
4468 4475 200
4468 4476 223
4469 4475 223
4469 4476 200
4469 4477 224
4470 4476 224
4470 4477 200
4470 4478 224
4471 4477 224
4471 4478 201
4471 4479 225
4472 4478 225
4472 4479 201
4473 4480 199
4473 4481 223
4474 4480 223
4474 4481 199
4474 4482 223
4475 4481 223
4475 4482 200
4475 4483 223
4476 4482 223
4476 4483 200
4476 4484 224
4477 4483 224
4477 4484 200
4477 4485 224
4478 4484 224
4478 4485 201
4478 4486 225
4479 4485 225
4479 4486 201
4480 4487 197
4480 4488 222
4481 4487 222
4481 4488 198
4481 4489 222
4482 4488 222
4482 4489 199
4482 4490 223
4483 4489 223
4483 4490 200
4483 4491 224
4484 4490 224
4484 4491 201
4484 4492 225
4485 4491 225
4485 4492 202
4485 4493 226
4486 4492 226
4486 4493 203
4487 4494 199
4487 4495 223
4488 4494 223
4488 4495 199
4488 4496 223
4489 4495 223
4489 4496 200
4489 4497 223
4490 4496 223
4490 4497 200
4490 4498 224
4491 4497 224
4491 4498 200
4491 4499 224
4492 4498 224
4492 4499 201
4492 4500 225
4493 4499 224
4493 4500 201
4494 4501 199
4494 4502 223
4495 4501 223
4495 4502 199
4495 4503 223
4496 4502 223
4496 4503 200
4496 4504 223
4497 4503 223
4497 4504 200
4497 4505 224
4498 4504 224
4498 4505 200
4498 4506 224
4499 4505 224
4499 4506 201
4499 4507 225
4500 4506 225
4500 4507 201
4501 4508 197
4501 4509 222
4502 4508 222
4502 4509 198
4502 4510 222
4503 4509 222
4503 4510 199
4503 4511 223
4504 4510 223
4504 4511 200
4504 4512 224
4505 4511 224
4505 4512 201
4505 4513 225
4506 4512 225
4506 4513 202
4506 4514 226
4507 4513 226
4507 4514 203
4508 4515 199
4508 4516 223
4509 4515 223
4509 4516 199
4509 4517 223
4510 4516 223
4510 4517 200
4510 4518 223
4511 4517 223
4511 4518 200
4511 4519 224
4512 4518 224
4512 4519 200
4512 4520 224
4513 4519 224
4513 4520 201
4513 4521 225
4514 4520 225
4514 4521 201
4515 4522 199
4515 4523 223
4516 4522 223
4516 4523 199
4516 4524 223
4517 4523 223
4517 4524 200
4517 4525 223
4518 4524 223
4518 4525 200
4518 4526 224
4519 4525 224
4519 4526 200
4519 4527 224
4520 4526 224
4520 4527 201
4520 4528 225
4521 4527 225
4521 4528 201
4522 4529 199
4522 4530 222
4523 4529 223
4523 4530 199
4523 4531 223
4524 4530 223
4524 4531 200
4524 4532 223
4525 4531 223
4525 4532 200
4525 4533 224
4526 4532 224
4526 4533 200
4526 4534 224
4527 4533 224
4527 4534 201
4527 4535 225
4528 4534 225
4528 4535 201
4529 4536 197
4529 4537 221
4530 4536 222
4530 4537 198
4530 4538 222
4531 4537 222
4531 4538 199
4531 4539 223
4532 4538 223
4532 4539 200
4532 4540 224
4533 4539 224
4533 4540 201
4533 4541 225
4534 4540 225
4534 4541 202
4534 4542 226
4535 4541 226
4535 4542 203
4536 4543 199
4536 4544 223
4537 4543 223
4537 4544 199
4537 4545 223
4538 4544 223
4538 4545 200
4538 4546 223
4539 4545 223
4539 4546 200
4539 4547 224
4540 4546 224
4540 4547 200
4540 4548 224
4541 4547 224
4541 4548 201
4541 4549 225
4542 4548 225
4542 4549 201
4543 4550 199
4543 4551 222
4544 4550 223
4544 4551 199
4544 4552 223
4545 4551 223
4545 4552 200
4545 4553 223
4546 4552 223
4546 4553 200
4546 4554 224
4547 4553 224
4547 4554 200
4547 4555 224
4548 4554 224
4548 4555 201
4548 4556 225
4549 4555 225
4549 4556 201
4550 4557 197
4550 4558 221
4551 4557 222
4551 4558 198
4551 4559 222
4552 4558 222
4552 4559 199
4552 4560 223
4553 4559 223
4553 4560 200
4553 4561 224
4554 4560 224
4554 4561 201
4554 4562 225
4555 4561 225
4555 4562 202
4555 4563 226
4556 4562 226
4556 4563 203
4557 4564 199
4557 4565 223
4558 4564 223
4558 4565 199
4558 4566 223
4559 4565 223
4559 4566 200
4559 4567 223
4560 4566 223
4560 4567 200
4560 4568 224
4561 4567 224
4561 4568 200
4561 4569 224
4562 4568 224
4562 4569 201
4562 4570 225
4563 4569 225
4563 4570 201
4564 4571 199
4564 4572 222
4565 4571 223
4565 4572 199
4565 4573 223
4566 4572 223
4566 4573 200
4566 4574 223
4567 4573 223
4567 4574 200
4567 4575 224
4568 4574 224
4568 4575 200
4568 4576 224
4569 4575 224
4569 4576 201
4569 4577 225
4570 4576 225
4570 4577 201
4571 4578 197
4571 4579 221
4572 4578 221
4572 4579 198
4572 4580 222
4573 4579 222
4573 4580 199
4573 4581 223
4574 4580 223
4574 4581 200
4574 4582 224
4575 4581 224
4575 4582 201
4575 4583 225
4576 4582 225
4576 4583 202
4576 4584 226
4577 4583 226
4577 4584 203
4578 4585 199
4578 4586 223
4579 4585 222
4579 4586 199
4579 4587 223
4580 4586 223
4580 4587 199
4580 4588 223
4581 4587 223
4581 4588 200
4581 4589 224
4582 4588 224
4582 4589 200
4582 4590 224
4583 4589 224
4583 4590 201
4583 4591 225
4584 4590 225
4584 4591 201
4585 4592 199
4585 4593 222
4586 4592 223
4586 4593 199
4586 4594 223
4587 4593 223
4587 4594 199
4587 4595 223
4588 4594 223
4588 4595 200
4588 4596 224
4589 4595 224
4589 4596 200
4589 4597 224
4590 4596 224
4590 4597 201
4590 4598 225
4591 4597 225
4591 4598 201
4592 4599 197
4592 4600 221
4593 4599 221
4593 4600 198
4593 4601 222
4594 4600 222
4594 4601 199
4594 4602 223
4595 4601 223
4595 4602 200
4595 4603 224
4596 4602 224
4596 4603 201
4596 4604 225
4597 4603 225
4597 4604 202
4597 4605 226
4598 4604 226
4598 4605 203
4599 4606 198
4599 4607 222
4600 4606 222
4600 4607 199
4600 4608 223
4601 4607 223
4601 4608 199
4601 4609 223
4602 4608 223
4602 4609 200
4602 4610 224
4603 4609 224
4603 4610 200
4603 4611 224
4604 4610 224
4604 4611 201
4604 4612 225
4605 4611 225
4605 4612 202
4606 4613 198
4606 4614 222
4607 4613 223
4607 4614 199
4607 4615 223
4608 4614 223
4608 4615 199
4608 4616 223
4609 4615 223
4609 4616 200
4609 4617 224
4610 4616 224
4610 4617 201
4610 4618 224
4611 4617 224
4611 4618 201
4611 4619 225
4612 4618 225
4612 4619 202
4613 4620 197
4613 4621 221
4614 4620 221
4614 4621 198
4614 4622 222
4615 4621 222
4615 4622 199
4615 4623 223
4616 4622 223
4616 4623 200
4616 4624 224
4617 4623 224
4617 4624 201
4617 4625 225
4618 4624 225
4618 4625 202
4618 4626 226
4619 4625 226
4619 4626 203
4620 4627 198
4620 4628 222
4621 4627 222
4621 4628 199
4621 4629 223
4622 4628 223
4622 4629 199
4622 4630 223
4623 4629 223
4623 4630 200
4623 4631 224
4624 4630 224
4624 4631 201
4624 4632 224
4625 4631 224
4625 4632 201
4625 4633 225
4626 4632 225
4626 4633 202
4627 4634 198
4627 4635 222
4628 4634 222
4628 4635 199
4628 4636 222
4629 4635 223
4629 4636 199
4629 4637 223
4630 4636 223
4630 4637 200
4630 4638 224
4631 4637 224
4631 4638 201
4631 4639 224
4632 4638 225
4632 4639 201
4632 4640 225
4633 4639 225
4633 4640 202
4634 4641 196
4634 4642 220
4635 4641 221
4635 4642 197
4635 4643 222
4636 4642 222
4636 4643 199
4636 4644 223
4637 4643 223
4637 4644 200
4637 4645 224
4638 4644 224
4638 4645 201
4638 4646 225
4639 4645 226
4639 4646 203
4639 4647 227
4640 4646 227
4640 4647 204
4641 4648 198
4641 4649 222
4642 4648 222
4642 4649 199
4642 4650 223
4643 4649 223
4643 4650 199
4643 4651 223
4644 4650 223
4644 4651 200
4644 4652 224
4645 4651 224
4645 4652 201
4645 4653 225
4646 4652 225
4646 4653 201
4646 4654 225
4647 4653 225
4647 4654 202
4648 4655 198
4648 4656 222
4649 4655 222
4649 4656 199
4649 4657 223
4650 4656 223
4650 4657 199
4650 4658 223
4651 4657 223
4651 4658 200
4651 4659 224
4652 4658 224
4652 4659 201
4652 4660 224
4653 4659 225
4653 4660 201
4653 4661 225
4654 4660 225
4654 4661 202
4655 4662 196
4655 4663 221
4656 4662 221
4656 4663 197
4656 4664 222
4657 4663 222
4657 4664 199
4657 4665 223
4658 4664 223
4658 4665 200
4658 4666 224
4659 4665 224
4659 4666 201
4659 4667 225
4660 4666 225
4660 4667 203
4660 4668 226
4661 4667 227
4661 4668 204
4662 4669 198
4662 4670 222
4663 4669 222
4663 4670 199
4663 4671 223
4664 4670 223
4664 4671 199
4664 4672 223
4665 4671 223
4665 4672 200
4665 4673 224
4666 4672 224
4666 4673 201
4666 4674 224
4667 4673 224
4667 4674 201
4667 4675 225
4668 4674 225
4668 4675 202
4669 4676 198
4669 4677 222
4670 4676 222
4670 4677 199
4670 4678 223
4671 4677 223
4671 4678 199
4671 4679 223
4672 4678 223
4672 4679 200
4672 4680 224
4673 4679 224
4673 4680 201
4673 4681 224
4674 4680 225
4674 4681 201
4674 4682 225
4675 4681 225
4675 4682 202
4676 4683 197
4676 4684 221
4677 4683 221
4677 4684 198
4677 4685 222
4678 4684 222
4678 4685 199
4678 4686 223
4679 4685 223
4679 4686 200
4679 4687 224
4680 4686 224
4680 4687 201
4680 4688 225
4681 4687 225
4681 4688 202
4681 4689 226
4682 4688 226
4682 4689 203
4683 4690 198
4683 4691 222
4684 4690 222
4684 4691 199
4684 4692 223
4685 4691 223
4685 4692 199
4685 4693 223
4686 4692 223
4686 4693 200
4686 4694 224
4687 4693 224
4687 4694 201
4687 4695 224
4688 4694 224
4688 4695 201
4688 4696 225
4689 4695 225
4689 4696 202
4690 4697 198
4690 4698 222
4691 4697 222
4691 4698 199
4691 4699 223
4692 4698 223
4692 4699 199
4692 4700 223
4693 4699 223
4693 4700 200
4693 4701 224
4694 4700 224
4694 4701 201
4694 4702 224
4695 4701 224
4695 4702 201
4695 4703 225
4696 4702 225
4696 4703 202
4697 4704 197
4697 4705 221
4698 4704 221
4698 4705 198
4698 4706 222
4699 4705 222
4699 4706 199
4699 4707 223
4700 4706 223
4700 4707 200
4700 4708 224
4701 4707 224
4701 4708 201
4701 4709 225
4702 4708 225
4702 4709 202
4702 4710 226
4703 4709 226
4703 4710 203
4704 4711 198
4704 4712 223
4705 4711 222
4705 4712 199
4705 4713 223
4706 4712 223
4706 4713 199
4706 4714 223
4707 4713 223
4707 4714 200
4707 4715 224
4708 4714 224
4708 4715 200
4708 4716 224
4709 4715 224
4709 4716 201
4709 4717 225
4710 4716 225
4710 4717 201
4711 4718 199
4711 4719 222
4712 4718 223
4712 4719 199
4712 4720 223
4713 4719 223
4713 4720 200
4713 4721 223
4714 4720 223
4714 4721 200
4714 4722 224
4715 4721 224
4715 4722 200
4715 4723 224
4716 4722 224
4716 4723 201
4716 4724 225
4717 4723 225
4717 4724 201
4718 4725 197
4718 4726 222
4719 4725 222
4719 4726 198
4719 4727 222
4720 4726 222
4720 4727 199
4720 4728 223
4721 4727 223
4721 4728 200
4721 4729 224
4722 4728 224
4722 4729 201
4722 4730 225
4723 4729 225
4723 4730 202
4723 4731 226
4724 4730 226
4724 4731 203
4725 4732 199
4725 4733 223
4726 4732 223
4726 4733 199
4726 4734 223
4727 4733 223
4727 4734 200
4727 4735 223
4728 4734 223
4728 4735 200
4728 4736 224
4729 4735 224
4729 4736 200
4729 4737 224
4730 4736 224
4730 4737 201
4730 4738 225
4731 4737 225
4731 4738 201
4732 4739 199
4732 4740 223
4733 4739 223
4733 4740 199
4733 4741 223
4734 4740 223
4734 4741 200
4734 4742 223
4735 4741 223
4735 4742 200
4735 4743 224
4736 4742 224
4736 4743 200
4736 4744 224
4737 4743 224
4737 4744 201
4737 4745 225
4738 4744 225
4738 4745 201
4739 4746 198
4739 4747 222
4740 4746 222
4740 4747 198
4740 4748 223
4741 4747 222
4741 4748 199
4741 4749 223
4742 4748 223
4742 4749 200
4742 4750 224
4743 4749 224
4743 4750 201
4743 4751 225
4744 4750 225
4744 4751 202
4744 4752 226
4745 4751 225
4745 4752 202
4746 4753 199
4746 4754 223
4747 4753 223
4747 4754 199
4747 4755 223
4748 4754 223
4748 4755 200
4748 4756 224
4749 4755 223
4749 4756 200
4749 4757 224
4750 4756 224
4750 4757 200
4750 4758 224
4751 4757 224
4751 4758 201
4751 4759 225
4752 4758 224
4752 4759 201
4753 4760 199
4753 4761 223
4754 4760 223
4754 4761 199
4754 4762 223
4755 4761 223
4755 4762 200
4755 4763 223
4756 4762 223
4756 4763 200
4756 4764 224
4757 4763 224
4757 4764 200
4757 4765 224
4758 4764 224
4758 4765 201
4758 4766 224
4759 4765 224
4759 4766 201
4760 4767 199
4760 4768 223
4761 4767 223
4761 4768 199
4761 4769 223
4762 4768 223
4762 4769 200
4762 4770 223
4763 4769 224
4763 4770 200
4763 4771 224
4764 4770 224
4764 4771 200
4764 4772 224
4765 4771 224
4765 4772 201
4765 4773 224
4766 4772 224
4766 4773 201
4767 4774 198
4767 4775 222
4768 4774 222
4768 4775 199
4768 4776 223
4769 4775 223
4769 4776 199
4769 4777 223
4770 4776 223
4770 4777 200
4770 4778 224
4771 4777 224
4771 4778 201
4771 4779 224
4772 4778 225
4772 4779 201
4772 4780 225
4773 4779 225
4773 4780 202
4774 4781 199
4774 4782 223
4775 4781 223
4775 4782 199
4775 4783 223
4776 4782 223
4776 4783 200
4776 4784 223
4777 4783 223
4777 4784 200
4777 4785 224
4778 4784 224
4778 4785 200
4778 4786 224
4779 4785 224
4779 4786 201
4779 4787 224
4780 4786 224
4780 4787 201
4781 4788 199
4781 4789 223
4782 4788 223
4782 4789 199
4782 4790 223
4783 4789 223
4783 4790 200
4783 4791 223
4784 4790 223
4784 4791 200
4784 4792 224
4785 4791 224
4785 4792 200
4785 4793 224
4786 4792 224
4786 4793 201
4786 4794 224
4787 4793 224
4787 4794 201
4788 4795 198
4788 4796 222
4789 4795 222
4789 4796 199
4789 4797 223
4790 4796 223
4790 4797 199
4790 4798 223
4791 4797 223
4791 4798 200
4791 4799 224
4792 4798 224
4792 4799 201
4792 4800 224
4793 4799 224
4793 4800 201
4793 4801 225
4794 4800 225
4794 4801 202
4795 4802 199
4795 4803 223
4796 4802 223
4796 4803 199
4796 4804 223
4797 4803 223
4797 4804 200
4797 4805 224
4798 4804 223
4798 4805 200
4798 4806 224
4799 4805 224
4799 4806 200
4799 4807 224
4800 4806 224
4800 4807 201
4800 4808 224
4801 4807 224
4801 4808 201
4802 4809 199
4802 4810 223
4803 4809 223
4803 4810 199
4803 4811 223
4804 4810 223
4804 4811 200
4804 4812 223
4805 4811 223
4805 4812 200
4805 4813 224
4806 4812 224
4806 4813 200
4806 4814 224
4807 4813 224
4807 4814 201
4807 4815 224
4808 4814 224
4808 4815 201
4809 4816 198
4809 4817 222
4810 4816 222
4810 4817 199
4810 4818 223
4811 4817 223
4811 4818 199
4811 4819 223
4812 4818 223
4812 4819 200
4812 4820 224
4813 4819 224
4813 4820 201
4813 4821 224
4814 4820 224
4814 4821 201
4814 4822 225
4815 4821 225
4815 4822 202
4816 4823 199
4816 4824 223
4817 4823 223
4817 4824 200
4817 4825 223
4818 4824 223
4818 4825 200
4818 4826 224
4819 4825 223
4819 4826 200
4819 4827 224
4820 4826 224
4820 4827 200
4820 4828 224
4821 4827 224
4821 4828 200
4821 4829 224
4822 4828 224
4822 4829 201
4823 4830 199
4823 4831 223
4824 4830 223
4824 4831 200
4824 4832 223
4825 4831 223
4825 4832 200
4825 4833 223
4826 4832 224
4826 4833 200
4826 4834 224
4827 4833 224
4827 4834 200
4827 4835 224
4828 4834 224
4828 4835 200
4828 4836 224
4829 4835 224
4829 4836 201
4830 4837 199
4830 4838 223
4831 4837 223
4831 4838 199
4831 4839 223
4832 4838 223
4832 4839 200
4832 4840 223
4833 4839 223
4833 4840 200
4833 4841 224
4834 4840 224
4834 4841 200
4834 4842 224
4835 4841 224
4835 4842 201
4835 4843 225
4836 4842 225
4836 4843 201
4837 4844 199
4837 4845 223
4838 4844 223
4838 4845 200
4838 4846 223
4839 4845 223
4839 4846 200
4839 4847 224
4840 4846 223
4840 4847 200
4840 4848 224
4841 4847 224
4841 4848 200
4841 4849 224
4842 4848 224
4842 4849 200
4842 4850 224
4843 4849 224
4843 4850 201
4844 4851 199
4844 4852 223
4845 4851 223
4845 4852 200
4845 4853 223
4846 4852 223
4846 4853 200
4846 4854 224
4847 4853 224
4847 4854 200
4847 4855 224
4848 4854 224
4848 4855 200
4848 4856 224
4849 4855 224
4849 4856 200
4849 4857 224
4850 4856 224
4850 4857 201
4851 4858 199
4851 4859 223
4852 4858 223
4852 4859 199
4852 4860 223
4853 4859 223
4853 4860 200
4853 4861 223
4854 4860 223
4854 4861 200
4854 4862 224
4855 4861 224
4855 4862 200
4855 4863 224
4856 4862 224
4856 4863 201
4856 4864 224
4857 4863 224
4857 4864 201
4858 4865 200
4858 4866 223
4859 4865 223
4859 4866 200
4859 4867 223
4860 4866 223
4860 4867 200
4860 4868 224
4861 4867 223
4861 4868 200
4861 4869 224
4862 4868 224
4862 4869 200
4862 4870 224
4863 4869 224
4863 4870 200
4863 4871 224
4864 4870 224
4864 4871 200
4865 4872 200
4865 4873 223
4866 4872 223
4866 4873 200
4866 4874 223
4867 4873 223
4867 4874 200
4867 4875 224
4868 4874 224
4868 4875 200
4868 4876 224
4869 4875 224
4869 4876 200
4869 4877 224
4870 4876 224
4870 4877 200
4870 4878 224
4871 4877 224
4871 4878 200
4872 4879 199
4872 4880 223
4873 4879 223
4873 4880 199
4873 4881 223
4874 4880 223
4874 4881 200
4874 4882 223
4875 4881 223
4875 4882 200
4875 4883 224
4876 4882 224
4876 4883 200
4876 4884 224
4877 4883 224
4877 4884 201
4877 4885 224
4878 4884 224
4878 4885 201
4879 4886 200
4879 4887 223
4880 4886 223
4880 4887 200
4880 4888 223
4881 4887 223
4881 4888 200
4881 4889 224
4882 4888 224
4882 4889 200
4882 4890 224
4883 4889 224
4883 4890 200
4883 4891 224
4884 4890 224
4884 4891 200
4884 4892 224
4885 4891 224
4885 4892 200
4886 4893 200
4886 4894 223
4887 4893 223
4887 4894 200
4887 4895 223
4888 4894 223
4888 4895 200
4888 4896 224
4889 4895 224
4889 4896 200
4889 4897 224
4890 4896 224
4890 4897 200
4890 4898 224
4891 4897 224
4891 4898 200
4891 4899 224
4892 4898 224
4892 4899 200
4893 4900 199
4893 4901 223
4894 4900 223
4894 4901 200
4894 4902 223
4895 4901 223
4895 4902 200
4895 4903 224
4896 4902 224
4896 4903 200
4896 4904 224
4897 4903 224
4897 4904 200
4897 4905 224
4898 4904 224
4898 4905 200
4898 4906 224
4899 4905 224
4899 4906 200
4900 4907 200
4900 4908 223
4901 4907 223
4901 4908 200
4901 4909 224
4902 4908 224
4902 4909 200
4902 4910 224
4903 4909 224
4903 4910 200
4903 4911 224
4904 4910 224
4904 4911 200
4904 4912 224
4905 4911 224
4905 4912 200
4905 4913 224
4906 4912 224
4906 4913 200
4907 4914 200
4907 4915 223
4908 4914 223
4908 4915 200
4908 4916 223
4909 4915 223
4909 4916 200
4909 4917 224
4910 4916 224
4910 4917 200
4910 4918 224
4911 4917 224
4911 4918 200
4911 4919 224
4912 4918 224
4912 4919 200
4912 4920 224
4913 4919 224
4913 4920 200
4914 4921 200
4914 4922 224
4915 4921 224
4915 4922 200
4915 4923 224
4916 4922 224
4916 4923 200
4916 4924 224
4917 4923 224
4917 4924 200
4917 4925 224
4918 4924 224
4918 4925 200
4918 4926 224
4919 4925 224
4919 4926 200
4919 4927 224
4920 4926 224
4920 4927 200
4921 4928 200
4921 4929 224
4922 4928 224
4922 4929 200
4922 4930 224
4923 4929 224
4923 4930 200
4923 4931 224
4924 4930 224
4924 4931 200
4924 4932 224
4925 4931 224
4925 4932 200
4925 4933 224
4926 4932 224
4926 4933 200
4926 4934 224
4927 4933 224
4927 4934 200
4928 4935 200
4928 4936 224
4929 4935 224
4929 4936 200
4929 4937 224
4930 4936 224
4930 4937 200
4930 4938 224
4931 4937 224
4931 4938 200
4931 4939 224
4932 4938 224
4932 4939 200
4932 4940 224
4933 4939 224
4933 4940 200
4933 4941 224
4934 4940 224
4934 4941 200
4935 4942 199
4935 4943 223
4936 4942 223
4936 4943 200
4936 4944 223
4937 4943 223
4937 4944 200
4937 4945 224
4938 4944 224
4938 4945 200
4938 4946 224
4939 4945 224
4939 4946 200
4939 4947 224
4940 4946 224
4940 4947 200
4940 4948 224
4941 4947 224
4941 4948 200
4942 4949 198
4942 4950 222
4943 4949 222
4943 4950 199
4943 4951 223
4944 4950 223
4944 4951 199
4944 4952 223
4945 4951 223
4945 4952 200
4945 4953 224
4946 4952 224
4946 4953 201
4946 4954 225
4947 4953 225
4947 4954 201
4947 4955 225
4948 4954 225
4948 4955 202
4949 4956 199
4949 4957 223
4950 4956 223
4950 4957 199
4950 4958 223
4951 4957 223
4951 4958 200
4951 4959 223
4952 4958 223
4952 4959 200
4952 4960 224
4953 4959 224
4953 4960 200
4953 4961 224
4954 4960 224
4954 4961 201
4954 4962 224
4955 4961 224
4955 4962 201
4956 4963 198
4956 4964 222
4957 4963 222
4957 4964 199
4957 4965 223
4958 4964 223
4958 4965 199
4958 4966 223
4959 4965 223
4959 4966 200
4959 4967 224
4960 4966 224
4960 4967 201
4960 4968 225
4961 4967 224
4961 4968 201
4961 4969 225
4962 4968 225
4962 4969 202
4963 4970 199
4963 4971 223
4964 4970 223
4964 4971 199
4964 4972 223
4965 4971 223
4965 4972 200
4965 4973 223
4966 4972 223
4966 4973 200
4966 4974 224
4967 4973 224
4967 4974 200
4967 4975 224
4968 4974 224
4968 4975 201
4968 4976 224
4969 4975 224
4969 4976 201
4970 4977 198
4970 4978 222
4971 4977 222
4971 4978 199
4971 4979 223
4972 4978 223
4972 4979 199
4972 4980 223
4973 4979 223
4973 4980 200
4973 4981 224
4974 4980 224
4974 4981 201
4974 4982 224
4975 4981 224
4975 4982 201
4975 4983 225
4976 4982 225
4976 4983 202
4977 4984 199
4977 4985 223
4978 4984 223
4978 4985 199
4978 4986 223
4979 4985 223
4979 4986 200
4979 4987 223
4980 4986 223
4980 4987 200
4980 4988 224
4981 4987 224
4981 4988 200
4981 4989 224
4982 4988 224
4982 4989 201
4982 4990 224
4983 4989 224
4983 4990 201
4984 4991 198
4984 4992 222
4985 4991 222
4985 4992 199
4985 4993 223
4986 4992 223
4986 4993 199
4986 4994 223
4987 4993 223
4987 4994 200
4987 4995 224
4988 4994 224
4988 4995 201
4988 4996 224
4989 4995 224
4989 4996 201
4989 4997 225
4990 4996 225
4990 4997 202
4991 4998 199
4991 4999 223
4992 4998 223
4992 4999 199
4992 5000 223
4993 4999 223
4993 5000 200
4993 5001 223
4994 5000 223
4994 5001 200
4994 5002 224
4995 5001 224
4995 5002 200
4995 5003 224
4996 5002 224
4996 5003 201
4996 5004 224
4997 5003 224
4997 5004 201
4998 5005 198
4998 5006 222
4999 5005 222
4999 5006 199
4999 5007 223
5000 5006 223
5000 5007 199
5000 5008 223
5001 5007 223
5001 5008 200
5001 5009 224
5002 5008 224
5002 5009 201
5002 5010 224
5003 5009 224
5003 5010 201
5003 5011 225
5004 5010 225
5004 5011 202
5005 5012 199
5005 5013 223
5006 5012 223
5006 5013 199
5006 5014 223
5007 5013 223
5007 5014 200
5007 5015 223
5008 5014 223
5008 5015 200
5008 5016 224
5009 5015 224
5009 5016 200
5009 5017 224
5010 5016 224
5010 5017 201
5010 5018 224
5011 5017 224
5011 5018 201
5012 5019 198
5012 5020 222
5013 5019 222
5013 5020 199
5013 5021 223
5014 5020 223
5014 5021 199
5014 5022 223
5015 5021 223
5015 5022 200
5015 5023 224
5016 5022 224
5016 5023 201
5016 5024 224
5017 5023 224
5017 5024 201
5017 5025 225
5018 5024 225
5018 5025 202
5019 5026 198
5019 5027 222
5020 5026 222
5020 5027 199
5020 5028 223
5021 5027 223
5021 5028 199
5021 5029 223
5022 5028 223
5022 5029 200
5022 5030 224
5023 5029 224
5023 5030 201
5023 5031 224
5024 5030 224
5024 5031 201
5024 5032 225
5025 5031 225
5025 5032 202
5026 5033 199
5026 5034 223
5027 5033 223
5027 5034 199
5027 5035 223
5028 5034 223
5028 5035 200
5028 5036 223
5029 5035 223
5029 5036 200
5029 5037 224
5030 5036 224
5030 5037 200
5030 5038 224
5031 5037 224
5031 5038 201
5031 5039 224
5032 5038 224
5032 5039 201
5033 5040 198
5033 5041 222
5034 5040 222
5034 5041 199
5034 5042 223
5035 5041 223
5035 5042 199
5035 5043 223
5036 5042 223
5036 5043 200
5036 5044 224
5037 5043 224
5037 5044 201
5037 5045 224
5038 5044 224
5038 5045 201
5038 5046 225
5039 5045 225
5039 5046 202
5040 5047 199
5040 5048 223
5041 5047 223
5041 5048 199
5041 5049 223
5042 5048 223
5042 5049 200
5042 5050 223
5043 5049 224
5043 5050 200
5043 5051 224
5044 5050 224
5044 5051 200
5044 5052 224
5045 5051 224
5045 5052 201
5045 5053 224
5046 5052 224
5046 5053 201
5047 5054 198
5047 5055 222
5048 5054 223
5048 5055 199
5048 5056 223
5049 5055 223
5049 5056 199
5049 5057 223
5050 5056 223
5050 5057 200
5050 5058 224
5051 5057 224
5051 5058 200
5051 5059 224
5052 5058 224
5052 5059 201
5052 5060 225
5053 5059 225
5053 5060 201
5054 5061 199
5054 5062 223
5055 5061 223
5055 5062 199
5055 5063 223
5056 5062 223
5056 5063 200
5056 5064 223
5057 5063 223
5057 5064 200
5057 5065 224
5058 5064 224
5058 5065 200
5058 5066 224
5059 5065 224
5059 5066 201
5059 5067 225
5060 5066 225
5060 5067 201
5061 5068 199
5061 5069 223
5062 5068 223
5062 5069 200
5062 5070 223
5063 5069 223
5063 5070 200
5063 5071 223
5064 5070 223
5064 5071 200
5064 5072 224
5065 5071 224
5065 5072 200
5065 5073 224
5066 5072 224
5066 5073 200
5066 5074 224
5067 5073 224
5067 5074 201
5068 5075 199
5068 5076 223
5069 5075 223
5069 5076 199
5069 5077 223
5070 5076 223
5070 5077 200
5070 5078 223
5071 5077 223
5071 5078 200
5071 5079 224
5072 5078 224
5072 5079 200
5072 5080 224
5073 5079 224
5073 5080 201
5073 5081 225
5074 5080 225
5074 5081 201
5075 5082 199
5075 5083 223
5076 5082 223
5076 5083 199
5076 5084 223
5077 5083 223
5077 5084 200
5077 5085 223
5078 5084 223
5078 5085 200
5078 5086 224
5079 5085 224
5079 5086 200
5079 5087 224
5080 5086 224
5080 5087 201
5080 5088 225
5081 5087 224
5081 5088 201
5082 5089 199
5082 5090 223
5083 5089 223
5083 5090 200
5083 5091 223
5084 5090 223
5084 5091 200
5084 5092 224
5085 5091 224
5085 5092 200
5085 5093 224
5086 5092 224
5086 5093 200
5086 5094 224
5087 5093 224
5087 5094 200
5087 5095 224
5088 5094 224
5088 5095 201
5089 5096 199
5089 5097 223
5090 5096 223
5090 5097 199
5090 5098 223
5091 5097 223
5091 5098 200
5091 5099 223
5092 5098 223
5092 5099 200
5092 5100 224
5093 5099 224
5093 5100 200
5093 5101 224
5094 5100 224
5094 5101 201
5094 5102 224
5095 5101 224
5095 5102 201
5096 5103 199
5096 5104 223
5097 5103 223
5097 5104 200
5097 5105 223
5098 5104 223
5098 5105 200
5098 5106 224
5099 5105 224
5099 5106 200
5099 5107 224
5100 5106 224
5100 5107 200
5100 5108 224
5101 5107 224
5101 5108 200
5101 5109 224
5102 5108 224
5102 5109 200
5103 5110 199
5103 5111 223
5104 5110 223
5104 5111 199
5104 5112 223
5105 5111 223
5105 5112 200
5105 5113 223
5106 5112 224
5106 5113 200
5106 5114 224
5107 5113 224
5107 5114 200
5107 5115 224
5108 5114 224
5108 5115 201
5108 5116 224
5109 5115 224
5109 5116 201
5110 5117 199
5110 5118 223
5111 5117 223
5111 5118 199
5111 5119 223
5112 5118 223
5112 5119 200
5112 5120 223
5113 5119 223
5113 5120 200
5113 5121 224
5114 5120 224
5114 5121 200
5114 5122 224
5115 5121 224
5115 5122 201
5115 5123 224
5116 5122 224
5116 5123 201
5117 5124 200
5117 5125 223
5118 5124 223
5118 5125 200
5118 5126 223
5119 5125 223
5119 5126 200
5119 5127 224
5120 5126 224
5120 5127 200
5120 5128 224
5121 5127 224
5121 5128 200
5121 5129 224
5122 5128 224
5122 5129 200
5122 5130 224
5123 5129 224
5123 5130 200
5124 5131 199
5124 5132 223
5125 5131 223
5125 5132 200
5125 5133 223
5126 5132 223
5126 5133 200
5126 5134 223
5127 5133 224
5127 5134 200
5127 5135 224
5128 5134 224
5128 5135 200
5128 5136 224
5129 5135 224
5129 5136 200
5129 5137 224
5130 5136 224
5130 5137 201
5131 5138 199
5131 5139 223
5132 5138 223
5132 5139 200
5132 5140 223
5133 5139 223
5133 5140 200
5133 5141 224
5134 5140 223
5134 5141 200
5134 5142 224
5135 5141 224
5135 5142 200
5135 5143 224
5136 5142 224
5136 5143 200
5136 5144 224
5137 5143 224
5137 5144 201
5138 5145 200
5138 5146 223
5139 5145 223
5139 5146 200
5139 5147 223
5140 5146 223
5140 5147 200
5140 5148 224
5141 5147 224
5141 5148 200
5141 5149 224
5142 5148 224
5142 5149 200
5142 5150 224
5143 5149 224
5143 5150 200
5143 5151 224
5144 5150 224
5144 5151 200
5145 5152 200
5145 5153 223
5146 5152 223
5146 5153 200
5146 5154 223
5147 5153 223
5147 5154 200
5147 5155 224
5148 5154 224
5148 5155 200
5148 5156 224
5149 5155 224
5149 5156 200
5149 5157 224
5150 5156 224
5150 5157 200
5150 5158 224
5151 5157 224
5151 5158 200
5152 5159 200
5152 5160 223
5153 5159 223
5153 5160 200
5153 5161 224
5154 5160 224
5154 5161 200
5154 5162 224
5155 5161 224
5155 5162 200
5155 5163 224
5156 5162 224
5156 5163 200
5156 5164 224
5157 5163 224
5157 5164 200
5157 5165 224
5158 5164 224
5158 5165 200
5159 5166 200
5159 5167 223
5160 5166 223
5160 5167 200
5160 5168 223
5161 5167 223
5161 5168 200
5161 5169 224
5162 5168 224
5162 5169 200
5162 5170 224
5163 5169 224
5163 5170 200
5163 5171 224
5164 5170 224
5164 5171 200
5164 5172 224
5165 5171 224
5165 5172 200
5166 5173 200
5166 5174 224
5167 5173 224
5167 5174 200
5167 5175 224
5168 5174 224
5168 5175 200
5168 5176 224
5169 5175 224
5169 5176 200
5169 5177 224
5170 5176 224
5170 5177 200
5170 5178 224
5171 5177 224
5171 5178 200
5171 5179 224
5172 5178 224
5172 5179 200
5173 5180 200
5173 5181 224
5174 5180 224
5174 5181 200
5174 5182 224
5175 5181 224
5175 5182 200
5175 5183 224
5176 5182 224
5176 5183 200
5176 5184 224
5177 5183 224
5177 5184 200
5177 5185 224
5178 5184 224
5178 5185 200
5178 5186 224
5179 5185 224
5179 5186 200
5180 5187 200
5180 5188 224
5181 5187 224
5181 5188 200
5181 5189 224
5182 5188 224
5182 5189 200
5182 5190 224
5183 5189 224
5183 5190 200
5183 5191 224
5184 5190 224
5184 5191 200
5184 5192 224
5185 5191 224
5185 5192 200
5185 5193 224
5186 5192 224
5186 5193 200
5187 5194 200
5187 5195 224
5188 5194 224
5188 5195 200
5188 5196 224
5189 5195 224
5189 5196 200
5189 5197 224
5190 5196 224
5190 5197 200
5190 5198 224
5191 5197 224
5191 5198 200
5191 5199 224
5192 5198 224
5192 5199 200
5192 5200 224
5193 5199 224
5193 5200 200
5194 5201 200
5194 5202 224
5195 5201 224
5195 5202 200
5195 5203 224
5196 5202 224
5196 5203 200
5196 5204 224
5197 5203 224
5197 5204 200
5197 5205 224
5198 5204 224
5198 5205 200
5198 5206 224
5199 5205 224
5199 5206 200
5199 5207 223
5200 5206 223
5200 5207 200
5201 5208 200
5201 5209 224
5202 5208 224
5202 5209 200
5202 5210 224
5203 5209 224
5203 5210 200
5203 5211 224
5204 5210 224
5204 5211 200
5204 5212 224
5205 5211 224
5205 5212 200
5205 5213 224
5206 5212 224
5206 5213 200
5206 5214 224
5207 5213 224
5207 5214 200
5208 5215 200
5208 5216 224
5209 5215 224
5209 5216 200
5209 5217 224
5210 5216 224
5210 5217 200
5210 5218 224
5211 5217 224
5211 5218 200
5211 5219 224
5212 5218 224
5212 5219 200
5212 5220 224
5213 5219 224
5213 5220 200
5213 5221 223
5214 5220 223
5214 5221 200
5215 5222 200
5215 5223 224
5216 5222 224
5216 5223 200
5216 5224 224
5217 5223 224
5217 5224 200
5217 5225 224
5218 5224 224
5218 5225 200
5218 5226 224
5219 5225 224
5219 5226 200
5219 5227 224
5220 5226 224
5220 5227 200
5220 5228 224
5221 5227 224
5221 5228 200
5222 5229 200
5222 5230 224
5223 5229 224
5223 5230 200
5223 5231 224
5224 5230 224
5224 5231 200
5224 5232 224
5225 5231 224
5225 5232 200
5225 5233 224
5226 5232 224
5226 5233 200
5226 5234 224
5227 5233 224
5227 5234 200
5227 5235 224
5228 5234 224
5228 5235 200
5229 5236 200
5229 5237 224
5230 5236 224
5230 5237 200
5230 5238 224
5231 5237 224
5231 5238 200
5231 5239 224
5232 5238 224
5232 5239 200
5232 5240 224
5233 5239 224
5233 5240 200
5233 5241 224
5234 5240 224
5234 5241 200
5234 5242 224
5235 5241 224
5235 5242 200
5236 5243 200
5236 5244 224
5237 5243 224
5237 5244 200
5237 5245 224
5238 5244 224
5238 5245 200
5238 5246 224
5239 5245 224
5239 5246 200
5239 5247 224
5240 5246 224
5240 5247 200
5240 5248 224
5241 5247 224
5241 5248 200
5241 5249 224
5242 5248 224
5242 5249 200
5243 5250 200
5243 5251 224
5244 5250 224
5244 5251 200
5244 5252 224
5245 5251 224
5245 5252 200
5245 5253 224
5246 5252 224
5246 5253 200
5246 5254 224
5247 5253 224
5247 5254 200
5247 5255 224
5248 5254 224
5248 5255 200
5248 5256 224
5249 5255 224
5249 5256 200
5250 5257 200
5250 5258 223
5251 5257 223
5251 5258 200
5251 5259 223
5252 5258 223
5252 5259 200
5252 5260 224
5253 5259 224
5253 5260 200
5253 5261 224
5254 5260 224
5254 5261 200
5254 5262 224
5255 5261 224
5255 5262 200
5255 5263 224
5256 5262 224
5256 5263 200
5257 5264 200
5257 5265 223
5258 5264 223
5258 5265 200
5258 5266 224
5259 5265 224
5259 5266 200
5259 5267 224
5260 5266 224
5260 5267 200
5260 5268 224
5261 5267 224
5261 5268 200
5261 5269 224
5262 5268 224
5262 5269 200
5262 5270 224
5263 5269 224
5263 5270 200
5264 5271 200
5264 5272 223
5265 5271 223
5265 5272 200
5265 5273 223
5266 5272 223
5266 5273 200
5266 5274 224
5267 5273 224
5267 5274 200
5267 5275 224
5268 5274 224
5268 5275 200
5268 5276 224
5269 5275 224
5269 5276 200
5269 5277 224
5270 5276 224
5270 5277 200
5271 5278 200
5271 5279 223
5272 5278 223
5272 5279 200
5272 5280 223
5273 5279 223
5273 5280 200
5273 5281 224
5274 5280 224
5274 5281 200
5274 5282 224
5275 5281 224
5275 5282 200
5275 5283 224
5276 5282 224
5276 5283 200
5276 5284 224
5277 5283 224
5277 5284 200
5278 5285 199
5278 5286 223
5279 5285 223
5279 5286 200
5279 5287 223
5280 5286 223
5280 5287 200
5280 5288 224
5281 5287 224
5281 5288 200
5281 5289 224
5282 5288 224
5282 5289 200
5282 5290 224
5283 5289 224
5283 5290 200
5283 5291 224
5284 5290 224
5284 5291 201
5285 5292 200
5285 5293 223
5286 5292 223
5286 5293 200
5286 5294 223
5287 5293 223
5287 5294 200
5287 5295 224
5288 5294 224
5288 5295 200
5288 5296 224
5289 5295 224
5289 5296 200
5289 5297 224
5290 5296 224
5290 5297 200
5290 5298 224
5291 5297 224
5291 5298 200
5292 5299 199
5292 5300 223
5293 5299 223
5293 5300 200
5293 5301 223
5294 5300 223
5294 5301 200
5294 5302 224
5295 5301 223
5295 5302 200
5295 5303 224
5296 5302 224
5296 5303 200
5296 5304 224
5297 5303 224
5297 5304 200
5297 5305 224
5298 5304 224
5298 5305 201
5299 5306 200
5299 5307 223
5300 5306 223
5300 5307 200
5300 5308 223
5301 5307 223
5301 5308 200
5301 5309 224
5302 5308 224
5302 5309 200
5302 5310 224
5303 5309 224
5303 5310 200
5303 5311 224
5304 5310 224
5304 5311 200
5304 5312 224
5305 5311 224
5305 5312 200
5306 5313 199
5306 5314 223
5307 5313 223
5307 5314 199
5307 5315 223
5308 5314 223
5308 5315 200
5308 5316 224
5309 5315 223
5309 5316 200
5309 5317 224
5310 5316 224
5310 5317 200
5310 5318 224
5311 5317 224
5311 5318 201
5311 5319 224
5312 5318 224
5312 5319 201
5313 5320 200
5313 5321 223
5314 5320 223
5314 5321 200
5314 5322 223
5315 5321 223
5315 5322 200
5315 5323 224
5316 5322 224
5316 5323 200
5316 5324 224
5317 5323 224
5317 5324 200
5317 5325 224
5318 5324 224
5318 5325 200
5318 5326 224
5319 5325 224
5319 5326 200
5320 5327 199
5320 5328 223
5321 5327 223
5321 5328 199
5321 5329 223
5322 5328 223
5322 5329 200
5322 5330 224
5323 5329 223
5323 5330 200
5323 5331 224
5324 5330 224
5324 5331 200
5324 5332 224
5325 5331 224
5325 5332 201
5325 5333 224
5326 5332 224
5326 5333 201
5327 5334 199
5327 5335 223
5328 5334 223
5328 5335 200
5328 5336 223
5329 5335 223
5329 5336 200
5329 5337 224
5330 5336 223
5330 5337 200
5330 5338 224
5331 5337 224
5331 5338 200
5331 5339 224
5332 5338 224
5332 5339 200
5332 5340 224
5333 5339 224
5333 5340 200
5334 5341 199
5334 5342 223
5335 5341 223
5335 5342 200
5335 5343 223
5336 5342 223
5336 5343 200
5336 5344 223
5337 5343 224
5337 5344 200
5337 5345 224
5338 5344 224
5338 5345 200
5338 5346 224
5339 5345 224
5339 5346 200
5339 5347 224
5340 5346 224
5340 5347 201
5341 5348 199
5341 5349 223
5342 5348 223
5342 5349 199
5342 5350 223
5343 5349 223
5343 5350 200
5343 5351 223
5344 5350 223
5344 5351 200
5344 5352 224
5345 5351 224
5345 5352 200
5345 5353 224
5346 5352 224
5346 5353 201
5346 5354 224
5347 5353 224
5347 5354 201
5348 5355 199
5348 5356 223
5349 5355 223
5349 5356 200
5349 5357 223
5350 5356 223
5350 5357 200
5350 5358 223
5351 5357 224
5351 5358 200
5351 5359 224
5352 5358 224
5352 5359 200
5352 5360 224
5353 5359 224
5353 5360 200
5353 5361 224
5354 5360 224
5354 5361 201
5355 5362 199
5355 5363 223
5356 5362 223
5356 5363 199
5356 5364 223
5357 5363 223
5357 5364 200
5357 5365 223
5358 5364 223
5358 5365 200
5358 5366 224
5359 5365 224
5359 5366 200
5359 5367 224
5360 5366 224
5360 5367 201
5360 5368 225
5361 5367 225
5361 5368 201
5362 5369 199
5362 5370 223
5363 5369 223
5363 5370 200
5363 5371 223
5364 5370 223
5364 5371 200
5364 5372 223
5365 5371 224
5365 5372 200
5365 5373 224
5366 5372 224
5366 5373 200
5366 5374 224
5367 5373 224
5367 5374 200
5367 5375 224
5368 5374 224
5368 5375 201
5369 5376 199
5369 5377 223
5370 5376 223
5370 5377 199
5370 5378 223
5371 5377 223
5371 5378 200
5371 5379 223
5372 5378 223
5372 5379 200
5372 5380 224
5373 5379 224
5373 5380 200
5373 5381 224
5374 5380 224
5374 5381 201
5374 5382 225
5375 5381 225
5375 5382 201
5376 5383 199
5376 5384 223
5377 5383 223
5377 5384 200
5377 5385 223
5378 5384 223
5378 5385 200
5378 5386 224
5379 5385 223
5379 5386 200
5379 5387 224
5380 5386 224
5380 5387 200
5380 5388 224
5381 5387 224
5381 5388 200
5381 5389 224
5382 5388 224
5382 5389 201
5383 5390 198
5383 5391 223
5384 5390 222
5384 5391 199
5384 5392 223
5385 5391 223
5385 5392 199
5385 5393 223
5386 5392 223
5386 5393 200
5386 5394 224
5387 5393 224
5387 5394 200
5387 5395 224
5388 5394 224
5388 5395 201
5388 5396 225
5389 5395 225
5389 5396 201
5390 5397 199
5390 5398 223
5391 5397 223
5391 5398 199
5391 5399 223
5392 5398 223
5392 5399 200
5392 5400 224
5393 5399 223
5393 5400 200
5393 5401 224
5394 5400 224
5394 5401 200
5394 5402 224
5395 5401 224
5395 5402 201
5395 5403 224
5396 5402 224
5396 5403 201
5397 5404 199
5397 5405 223
5398 5404 223
5398 5405 199
5398 5406 223
5399 5405 223
5399 5406 200
5399 5407 223
5400 5406 224
5400 5407 200
5400 5408 224
5401 5407 224
5401 5408 200
5401 5409 224
5402 5408 224
5402 5409 201
5402 5410 224
5403 5409 224
5403 5410 201
5404 5411 198
5404 5412 222
5405 5411 222
5405 5412 199
5405 5413 223
5406 5412 223
5406 5413 199
5406 5414 223
5407 5413 223
5407 5414 200
5407 5415 224
5408 5414 224
5408 5415 201
5408 5416 224
5409 5415 224
5409 5416 201
5409 5417 225
5410 5416 225
5410 5417 202
5411 5418 199
5411 5419 223
5412 5418 223
5412 5419 199
5412 5420 223
5413 5419 223
5413 5420 200
5413 5421 223
5414 5420 223
5414 5421 200
5414 5422 224
5415 5421 224
5415 5422 200
5415 5423 224
5416 5422 224
5416 5423 201
5416 5424 224
5417 5423 224
5417 5424 201
5418 5425 198
5418 5426 222
5419 5425 222
5419 5426 199
5419 5427 223
5420 5426 223
5420 5427 199
5420 5428 223
5421 5427 223
5421 5428 200
5421 5429 224
5422 5428 224
5422 5429 201
5422 5430 224
5423 5429 224
5423 5430 201
5423 5431 225
5424 5430 225
5424 5431 202
5425 5432 199
5425 5433 223
5426 5432 223
5426 5433 199
5426 5434 223
5427 5433 223
5427 5434 200
5427 5435 223
5428 5434 223
5428 5435 200
5428 5436 224
5429 5435 224
5429 5436 200
5429 5437 224
5430 5436 224
5430 5437 201
5430 5438 224
5431 5437 224
5431 5438 201
5432 5439 198
5432 5440 222
5433 5439 222
5433 5440 199
5433 5441 223
5434 5440 223
5434 5441 199
5434 5442 223
5435 5441 223
5435 5442 200
5435 5443 224
5436 5442 224
5436 5443 201
5436 5444 224
5437 5443 224
5437 5444 201
5437 5445 225
5438 5444 225
5438 5445 202
5439 5446 199
5439 5447 223
5440 5446 223
5440 5447 199
5440 5448 223
5441 5447 223
5441 5448 200
5441 5449 223
5442 5448 223
5442 5449 200
5442 5450 224
5443 5449 224
5443 5450 200
5443 5451 224
5444 5450 224
5444 5451 201
5444 5452 224
5445 5451 224
5445 5452 201
5446 5453 199
5446 5454 223
5447 5453 223
5447 5454 199
5447 5455 223
5448 5454 223
5448 5455 200
5448 5456 223
5449 5455 223
5449 5456 200
5449 5457 224
5450 5456 224
5450 5457 200
5450 5458 224
5451 5457 224
5451 5458 201
5451 5459 224
5452 5458 224
5452 5459 201
5453 5460 198
5453 5461 222
5454 5460 222
5454 5461 199
5454 5462 223
5455 5461 223
5455 5462 199
5455 5463 223
5456 5462 223
5456 5463 200
5456 5464 224
5457 5463 224
5457 5464 201
5457 5465 224
5458 5464 225
5458 5465 201
5458 5466 225
5459 5465 225
5459 5466 202
5460 5467 199
5460 5468 223
5461 5467 223
5461 5468 199
5461 5469 223
5462 5468 223
5462 5469 200
5462 5470 223
5463 5469 223
5463 5470 200
5463 5471 224
5464 5470 224
5464 5471 200
5464 5472 224
5465 5471 224
5465 5472 201
5465 5473 224
5466 5472 224
5466 5473 201
5467 5474 198
5467 5475 222
5468 5474 222
5468 5475 199
5468 5476 223
5469 5475 223
5469 5476 199
5469 5477 223
5470 5476 223
5470 5477 200
5470 5478 224
5471 5477 224
5471 5478 201
5471 5479 225
5472 5478 225
5472 5479 201
5472 5480 225
5473 5479 225
5473 5480 202
5474 5481 199
5474 5482 223
5475 5481 223
5475 5482 199
5475 5483 223
5476 5482 223
5476 5483 200
5476 5484 223
5477 5483 223
5477 5484 200
5477 5485 224
5478 5484 224
5478 5485 200
5478 5486 224
5479 5485 224
5479 5486 201
5479 5487 224
5480 5486 224
5480 5487 201
5481 5488 198
5481 5489 222
5482 5488 222
5482 5489 198
5482 5490 223
5483 5489 222
5483 5490 199
5483 5491 223
5484 5490 223
5484 5491 200
5484 5492 224
5485 5491 224
5485 5492 201
5485 5493 225
5486 5492 225
5486 5493 202
5486 5494 225
5487 5493 225
5487 5494 202
5488 5495 199
5488 5496 223
5489 5495 223
5489 5496 199
5489 5497 223
5490 5496 223
5490 5497 200
5490 5498 224
5491 5497 223
5491 5498 200
5491 5499 224
5492 5498 224
5492 5499 200
5492 5500 224
5493 5499 224
5493 5500 201
5493 5501 224
5494 5500 224
5494 5501 201
5495 5502 199
5495 5503 223
5496 5502 223
5496 5503 200
5496 5504 223
5497 5503 223
5497 5504 200
5497 5505 223
5498 5504 224
5498 5505 200
5498 5506 224
5499 5505 224
5499 5506 200
5499 5507 224
5500 5506 224
5500 5507 200
5500 5508 224
5501 5507 224
5501 5508 201
5502 5509 199
5502 5510 223
5503 5509 223
5503 5510 199
5503 5511 223
5504 5510 223
5504 5511 200
5504 5512 223
5505 5511 223
5505 5512 200
5505 5513 224
5506 5512 224
5506 5513 200
5506 5514 224
5507 5513 224
5507 5514 201
5507 5515 225
5508 5514 225
5508 5515 201
5509 5516 199
5509 5517 223
5510 5516 223
5510 5517 200
5510 5518 223
5511 5517 223
5511 5518 200
5511 5519 224
5512 5518 223
5512 5519 200
5512 5520 224
5513 5519 224
5513 5520 200
5513 5521 224
5514 5520 224
5514 5521 200
5514 5522 224
5515 5521 224
5515 5522 201
5516 5523 199
5516 5524 223
5517 5523 223
5517 5524 200
5517 5525 223
5518 5524 223
5518 5525 200
5518 5526 223
5519 5525 224
5519 5526 200
5519 5527 224
5520 5526 224
5520 5527 200
5520 5528 224
5521 5527 224
5521 5528 200
5521 5529 224
5522 5528 224
5522 5529 201
5523 5530 199
5523 5531 223
5524 5530 223
5524 5531 199
5524 5532 223
5525 5531 223
5525 5532 200
5525 5533 223
5526 5532 223
5526 5533 200
5526 5534 224
5527 5533 224
5527 5534 200
5527 5535 224
5528 5534 224
5528 5535 201
5528 5536 225
5529 5535 225
5529 5536 201
5530 5537 199
5530 5538 223
5531 5537 223
5531 5538 200
5531 5539 223
5532 5538 223
5532 5539 200
5532 5540 223
5533 5539 223
5533 5540 200
5533 5541 224
5534 5540 224
5534 5541 200
5534 5542 224
5535 5541 224
5535 5542 200
5535 5543 224
5536 5542 224
5536 5543 201
5537 5544 199
5537 5545 223
5538 5544 223
5538 5545 199
5538 5546 223
5539 5545 223
5539 5546 200
5539 5547 223
5540 5546 223
5540 5547 200
5540 5548 224
5541 5547 224
5541 5548 200
5541 5549 224
5542 5548 224
5542 5549 201
5542 5550 225
5543 5549 225
5543 5550 201
5544 5551 199
5544 5552 223
5545 5551 223
5545 5552 200
5545 5553 223
5546 5552 223
5546 5553 200
5546 5554 224
5547 5553 223
5547 5554 200
5547 5555 224
5548 5554 224
5548 5555 200
5548 5556 224
5549 5555 224
5549 5556 200
5549 5557 224
5550 5556 224
5550 5557 201
5551 5558 199
5551 5559 223
5552 5558 223
5552 5559 200
5552 5560 223
5553 5559 223
5553 5560 200
5553 5561 223
5554 5560 224
5554 5561 200
5554 5562 224
5555 5561 224
5555 5562 200
5555 5563 224
5556 5562 224
5556 5563 200
5556 5564 224
5557 5563 224
5557 5564 201
5558 5565 199
5558 5566 223
5559 5565 223
5559 5566 199
5559 5567 223
5560 5566 223
5560 5567 200
5560 5568 223
5561 5567 223
5561 5568 200
5561 5569 224
5562 5568 224
5562 5569 200
5562 5570 224
5563 5569 224
5563 5570 201
5563 5571 225
5564 5570 225
5564 5571 201
5565 5572 199
5565 5573 223
5566 5572 223
5566 5573 200
5566 5574 223
5567 5573 223
5567 5574 200
5567 5575 224
5568 5574 223
5568 5575 200
5568 5576 224
5569 5575 224
5569 5576 200
5569 5577 224
5570 5576 224
5570 5577 200
5570 5578 224
5571 5577 224
5571 5578 201
5572 5579 199
5572 5580 223
5573 5579 223
5573 5580 200
5573 5581 223
5574 5580 223
5574 5581 200
5574 5582 223
5575 5581 224
5575 5582 200
5575 5583 224
5576 5582 224
5576 5583 200
5576 5584 224
5577 5583 224
5577 5584 200
5577 5585 224
5578 5584 224
5578 5585 201
5579 5586 199
5579 5587 223
5580 5586 223
5580 5587 199
5580 5588 223
5581 5587 223
5581 5588 200
5581 5589 223
5582 5588 223
5582 5589 200
5582 5590 224
5583 5589 224
5583 5590 200
5583 5591 224
5584 5590 224
5584 5591 201
5584 5592 225
5585 5591 225
5585 5592 201
5586 5593 199
5586 5594 223
5587 5593 223
5587 5594 200
5587 5595 223
5588 5594 223
5588 5595 200
5588 5596 224
5589 5595 223
5589 5596 200
5589 5597 224
5590 5596 224
5590 5597 200
5590 5598 224
5591 5597 224
5591 5598 200
5591 5599 224
5592 5598 224
5592 5599 201
5593 5600 199
5593 5601 223
5594 5600 223
5594 5601 200
5594 5602 223
5595 5601 223
5595 5602 200
5595 5603 223
5596 5602 224
5596 5603 200
5596 5604 224
5597 5603 224
5597 5604 200
5597 5605 224
5598 5604 224
5598 5605 200
5598 5606 224
5599 5605 224
5599 5606 201
5600 5607 199
5600 5608 223
5601 5607 223
5601 5608 199
5601 5609 223
5602 5608 223
5602 5609 200
5602 5610 223
5603 5609 223
5603 5610 200
5603 5611 224
5604 5610 224
5604 5611 200
5604 5612 224
5605 5611 224
5605 5612 201
5605 5613 225
5606 5612 225
5606 5613 201
5607 5614 199
5607 5615 223
5608 5614 223
5608 5615 200
5608 5616 223
5609 5615 223
5609 5616 200
5609 5617 224
5610 5616 223
5610 5617 200
5610 5618 224
5611 5617 224
5611 5618 200
5611 5619 224
5612 5618 224
5612 5619 200
5612 5620 224
5613 5619 224
5613 5620 201
5614 5621 199
5614 5622 223
5615 5621 223
5615 5622 200
5615 5623 223
5616 5622 223
5616 5623 200
5616 5624 223
5617 5623 224
5617 5624 200
5617 5625 224
5618 5624 224
5618 5625 200
5618 5626 224
5619 5625 224
5619 5626 200
5619 5627 224
5620 5626 224
5620 5627 201
5621 5628 199
5621 5629 223
5622 5628 223
5622 5629 199
5622 5630 223
5623 5629 223
5623 5630 200
5623 5631 223
5624 5630 223
5624 5631 200
5624 5632 224
5625 5631 224
5625 5632 200
5625 5633 224
5626 5632 224
5626 5633 201
5626 5634 225
5627 5633 225
5627 5634 201
5628 5635 199
5628 5636 223
5629 5635 223
5629 5636 200
5629 5637 223
5630 5636 223
5630 5637 200
5630 5638 224
5631 5637 223
5631 5638 200
5631 5639 224
5632 5638 224
5632 5639 200
5632 5640 224
5633 5639 224
5633 5640 200
5633 5641 224
5634 5640 224
5634 5641 201
5635 5642 199
5635 5643 223
5636 5642 223
5636 5643 200
5636 5644 223
5637 5643 223
5637 5644 200
5637 5645 223
5638 5644 224
5638 5645 200
5638 5646 224
5639 5645 224
5639 5646 200
5639 5647 224
5640 5646 224
5640 5647 200
5640 5648 224
5641 5647 224
5641 5648 201
5642 5649 199
5642 5650 223
5643 5649 223
5643 5650 199
5643 5651 223
5644 5650 223
5644 5651 200
5644 5652 223
5645 5651 223
5645 5652 200
5645 5653 224
5646 5652 224
5646 5653 200
5646 5654 224
5647 5653 224
5647 5654 201
5647 5655 225
5648 5654 225
5648 5655 201
5649 5656 199
5649 5657 223
5650 5656 223
5650 5657 200
5650 5658 223
5651 5657 223
5651 5658 200
5651 5659 224
5652 5658 223
5652 5659 200
5652 5660 224
5653 5659 224
5653 5660 200
5653 5661 224
5654 5660 224
5654 5661 200
5654 5662 224
5655 5661 224
5655 5662 201
5656 5663 199
5656 5664 223
5657 5663 223
5657 5664 200
5657 5665 223
5658 5664 223
5658 5665 200
5658 5666 223
5659 5665 223
5659 5666 200
5659 5667 224
5660 5666 224
5660 5667 200
5660 5668 224
5661 5667 224
5661 5668 200
5661 5669 224
5662 5668 224
5662 5669 201
5663 5670 199
5663 5671 223
5664 5670 222
5664 5671 199
5664 5672 223
5665 5671 223
5665 5672 200
5665 5673 223
5666 5672 223
5666 5673 200
5666 5674 224
5667 5673 224
5667 5674 200
5667 5675 224
5668 5674 224
5668 5675 201
5668 5676 225
5669 5675 225
5669 5676 201
5670 5677 199
5670 5678 223
5671 5677 223
5671 5678 200
5671 5679 223
5672 5678 223
5672 5679 200
5672 5680 224
5673 5679 223
5673 5680 200
5673 5681 224
5674 5680 224
5674 5681 200
5674 5682 224
5675 5681 224
5675 5682 200
5675 5683 224
5676 5682 224
5676 5683 201
5677 5684 199
5677 5685 223
5678 5684 223
5678 5685 200
5678 5686 223
5679 5685 223
5679 5686 200
5679 5687 223
5680 5686 223
5680 5687 200
5680 5688 224
5681 5687 224
5681 5688 200
5681 5689 224
5682 5688 224
5682 5689 200
5682 5690 224
5683 5689 224
5683 5690 201
5684 5691 199
5684 5692 223
5685 5691 223
5685 5692 200
5685 5693 223
5686 5692 223
5686 5693 200
5686 5694 223
5687 5693 224
5687 5694 200
5687 5695 224
5688 5694 224
5688 5695 200
5688 5696 224
5689 5695 224
5689 5696 200
5689 5697 224
5690 5696 224
5690 5697 201
5691 5698 199
5691 5699 222
5692 5698 223
5692 5699 199
5692 5700 223
5693 5699 223
5693 5700 199
5693 5701 223
5694 5700 223
5694 5701 200
5694 5702 224
5695 5701 224
5695 5702 200
5695 5703 224
5696 5702 224
5696 5703 201
5696 5704 225
5697 5703 225
5697 5704 201
5698 5705 199
5698 5706 223
5699 5705 223
5699 5706 199
5699 5707 223
5700 5706 223
5700 5707 200
5700 5708 223
5701 5707 223
5701 5708 200
5701 5709 224
5702 5708 224
5702 5709 200
5702 5710 224
5703 5709 224
5703 5710 200
5703 5711 224
5704 5710 224
5704 5711 201
5705 5712 199
5705 5713 223
5706 5712 223
5706 5713 199
5706 5714 223
5707 5713 223
5707 5714 200
5707 5715 223
5708 5714 224
5708 5715 200
5708 5716 224
5709 5715 224
5709 5716 200
5709 5717 224
5710 5716 224
5710 5717 200
5710 5718 224
5711 5717 224
5711 5718 201
5712 5719 198
5712 5720 222
5713 5719 222
5713 5720 199
5713 5721 223
5714 5720 223
5714 5721 199
5714 5722 223
5715 5721 223
5715 5722 200
5715 5723 224
5716 5722 224
5716 5723 200
5716 5724 224
5717 5723 224
5717 5724 201
5717 5725 225
5718 5724 225
5718 5725 202
5719 5726 199
5719 5727 223
5720 5726 223
5720 5727 199
5720 5728 223
5721 5727 223
5721 5728 200
5721 5729 223
5722 5728 223
5722 5729 200
5722 5730 224
5723 5729 224
5723 5730 200
5723 5731 224
5724 5730 224
5724 5731 201
5724 5732 224
5725 5731 224
5725 5732 201
5726 5733 199
5726 5734 223
5727 5733 223
5727 5734 199
5727 5735 223
5728 5734 223
5728 5735 200
5728 5736 223
5729 5735 224
5729 5736 200
5729 5737 224
5730 5736 224
5730 5737 200
5730 5738 224
5731 5737 224
5731 5738 201
5731 5739 224
5732 5738 224
5732 5739 201
5733 5740 198
5733 5741 222
5734 5740 222
5734 5741 199
5734 5742 223
5735 5741 223
5735 5742 199
5735 5743 223
5736 5742 223
5736 5743 200
5736 5744 224
5737 5743 224
5737 5744 201
5737 5745 224
5738 5744 224
5738 5745 201
5738 5746 225
5739 5745 225
5739 5746 202
5740 5747 199
5740 5748 223
5741 5747 223
5741 5748 199
5741 5749 223
5742 5748 223
5742 5749 200
5742 5750 223
5743 5749 223
5743 5750 200
5743 5751 224
5744 5750 224
5744 5751 200
5744 5752 224
5745 5751 224
5745 5752 201
5745 5753 224
5746 5752 224
5746 5753 201
5747 5754 199
5747 5755 223
5748 5754 223
5748 5755 199
5748 5756 223
5749 5755 223
5749 5756 200
5749 5757 223
5750 5756 224
5750 5757 200
5750 5758 224
5751 5757 224
5751 5758 200
5751 5759 224
5752 5758 224
5752 5759 201
5752 5760 224
5753 5759 224
5753 5760 201
5754 5761 198
5754 5762 222
5755 5761 222
5755 5762 199
5755 5763 223
5756 5762 223
5756 5763 199
5756 5764 223
5757 5763 223
5757 5764 200
5757 5765 224
5758 5764 224
5758 5765 201
5758 5766 224
5759 5765 224
5759 5766 201
5759 5767 225
5760 5766 225
5760 5767 202
5761 5768 199
5761 5769 223
5762 5768 223
5762 5769 199
5762 5770 223
5763 5769 223
5763 5770 200
5763 5771 223
5764 5770 223
5764 5771 200
5764 5772 224
5765 5771 224
5765 5772 200
5765 5773 224
5766 5772 224
5766 5773 201
5766 5774 224
5767 5773 224
5767 5774 201
5768 5775 198
5768 5776 222
5769 5775 222
5769 5776 199
5769 5777 223
5770 5776 223
5770 5777 199
5770 5778 223
5771 5777 223
5771 5778 200
5771 5779 224
5772 5778 224
5772 5779 201
5772 5780 224
5773 5779 224
5773 5780 201
5773 5781 225
5774 5780 225
5774 5781 202
5775 5782 199
5775 5783 223
5776 5782 223
5776 5783 199
5776 5784 223
5777 5783 223
5777 5784 200
5777 5785 224
5778 5784 223
5778 5785 200
5778 5786 224
5779 5785 224
5779 5786 200
5779 5787 224
5780 5786 224
5780 5787 201
5780 5788 224
5781 5787 224
5781 5788 201
5782 5789 199
5782 5790 223
5783 5789 223
5783 5790 199
5783 5791 223
5784 5790 223
5784 5791 200
5784 5792 223
5785 5791 223
5785 5792 200
5785 5793 224
5786 5792 224
5786 5793 200
5786 5794 224
5787 5793 224
5787 5794 201
5787 5795 224
5788 5794 224
5788 5795 201
5789 5796 198
5789 5797 222
5790 5796 222
5790 5797 199
5790 5798 223
5791 5797 223
5791 5798 199
5791 5799 223
5792 5798 223
5792 5799 200
5792 5800 224
5793 5799 224
5793 5800 201
5793 5801 224
5794 5800 224
5794 5801 201
5794 5802 225
5795 5801 225
5795 5802 202
5796 5803 199
5796 5804 223
5797 5803 223
5797 5804 199
5797 5805 223
5798 5804 223
5798 5805 200
5798 5806 223
5799 5805 223
5799 5806 200
5799 5807 224
5800 5806 224
5800 5807 200
5800 5808 224
5801 5807 224
5801 5808 201
5801 5809 224
5802 5808 224
5802 5809 201
5803 5810 199
5803 5811 223
5804 5810 223
5804 5811 199
5804 5812 223
5805 5811 223
5805 5812 200
5805 5813 223
5806 5812 224
5806 5813 200
5806 5814 224
5807 5813 224
5807 5814 200
5807 5815 224
5808 5814 224
5808 5815 200
5808 5816 224
5809 5815 224
5809 5816 201
5810 5817 199
5810 5818 223
5811 5817 223
5811 5818 199
5811 5819 223
5812 5818 223
5812 5819 200
5812 5820 223
5813 5819 223
5813 5820 200
5813 5821 224
5814 5820 224
5814 5821 200
5814 5822 224
5815 5821 224
5815 5822 201
5815 5823 224
5816 5822 225
5816 5823 201
5817 5824 199
5817 5825 223
5818 5824 223
5818 5825 200
5818 5826 223
5819 5825 223
5819 5826 200
5819 5827 224
5820 5826 223
5820 5827 200
5820 5828 224
5821 5827 224
5821 5828 200
5821 5829 224
5822 5828 224
5822 5829 200
5822 5830 224
5823 5829 224
5823 5830 201
5824 5831 199
5824 5832 223
5825 5831 223
5825 5832 199
5825 5833 223
5826 5832 223
5826 5833 200
5826 5834 223
5827 5833 223
5827 5834 200
5827 5835 224
5828 5834 224
5828 5835 200
5828 5836 224
5829 5835 224
5829 5836 201
5829 5837 225
5830 5836 224
5830 5837 201
5831 5838 199
5831 5839 223
5832 5838 223
5832 5839 200
5832 5840 223
5833 5839 223
5833 5840 200
5833 5841 224
5834 5840 223
5834 5841 200
5834 5842 224
5835 5841 224
5835 5842 200
5835 5843 224
5836 5842 224
5836 5843 200
5836 5844 224
5837 5843 224
5837 5844 201
5838 5845 199
5838 5846 223
5839 5845 223
5839 5846 200
5839 5847 223
5840 5846 223
5840 5847 200
5840 5848 223
5841 5847 224
5841 5848 200
5841 5849 224
5842 5848 224
5842 5849 200
5842 5850 224
5843 5849 224
5843 5850 200
5843 5851 224
5844 5850 224
5844 5851 201
5845 5852 199
5845 5853 223
5846 5852 223
5846 5853 199
5846 5854 223
5847 5853 223
5847 5854 200
5847 5855 223
5848 5854 223
5848 5855 200
5848 5856 224
5849 5855 224
5849 5856 200
5849 5857 224
5850 5856 224
5850 5857 201
5850 5858 225
5851 5857 225
5851 5858 201
5852 5859 199
5852 5860 223
5853 5859 223
5853 5860 200
5853 5861 223
5854 5860 223
5854 5861 200
5854 5862 223
5855 5861 223
5855 5862 200
5855 5863 224
5856 5862 224
5856 5863 200
5856 5864 224
5857 5863 224
5857 5864 200
5857 5865 224
5858 5864 224
5858 5865 201
5859 5866 199
5859 5867 223
5860 5866 222
5860 5867 199
5860 5868 223
5861 5867 223
5861 5868 200
5861 5869 223
5862 5868 223
5862 5869 200
5862 5870 224
5863 5869 224
5863 5870 200
5863 5871 224
5864 5870 224
5864 5871 201
5864 5872 225
5865 5871 225
5865 5872 201
5866 5873 199
5866 5874 223
5867 5873 223
5867 5874 199
5867 5875 223
5868 5874 223
5868 5875 200
5868 5876 224
5869 5875 223
5869 5876 200
5869 5877 224
5870 5876 224
5870 5877 200
5870 5878 224
5871 5877 224
5871 5878 200
5871 5879 224
5872 5878 224
5872 5879 201
5873 5880 199
5873 5881 223
5874 5880 223
5874 5881 199
5874 5882 223
5875 5881 223
5875 5882 200
5875 5883 223
5876 5882 224
5876 5883 200
5876 5884 224
5877 5883 224
5877 5884 200
5877 5885 224
5878 5884 224
5878 5885 200
5878 5886 224
5879 5885 224
5879 5886 201
5880 5887 198
5880 5888 222
5881 5887 222
5881 5888 199
5881 5889 223
5882 5888 223
5882 5889 199
5882 5890 223
5883 5889 223
5883 5890 200
5883 5891 224
5884 5890 224
5884 5891 201
5884 5892 224
5885 5891 224
5885 5892 201
5885 5893 225
5886 5892 225
5886 5893 202
5887 5894 199
5887 5895 223
5888 5894 223
5888 5895 199
5888 5896 223
5889 5895 223
5889 5896 200
5889 5897 223
5890 5896 223
5890 5897 200
5890 5898 224
5891 5897 224
5891 5898 200
5891 5899 224
5892 5898 224
5892 5899 201
5892 5900 224
5893 5899 224
5893 5900 201
5894 5901 198
5894 5902 222
5895 5901 222
5895 5902 199
5895 5903 223
5896 5902 223
5896 5903 199
5896 5904 223
5897 5903 223
5897 5904 200
5897 5905 224
5898 5904 224
5898 5905 201
5898 5906 224
5899 5905 224
5899 5906 201
5899 5907 225
5900 5906 225
5900 5907 202
5901 5908 199
5901 5909 223
5902 5908 223
5902 5909 199
5902 5910 223
5903 5909 223
5903 5910 200
5903 5911 224
5904 5910 223
5904 5911 200
5904 5912 224
5905 5911 224
5905 5912 200
5905 5913 224
5906 5912 224
5906 5913 201
5906 5914 224
5907 5913 224
5907 5914 201
5908 5915 199
5908 5916 223
5909 5915 223
5909 5916 199
5909 5917 223
5910 5916 223
5910 5917 200
5910 5918 223
5911 5917 224
5911 5918 200
5911 5919 224
5912 5918 224
5912 5919 200
5912 5920 224
5913 5919 224
5913 5920 201
5913 5921 224
5914 5920 224
5914 5921 201
5915 5922 198
5915 5923 222
5916 5922 222
5916 5923 199
5916 5924 223
5917 5923 223
5917 5924 199
5917 5925 223
5918 5924 223
5918 5925 200
5918 5926 224
5919 5925 224
5919 5926 201
5919 5927 224
5920 5926 224
5920 5927 201
5920 5928 225
5921 5927 225
5921 5928 202
5922 5929 199
5922 5930 223
5923 5929 223
5923 5930 199
5923 5931 223
5924 5930 223
5924 5931 200
5924 5932 223
5925 5931 223
5925 5932 200
5925 5933 224
5926 5932 224
5926 5933 200
5926 5934 224
5927 5933 224
5927 5934 201
5927 5935 224
5928 5934 224
5928 5935 201
5929 5936 198
5929 5937 222
5930 5936 222
5930 5937 199
5930 5938 223
5931 5937 223
5931 5938 199
5931 5939 223
5932 5938 223
5932 5939 200
5932 5940 224
5933 5939 224
5933 5940 201
5933 5941 224
5934 5940 224
5934 5941 201
5934 5942 225
5935 5941 225
5935 5942 202
5936 5943 199
5936 5944 223
5937 5943 223
5937 5944 199
5937 5945 223
5938 5944 223
5938 5945 200
5938 5946 223
5939 5945 223
5939 5946 200
5939 5947 224
5940 5946 224
5940 5947 200
5940 5948 224
5941 5947 224
5941 5948 201
5941 5949 224
5942 5948 224
5942 5949 201
5943 5950 198
5943 5951 222
5944 5950 222
5944 5951 199
5944 5952 223
5945 5951 223
5945 5952 199
5945 5953 223
5946 5952 223
5946 5953 200
5946 5954 224
5947 5953 224
5947 5954 201
5947 5955 225
5948 5954 224
5948 5955 201
5948 5956 225
5949 5955 225
5949 5956 202
5950 5957 199
5950 5958 223
5951 5957 223
5951 5958 199
5951 5959 223
5952 5958 223
5952 5959 200
5952 5960 224
5953 5959 223
5953 5960 200
5953 5961 224
5954 5960 224
5954 5961 200
5954 5962 224
5955 5961 224
5955 5962 201
5955 5963 224
5956 5962 224
5956 5963 201
5957 5964 199
5957 5965 223
5958 5964 223
5958 5965 199
5958 5966 223
5959 5965 223
5959 5966 200
5959 5967 223
5960 5966 223
5960 5967 200
5960 5968 224
5961 5967 224
5961 5968 200
5961 5969 224
5962 5968 224
5962 5969 201
5962 5970 224
5963 5969 224
5963 5970 201
5964 5971 198
5964 5972 222
5965 5971 222
5965 5972 199
5965 5973 223
5966 5972 223
5966 5973 199
5966 5974 223
5967 5973 223
5967 5974 200
5967 5975 224
5968 5974 224
5968 5975 201
5968 5976 224
5969 5975 224
5969 5976 201
5969 5977 225
5970 5976 225
5970 5977 202
5971 5978 199
5971 5979 223
5972 5978 223
5972 5979 199
5972 5980 223
5973 5979 223
5973 5980 200
5973 5981 223
5974 5980 223
5974 5981 200
5974 5982 224
5975 5981 224
5975 5982 200
5975 5983 224
5976 5982 224
5976 5983 201
5976 5984 224
5977 5983 224
5977 5984 201
5978 5985 198
5978 5986 222
5979 5985 222
5979 5986 199
5979 5987 223
5980 5986 223
5980 5987 199
5980 5988 223
5981 5987 223
5981 5988 200
5981 5989 224
5982 5988 224
5982 5989 201
5982 5990 225
5983 5989 224
5983 5990 201
5983 5991 225
5984 5990 225
5984 5991 202
5985 5992 199
5985 5993 223
5986 5992 223
5986 5993 199
5986 5994 223
5987 5993 223
5987 5994 200
5987 5995 223
5988 5994 223
5988 5995 200
5988 5996 224
5989 5995 224
5989 5996 200
5989 5997 224
5990 5996 224
5990 5997 201
5990 5998 224
5991 5997 224
5991 5998 201
5992 5999 199
5992 6000 223
5993 5999 223
5993 6000 199
5993 6001 223
5994 6000 223
5994 6001 200
5994 6002 223
5995 6001 223
5995 6002 200
5995 6003 224
5996 6002 224
5996 6003 200
5996 6004 224
5997 6003 224
5997 6004 201
5997 6005 224
5998 6004 224
5998 6005 201
5999 6006 198
5999 6007 222
6000 6006 222
6000 6007 199
6000 6008 223
6001 6007 223
6001 6008 199
6001 6009 223
6002 6008 223
6002 6009 200
6002 6010 224
6003 6009 224
6003 6010 201
6003 6011 224
6004 6010 225
6004 6011 201
6004 6012 225
6005 6011 225
6005 6012 202
6006 6013 199
6006 6014 223
6007 6013 223
6007 6014 199
6007 6015 223
6008 6014 223
6008 6015 200
6008 6016 223
6009 6015 223
6009 6016 200
6009 6017 224
6010 6016 224
6010 6017 200
6010 6018 224
6011 6017 224
6011 6018 201
6011 6019 224
6012 6018 224
6012 6019 201
6013 6020 198
6013 6021 222
6014 6020 222
6014 6021 199
6014 6022 223
6015 6021 223
6015 6022 199
6015 6023 223
6016 6022 223
6016 6023 200
6016 6024 224
6017 6023 224
6017 6024 201
6017 6025 225
6018 6024 225
6018 6025 201
6018 6026 225
6019 6025 225
6019 6026 202
6020 6027 199
6020 6028 223
6021 6027 223
6021 6028 199
6021 6029 223
6022 6028 223
6022 6029 200
6022 6030 223
6023 6029 223
6023 6030 200
6023 6031 224
6024 6030 224
6024 6031 200
6024 6032 224
6025 6031 224
6025 6032 201
6025 6033 224
6026 6032 224
6026 6033 201
6027 6034 198
6027 6035 222
6028 6034 222
6028 6035 199
6028 6036 223
6029 6035 223
6029 6036 199
6029 6037 223
6030 6036 223
6030 6037 200
6030 6038 224
6031 6037 224
6031 6038 201
6031 6039 225
6032 6038 225
6032 6039 201
6032 6040 225
6033 6039 225
6033 6040 202
6034 6041 199
6034 6042 223
6035 6041 223
6035 6042 199
6035 6043 223
6036 6042 223
6036 6043 200
6036 6044 223
6037 6043 223
6037 6044 200
6037 6045 224
6038 6044 224
6038 6045 200
6038 6046 224
6039 6045 224
6039 6046 201
6039 6047 224
6040 6046 224
6040 6047 201
6041 6048 199
6041 6049 223
6042 6048 223
6042 6049 199
6042 6050 223
6043 6049 223
6043 6050 200
6043 6051 223
6044 6050 223
6044 6051 200
6044 6052 224
6045 6051 224
6045 6052 200
6045 6053 224
6046 6052 224
6046 6053 201
6046 6054 224
6047 6053 225
6047 6054 201
6048 6055 198
6048 6056 222
6049 6055 222
6049 6056 198
6049 6057 222
6050 6056 223
6050 6057 199
6050 6058 223
6051 6057 223
6051 6058 200
6051 6059 224
6052 6058 224
6052 6059 201
6052 6060 225
6053 6059 225
6053 6060 202
6053 6061 225
6054 6060 225
6054 6061 202
6055 6062 199
6055 6063 223
6056 6062 223
6056 6063 199
6056 6064 223
6057 6063 223
6057 6064 200
6057 6065 223
6058 6064 223
6058 6065 200
6058 6066 224
6059 6065 224
6059 6066 200
6059 6067 224
6060 6066 224
6060 6067 201
6060 6068 224
6061 6067 224
6061 6068 201
6062 6069 198
6062 6070 222
6063 6069 222
6063 6070 198
6063 6071 223
6064 6070 223
6064 6071 199
6064 6072 223
6065 6071 223
6065 6072 200
6065 6073 224
6066 6072 224
6066 6073 201
6066 6074 225
6067 6073 225
6067 6074 202
6067 6075 225
6068 6074 225
6068 6075 202
6069 6076 199
6069 6077 223
6070 6076 223
6070 6077 199
6070 6078 223
6071 6077 223
6071 6078 200
6071 6079 223
6072 6078 223
6072 6079 200
6072 6080 224
6073 6079 224
6073 6080 200
6073 6081 224
6074 6080 224
6074 6081 201
6074 6082 224
6075 6081 224
6075 6082 201
6076 6083 198
6076 6084 222
6077 6083 222
6077 6084 198
6077 6085 223
6078 6084 222
6078 6085 199
6078 6086 223
6079 6085 223
6079 6086 200
6079 6087 224
6080 6086 224
6080 6087 201
6080 6088 225
6081 6087 225
6081 6088 202
6081 6089 225
6082 6088 225
6082 6089 202
6083 6090 199
6083 6091 223
6084 6090 223
6084 6091 199
6084 6092 223
6085 6091 223
6085 6092 200
6085 6093 223
6086 6092 223
6086 6093 200
6086 6094 224
6087 6093 224
6087 6094 200
6087 6095 224
6088 6094 224
6088 6095 201
6088 6096 225
6089 6095 224
6089 6096 201
6090 6097 199
6090 6098 223
6091 6097 223
6091 6098 199
6091 6099 223
6092 6098 223
6092 6099 200
6092 6100 223
6093 6099 223
6093 6100 200
6093 6101 224
6094 6100 224
6094 6101 200
6094 6102 224
6095 6101 224
6095 6102 201
6095 6103 224
6096 6102 225
6096 6103 201
6097 6104 198
6097 6105 222
6098 6104 222
6098 6105 198
6098 6106 222
6099 6105 223
6099 6106 199
6099 6107 223
6100 6106 223
6100 6107 200
6100 6108 224
6101 6107 224
6101 6108 201
6101 6109 225
6102 6108 225
6102 6109 202
6102 6110 225
6103 6109 225
6103 6110 202
6104 6111 199
6104 6112 223
6105 6111 223
6105 6112 199
6105 6113 223
6106 6112 223
6106 6113 200
6106 6114 223
6107 6113 223
6107 6114 200
6107 6115 224
6108 6114 224
6108 6115 200
6108 6116 224
6109 6115 224
6109 6116 201
6109 6117 224
6110 6116 224
6110 6117 201
6111 6118 198
6111 6119 222
6112 6118 222
6112 6119 198
6112 6120 223
6113 6119 223
6113 6120 199
6113 6121 223
6114 6120 223
6114 6121 200
6114 6122 224
6115 6121 224
6115 6122 201
6115 6123 225
6116 6122 225
6116 6123 202
6116 6124 225
6117 6123 225
6117 6124 202
6118 6125 199
6118 6126 223
6119 6125 223
6119 6126 199
6119 6127 223
6120 6126 223
6120 6127 200
6120 6128 223
6121 6127 223
6121 6128 200
6121 6129 224
6122 6128 224
6122 6129 200
6122 6130 224
6123 6129 224
6123 6130 201
6123 6131 224
6124 6130 224
6124 6131 201
6125 6132 198
6125 6133 222
6126 6132 222
6126 6133 199
6126 6134 223
6127 6133 223
6127 6134 199
6127 6135 223
6128 6134 223
6128 6135 200
6128 6136 224
6129 6135 224
6129 6136 201
6129 6137 225
6130 6136 225
6130 6137 201
6130 6138 225
6131 6137 225
6131 6138 202
6132 6139 199
6132 6140 223
6133 6139 223
6133 6140 199
6133 6141 223
6134 6140 223
6134 6141 200
6134 6142 223
6135 6141 223
6135 6142 200
6135 6143 224
6136 6142 224
6136 6143 200
6136 6144 224
6137 6143 224
6137 6144 201
6137 6145 224
6138 6144 224
6138 6145 201
6139 6146 199
6139 6147 223
6140 6146 223
6140 6147 199
6140 6148 223
6141 6147 223
6141 6148 200
6141 6149 223
6142 6148 223
6142 6149 200
6142 6150 224
6143 6149 224
6143 6150 200
6143 6151 224
6144 6150 224
6144 6151 201
6144 6152 224
6145 6151 224
6145 6152 201
6146 6153 198
6146 6154 222
6147 6153 222
6147 6154 199
6147 6155 223
6148 6154 223
6148 6155 199
6148 6156 223
6149 6155 223
6149 6156 200
6149 6157 224
6150 6156 224
6150 6157 201
6150 6158 225
6151 6157 225
6151 6158 201
6151 6159 225
6152 6158 225
6152 6159 202
6153 6160 199
6153 6161 223
6154 6160 223
6154 6161 199
6154 6162 223
6155 6161 223
6155 6162 200
6155 6163 223
6156 6162 223
6156 6163 200
6156 6164 224
6157 6163 224
6157 6164 200
6157 6165 224
6158 6164 224
6158 6165 201
6158 6166 224
6159 6165 224
6159 6166 201
6160 6167 198
6160 6168 222
6161 6167 222
6161 6168 199
6161 6169 223
6162 6168 223
6162 6169 199
6162 6170 223
6163 6169 223
6163 6170 200
6163 6171 224
6164 6170 224
6164 6171 201
6164 6172 225
6165 6171 224
6165 6172 201
6165 6173 225
6166 6172 225
6166 6173 202
6167 6174 199
6167 6175 223
6168 6174 223
6168 6175 199
6168 6176 223
6169 6175 223
6169 6176 200
6169 6177 223
6170 6176 223
6170 6177 200
6170 6178 224
6171 6177 224
6171 6178 200
6171 6179 224
6172 6178 224
6172 6179 201
6172 6180 224
6173 6179 224
6173 6180 201
6174 6181 199
6174 6182 223
6175 6181 223
6175 6182 199
6175 6183 223
6176 6182 223
6176 6183 200
6176 6184 223
6177 6183 223
6177 6184 200
6177 6185 224
6178 6184 224
6178 6185 200
6178 6186 224
6179 6185 224
6179 6186 201
6179 6187 224
6180 6186 224
6180 6187 201
6181 6188 198
6181 6189 222
6182 6188 222
6182 6189 199
6182 6190 223
6183 6189 223
6183 6190 199
6183 6191 223
6184 6190 223
6184 6191 200
6184 6192 224
6185 6191 224
6185 6192 201
6185 6193 225
6186 6192 225
6186 6193 201
6186 6194 225
6187 6193 225
6187 6194 202
6188 6195 199
6188 6196 223
6189 6195 223
6189 6196 199
6189 6197 223
6190 6196 223
6190 6197 200
6190 6198 223
6191 6197 223
6191 6198 200
6191 6199 224
6192 6198 224
6192 6199 200
6192 6200 224
6193 6199 224
6193 6200 201
6193 6201 224
6194 6200 224
6194 6201 201
6195 6202 198
6195 6203 222
6196 6202 222
6196 6203 199
6196 6204 223
6197 6203 223
6197 6204 199
6197 6205 223
6198 6204 223
6198 6205 200
6198 6206 224
6199 6205 224
6199 6206 201
6199 6207 225
6200 6206 224
6200 6207 201
6200 6208 225
6201 6207 225
6201 6208 202
6202 6209 199
6202 6210 223
6203 6209 223
6203 6210 199
6203 6211 223
6204 6210 223
6204 6211 200
6204 6212 224
6205 6211 223
6205 6212 200
6205 6213 224
6206 6212 224
6206 6213 200
6206 6214 224
6207 6213 224
6207 6214 201
6207 6215 224
6208 6214 224
6208 6215 201
6209 6216 199
6209 6217 223
6210 6216 223
6210 6217 199
6210 6218 223
6211 6217 223
6211 6218 200
6211 6219 223
6212 6218 223
6212 6219 200
6212 6220 224
6213 6219 224
6213 6220 200
6213 6221 224
6214 6220 224
6214 6221 201
6214 6222 224
6215 6221 224
6215 6222 201
6216 6223 198
6216 6224 222
6217 6223 222
6217 6224 199
6217 6225 223
6218 6224 223
6218 6225 199
6218 6226 223
6219 6225 223
6219 6226 200
6219 6227 224
6220 6226 224
6220 6227 201
6220 6228 224
6221 6227 225
6221 6228 201
6221 6229 225
6222 6228 225
6222 6229 202
6223 6230 199
6223 6231 223
6224 6230 223
6224 6231 199
6224 6232 223
6225 6231 223
6225 6232 200
6225 6233 223
6226 6232 223
6226 6233 200
6226 6234 224
6227 6233 224
6227 6234 200
6227 6235 224
6228 6234 224
6228 6235 201
6228 6236 224
6229 6235 224
6229 6236 201
6230 6237 199
6230 6238 223
6231 6237 223
6231 6238 199
6231 6239 223
6232 6238 223
6232 6239 200
6232 6240 223
6233 6239 224
6233 6240 200
6233 6241 224
6234 6240 224
6234 6241 200
6234 6242 224
6235 6241 224
6235 6242 201
6235 6243 224
6236 6242 224
6236 6243 201
6237 6244 198
6237 6245 222
6238 6244 222
6238 6245 199
6238 6246 223
6239 6245 223
6239 6246 199
6239 6247 223
6240 6246 223
6240 6247 200
6240 6248 224
6241 6247 224
6241 6248 201
6241 6249 224
6242 6248 225
6242 6249 201
6242 6250 225
6243 6249 225
6243 6250 202
6244 6251 199
6244 6252 223
6245 6251 223
6245 6252 199
6245 6253 223
6246 6252 223
6246 6253 200
6246 6254 223
6247 6253 223
6247 6254 200
6247 6255 224
6248 6254 224
6248 6255 200
6248 6256 224
6249 6255 224
6249 6256 201
6249 6257 224
6250 6256 224
6250 6257 201
6251 6258 198
6251 6259 222
6252 6258 222
6252 6259 199
6252 6260 223
6253 6259 223
6253 6260 199
6253 6261 223
6254 6260 223
6254 6261 200
6254 6262 224
6255 6261 224
6255 6262 201
6255 6263 224
6256 6262 224
6256 6263 201
6256 6264 225
6257 6263 225
6257 6264 202
6258 6265 199
6258 6266 223
6259 6265 223
6259 6266 199
6259 6267 223
6260 6266 223
6260 6267 200
6260 6268 223
6261 6267 223
6261 6268 200
6261 6269 224
6262 6268 224
6262 6269 200
6262 6270 224
6263 6269 224
6263 6270 201
6263 6271 224
6264 6270 224
6264 6271 201
6265 6272 199
6265 6273 223
6266 6272 223
6266 6273 199
6266 6274 223
6267 6273 223
6267 6274 200
6267 6275 223
6268 6274 224
6268 6275 200
6268 6276 224
6269 6275 224
6269 6276 200
6269 6277 224
6270 6276 224
6270 6277 201
6270 6278 224
6271 6277 224
6271 6278 201
6272 6279 198
6272 6280 222
6273 6279 222
6273 6280 199
6273 6281 223
6274 6280 223
6274 6281 199
6274 6282 223
6275 6281 223
6275 6282 200
6275 6283 224
6276 6282 224
6276 6283 201
6276 6284 224
6277 6283 225
6277 6284 201
6277 6285 225
6278 6284 225
6278 6285 202
6279 6286 199
6279 6287 223
6280 6286 223
6280 6287 199
6280 6288 223
6281 6287 223
6281 6288 200
6281 6289 223
6282 6288 223
6282 6289 200
6282 6290 224
6283 6289 224
6283 6290 200
6283 6291 224
6284 6290 224
6284 6291 201
6284 6292 224
6285 6291 224
6285 6292 201
6286 6293 198
6286 6294 222
6287 6293 222
6287 6294 199
6287 6295 223
6288 6294 223
6288 6295 199
6288 6296 223
6289 6295 223
6289 6296 200
6289 6297 224
6290 6296 224
6290 6297 201
6290 6298 224
6291 6297 224
6291 6298 201
6291 6299 225
6292 6298 225
6292 6299 202
6293 6300 199
6293 6301 223
6294 6300 223
6294 6301 199
6294 6302 223
6295 6301 223
6295 6302 200
6295 6303 223
6296 6302 223
6296 6303 200
6296 6304 224
6297 6303 224
6297 6304 200
6297 6305 224
6298 6304 224
6298 6305 201
6298 6306 224
6299 6305 224
6299 6306 201
6300 6307 199
6300 6308 223
6301 6307 223
6301 6308 199
6301 6309 223
6302 6308 223
6302 6309 200
6302 6310 223
6303 6309 224
6303 6310 200
6303 6311 224
6304 6310 224
6304 6311 200
6304 6312 224
6305 6311 224
6305 6312 201
6305 6313 224
6306 6312 224
6306 6313 201
6307 6314 198
6307 6315 222
6308 6314 222
6308 6315 199
6308 6316 223
6309 6315 223
6309 6316 199
6309 6317 223
6310 6316 223
6310 6317 200
6310 6318 224
6311 6317 224
6311 6318 201
6311 6319 224
6312 6318 225
6312 6319 201
6312 6320 225
6313 6319 225
6313 6320 202
6314 6321 199
6314 6322 223
6315 6321 223
6315 6322 199
6315 6323 223
6316 6322 223
6316 6323 200
6316 6324 223
6317 6323 223
6317 6324 200
6317 6325 224
6318 6324 224
6318 6325 200
6318 6326 224
6319 6325 224
6319 6326 201
6319 6327 224
6320 6326 224
6320 6327 201
6321 6328 198
6321 6329 222
6322 6328 222
6322 6329 199
6322 6330 223
6323 6329 223
6323 6330 199
6323 6331 223
6324 6330 223
6324 6331 200
6324 6332 224
6325 6331 224
6325 6332 201
6325 6333 224
6326 6332 224
6326 6333 201
6326 6334 225
6327 6333 225
6327 6334 202
6328 6335 199
6328 6336 223
6329 6335 223
6329 6336 199
6329 6337 223
6330 6336 223
6330 6337 200
6330 6338 223
6331 6337 223
6331 6338 200
6331 6339 224
6332 6338 224
6332 6339 200
6332 6340 224
6333 6339 224
6333 6340 201
6333 6341 224
6334 6340 224
6334 6341 201
6335 6342 199
6335 6343 223
6336 6342 223
6336 6343 199
6336 6344 223
6337 6343 223
6337 6344 200
6337 6345 223
6338 6344 224
6338 6345 200
6338 6346 224
6339 6345 224
6339 6346 200
6339 6347 224
6340 6346 224
6340 6347 201
6340 6348 224
6341 6347 224
6341 6348 201
6342 6349 198
6342 6350 222
6343 6349 222
6343 6350 199
6343 6351 223
6344 6350 223
6344 6351 199
6344 6352 223
6345 6351 223
6345 6352 200
6345 6353 224
6346 6352 224
6346 6353 201
6346 6354 224
6347 6353 225
6347 6354 201
6347 6355 225
6348 6354 225
6348 6355 202
6349 6356 199
6349 6357 223
6350 6356 223
6350 6357 199
6350 6358 223
6351 6357 223
6351 6358 200
6351 6359 223
6352 6358 223
6352 6359 200
6352 6360 224
6353 6359 224
6353 6360 200
6353 6361 224
6354 6360 224
6354 6361 201
6354 6362 224
6355 6361 224
6355 6362 201
6356 6363 198
6356 6364 222
6357 6363 222
6357 6364 199
6357 6365 223
6358 6364 223
6358 6365 199
6358 6366 223
6359 6365 223
6359 6366 200
6359 6367 224
6360 6366 224
6360 6367 201
6360 6368 224
6361 6367 224
6361 6368 201
6361 6369 225
6362 6368 225
6362 6369 202
6363 6370 199
6363 6371 223
6364 6370 223
6364 6371 199
6364 6372 223
6365 6371 223
6365 6372 200
6365 6373 223
6366 6372 223
6366 6373 200
6366 6374 224
6367 6373 224
6367 6374 200
6367 6375 224
6368 6374 224
6368 6375 201
6368 6376 224
6369 6375 224
6369 6376 201
6370 6377 198
6370 6378 222
6371 6377 222
6371 6378 199
6371 6379 223
6372 6378 223
6372 6379 199
6372 6380 223
6373 6379 223
6373 6380 200
6373 6381 224
6374 6380 224
6374 6381 201
6374 6382 225
6375 6381 224
6375 6382 201
6375 6383 225
6376 6382 225
6376 6383 202
6377 6384 199
6377 6385 223
6378 6384 223
6378 6385 199
6378 6386 223
6379 6385 223
6379 6386 200
6379 6387 224
6380 6386 223
6380 6387 200
6380 6388 224
6381 6387 224
6381 6388 200
6381 6389 224
6382 6388 224
6382 6389 201
6382 6390 224
6383 6389 224
6383 6390 201
6384 6391 199
6384 6392 223
6385 6391 223
6385 6392 199
6385 6393 223
6386 6392 223
6386 6393 200
6386 6394 223
6387 6393 223
6387 6394 200
6387 6395 224
6388 6394 224
6388 6395 200
6388 6396 224
6389 6395 224
6389 6396 201
6389 6397 224
6390 6396 224
6390 6397 201
6391 6398 198
6391 6399 222
6392 6398 222
6392 6399 199
6392 6400 223
6393 6399 223
6393 6400 199
6393 6401 223
6394 6400 223
6394 6401 200
6394 6402 224
6395 6401 224
6395 6402 201
6395 6403 224
6396 6402 224
6396 6403 201
6396 6404 225
6397 6403 225
6397 6404 202
6398 6405 199
6398 6406 223
6399 6405 223
6399 6406 199
6399 6407 223
6400 6406 223
6400 6407 200
6400 6408 223
6401 6407 223
6401 6408 200
6401 6409 224
6402 6408 224
6402 6409 200
6402 6410 224
6403 6409 224
6403 6410 201
6403 6411 224
6404 6410 224
6404 6411 201
6405 6412 198
6405 6413 222
6406 6412 222
6406 6413 198
6406 6414 223
6407 6413 223
6407 6414 199
6407 6415 223
6408 6414 223
6408 6415 200
6408 6416 224
6409 6415 224
6409 6416 201
6409 6417 225
6410 6416 225
6410 6417 201
6410 6418 225
6411 6417 225
6411 6418 202
6412 6419 199
6412 6420 223
6413 6419 223
6413 6420 199
6413 6421 223
6414 6420 223
6414 6421 200
6414 6422 223
6415 6421 223
6415 6422 200
6415 6423 224
6416 6422 224
6416 6423 200
6416 6424 224
6417 6423 224
6417 6424 201
6417 6425 224
6418 6424 224
6418 6425 201
6419 6426 199
6419 6427 223
6420 6426 223
6420 6427 199
6420 6428 223
6421 6427 223
6421 6428 200
6421 6429 223
6422 6428 223
6422 6429 200
6422 6430 224
6423 6429 224
6423 6430 200
6423 6431 224
6424 6430 224
6424 6431 201
6424 6432 224
6425 6431 224
6425 6432 201
6426 6433 198
6426 6434 222
6427 6433 222
6427 6434 199
6427 6435 223
6428 6434 223
6428 6435 199
6428 6436 223
6429 6435 223
6429 6436 200
6429 6437 224
6430 6436 224
6430 6437 201
6430 6438 224
6431 6437 225
6431 6438 201
6431 6439 225
6432 6438 225
6432 6439 202
6433 6440 199
6433 6441 223
6434 6440 223
6434 6441 199
6434 6442 223
6435 6441 223
6435 6442 200
6435 6443 223
6436 6442 223
6436 6443 200
6436 6444 224
6437 6443 224
6437 6444 200
6437 6445 224
6438 6444 224
6438 6445 201
6438 6446 224
6439 6445 224
6439 6446 201
6440 6447 198
6440 6448 222
6441 6447 222
6441 6448 199
6441 6449 223
6442 6448 223
6442 6449 199
6442 6450 223
6443 6449 223
6443 6450 200
6443 6451 224
6444 6450 224
6444 6451 201
6444 6452 225
6445 6451 225
6445 6452 201
6445 6453 225
6446 6452 225
6446 6453 202
6447 6454 199
6447 6455 223
6448 6454 223
6448 6455 199
6448 6456 223
6449 6455 223
6449 6456 200
6449 6457 223
6450 6456 223
6450 6457 200
6450 6458 224
6451 6457 224
6451 6458 200
6451 6459 224
6452 6458 224
6452 6459 201
6452 6460 224
6453 6459 224
6453 6460 201
6454 6461 198
6454 6462 222
6455 6461 222
6455 6462 199
6455 6463 223
6456 6462 223
6456 6463 199
6456 6464 223
6457 6463 223
6457 6464 200
6457 6465 224
6458 6464 224
6458 6465 201
6458 6466 225
6459 6465 225
6459 6466 201
6459 6467 225
6460 6466 225
6460 6467 202
6461 6468 199
6461 6469 223
6462 6468 223
6462 6469 199
6462 6470 223
6463 6469 223
6463 6470 200
6463 6471 223
6464 6470 223
6464 6471 200
6464 6472 224
6465 6471 224
6465 6472 200
6465 6473 224
6466 6472 224
6466 6473 201
6466 6474 224
6467 6473 224
6467 6474 201
6468 6475 199
6468 6476 223
6469 6475 223
6469 6476 199
6469 6477 223
6470 6476 223
6470 6477 200
6470 6478 223
6471 6477 224
6471 6478 200
6471 6479 224
6472 6478 224
6472 6479 200
6472 6480 224
6473 6479 224
6473 6480 201
6473 6481 224
6474 6480 224
6474 6481 201
6475 6482 198
6475 6483 222
6476 6482 222
6476 6483 199
6476 6484 223
6477 6483 223
6477 6484 199
6477 6485 223
6478 6484 223
6478 6485 200
6478 6486 224
6479 6485 224
6479 6486 201
6479 6487 224
6480 6486 225
6480 6487 201
6480 6488 225
6481 6487 225
6481 6488 202
6482 6489 199
6482 6490 223
6483 6489 223
6483 6490 199
6483 6491 223
6484 6490 223
6484 6491 200
6484 6492 223
6485 6491 223
6485 6492 200
6485 6493 224
6486 6492 224
6486 6493 200
6486 6494 224
6487 6493 224
6487 6494 201
6487 6495 224
6488 6494 224
6488 6495 201
6489 6496 198
6489 6497 222
6490 6496 222
6490 6497 199
6490 6498 223
6491 6497 223
6491 6498 199
6491 6499 223
6492 6498 223
6492 6499 200
6492 6500 224
6493 6499 224
6493 6500 201
6493 6501 224
6494 6500 225
6494 6501 201
6494 6502 225
6495 6501 225
6495 6502 202
6496 6503 199
6496 6504 223
6497 6503 223
6497 6504 199
6497 6505 223
6498 6504 223
6498 6505 200
6498 6506 223
6499 6505 223
6499 6506 200
6499 6507 224
6500 6506 224
6500 6507 200
6500 6508 224
6501 6507 224
6501 6508 201
6501 6509 224
6502 6508 224
6502 6509 201
6503 6510 198
6503 6511 222
6504 6510 222
6504 6511 199
6504 6512 223
6505 6511 223
6505 6512 199
6505 6513 223
6506 6512 223
6506 6513 200
6506 6514 224
6507 6513 224
6507 6514 201
6507 6515 225
6508 6514 224
6508 6515 201
6508 6516 225
6509 6515 225
6509 6516 202
6510 6517 199
6510 6518 223
6511 6517 223
6511 6518 199
6511 6519 223
6512 6518 223
6512 6519 200
6512 6520 223
6513 6519 223
6513 6520 200
6513 6521 224
6514 6520 224
6514 6521 200
6514 6522 224
6515 6521 224
6515 6522 201
6515 6523 224
6516 6522 224
6516 6523 201
6517 6524 198
6517 6525 222
6518 6524 222
6518 6525 199
6518 6526 223
6519 6525 223
6519 6526 199
6519 6527 223
6520 6526 223
6520 6527 200
6520 6528 224
6521 6527 224
6521 6528 201
6521 6529 225
6522 6528 224
6522 6529 201
6522 6530 225
6523 6529 225
6523 6530 202
6524 6531 199
6524 6532 223
6525 6531 223
6525 6532 199
6525 6533 223
6526 6532 223
6526 6533 200
6526 6534 224
6527 6533 223
6527 6534 200
6527 6535 224
6528 6534 224
6528 6535 200
6528 6536 224
6529 6535 224
6529 6536 201
6529 6537 224
6530 6536 224
6530 6537 201
6531 6538 199
6531 6539 223
6532 6538 223
6532 6539 199
6532 6540 223
6533 6539 223
6533 6540 200
6533 6541 223
6534 6540 223
6534 6541 200
6534 6542 224
6535 6541 224
6535 6542 200
6535 6543 224
6536 6542 224
6536 6543 201
6536 6544 224
6537 6543 224
6537 6544 201
6538 6545 198
6538 6546 222
6539 6545 222
6539 6546 199
6539 6547 223
6540 6546 223
6540 6547 199
6540 6548 223
6541 6547 223
6541 6548 200
6541 6549 224
6542 6548 224
6542 6549 201
6542 6550 224
6543 6549 224
6543 6550 201
6543 6551 225
6544 6550 225
6544 6551 202
6545 6552 199
6545 6553 223
6546 6552 223
6546 6553 199
6546 6554 223
6547 6553 223
6547 6554 200
6547 6555 223
6548 6554 223
6548 6555 200
6548 6556 224
6549 6555 224
6549 6556 200
6549 6557 224
6550 6556 224
6550 6557 201
6550 6558 224
6551 6557 224
6551 6558 201
6552 6559 198
6552 6560 222
6553 6559 222
6553 6560 199
6553 6561 223
6554 6560 223
6554 6561 199
6554 6562 223
6555 6561 223
6555 6562 200
6555 6563 224
6556 6562 224
6556 6563 201
6556 6564 224
6557 6563 224
6557 6564 201
6557 6565 225
6558 6564 225
6558 6565 202
6559 6566 199
6559 6567 223
6560 6566 223
6560 6567 199
6560 6568 223
6561 6567 223
6561 6568 200
6561 6569 223
6562 6568 223
6562 6569 200
6562 6570 224
6563 6569 224
6563 6570 200
6563 6571 224
6564 6570 224
6564 6571 201
6564 6572 224
6565 6571 224
6565 6572 201
6566 6573 198
6566 6574 222
6567 6573 222
6567 6574 199
6567 6575 223
6568 6574 223
6568 6575 199
6568 6576 223
6569 6575 223
6569 6576 200
6569 6577 224
6570 6576 224
6570 6577 201
6570 6578 224
6571 6577 224
6571 6578 201
6571 6579 225
6572 6578 225
6572 6579 202
6573 6580 199
6573 6581 223
6574 6580 223
6574 6581 199
6574 6582 223
6575 6581 223
6575 6582 200
6575 6583 224
6576 6582 223
6576 6583 200
6576 6584 224
6577 6583 224
6577 6584 200
6577 6585 224
6578 6584 224
6578 6585 201
6578 6586 224
6579 6585 224
6579 6586 201
6580 6587 199
6580 6588 223
6581 6587 223
6581 6588 199
6581 6589 223
6582 6588 223
6582 6589 200
6582 6590 223
6583 6589 224
6583 6590 200
6583 6591 224
6584 6590 224
6584 6591 200
6584 6592 224
6585 6591 224
6585 6592 201
6585 6593 224
6586 6592 224
6586 6593 201
6587 6594 198
6587 6595 222
6588 6594 222
6588 6595 199
6588 6596 223
6589 6595 223
6589 6596 199
6589 6597 223
6590 6596 223
6590 6597 200
6590 6598 224
6591 6597 224
6591 6598 201
6591 6599 224
6592 6598 224
6592 6599 201
6592 6600 225
6593 6599 225
6593 6600 202
6594 6601 199
6594 6602 223
6595 6601 223
6595 6602 199
6595 6603 223
6596 6602 223
6596 6603 200
6596 6604 223
6597 6603 223
6597 6604 200
6597 6605 224
6598 6604 224
6598 6605 200
6598 6606 224
6599 6605 224
6599 6606 201
6599 6607 224
6600 6606 224
6600 6607 201
6601 6608 198
6601 6609 222
6602 6608 222
6602 6609 199
6602 6610 223
6603 6609 223
6603 6610 199
6603 6611 223
6604 6610 223
6604 6611 200
6604 6612 224
6605 6611 224
6605 6612 201
6605 6613 224
6606 6612 224
6606 6613 201
6606 6614 225
6607 6613 225
6607 6614 202
6608 6615 199
6608 6616 223
6609 6615 223
6609 6616 199
6609 6617 223
6610 6616 223
6610 6617 200
6610 6618 223
6611 6617 223
6611 6618 200
6611 6619 224
6612 6618 224
6612 6619 200
6612 6620 224
6613 6619 224
6613 6620 201
6613 6621 224
6614 6620 224
6614 6621 201
6615 6622 198
6615 6623 222
6616 6622 222
6616 6623 199
6616 6624 223
6617 6623 223
6617 6624 199
6617 6625 223
6618 6624 223
6618 6625 200
6618 6626 224
6619 6625 224
6619 6626 201
6619 6627 224
6620 6626 224
6620 6627 201
6620 6628 225
6621 6627 225
6621 6628 202
6622 6629 199
6622 6630 223
6623 6629 223
6623 6630 199
6623 6631 223
6624 6630 223
6624 6631 200
6624 6632 224
6625 6631 223
6625 6632 200
6625 6633 224
6626 6632 224
6626 6633 200
6626 6634 224
6627 6633 224
6627 6634 201
6627 6635 224
6628 6634 224
6628 6635 201
6629 6636 199
6629 6637 223
6630 6636 223
6630 6637 199
6630 6638 223
6631 6637 223
6631 6638 200
6631 6639 223
6632 6638 224
6632 6639 200
6632 6640 224
6633 6639 224
6633 6640 200
6633 6641 224
6634 6640 224
6634 6641 201
6634 6642 224
6635 6641 224
6635 6642 201
6636 6643 198
6636 6644 222
6637 6643 222
6637 6644 199
6637 6645 223
6638 6644 223
6638 6645 199
6638 6646 223
6639 6645 223
6639 6646 200
6639 6647 224
6640 6646 224
6640 6647 201
6640 6648 224
6641 6647 224
6641 6648 201
6641 6649 225
6642 6648 225
6642 6649 202
6643 6650 199
6643 6651 223
6644 6650 223
6644 6651 199
6644 6652 223
6645 6651 223
6645 6652 200
6645 6653 223
6646 6652 223
6646 6653 200
6646 6654 224
6647 6653 224
6647 6654 200
6647 6655 224
6648 6654 224
6648 6655 201
6648 6656 224
6649 6655 224
6649 6656 201
6650 6657 198
6650 6658 222
6651 6657 222
6651 6658 199
6651 6659 223
6652 6658 223
6652 6659 199
6652 6660 223
6653 6659 223
6653 6660 200
6653 6661 224
6654 6660 224
6654 6661 201
6654 6662 224
6655 6661 224
6655 6662 201
6655 6663 225
6656 6662 225
6656 6663 202
6657 6664 199
6657 6665 223
6658 6664 223
6658 6665 199
6658 6666 223
6659 6665 223
6659 6666 200
6659 6667 223
6660 6666 223
6660 6667 200
6660 6668 224
6661 6667 224
6661 6668 200
6661 6669 224
6662 6668 224
6662 6669 200
6662 6670 224
6663 6669 224
6663 6670 201
6664 6671 198
6664 6672 223
6665 6671 222
6665 6672 199
6665 6673 223
6666 6672 223
6666 6673 199
6666 6674 223
6667 6673 223
6667 6674 200
6667 6675 224
6668 6674 224
6668 6675 200
6668 6676 224
6669 6675 224
6669 6676 201
6669 6677 225
6670 6676 225
6670 6677 201
6671 6678 199
6671 6679 223
6672 6678 223
6672 6679 199
6672 6680 223
6673 6679 223
6673 6680 200
6673 6681 224
6674 6680 223
6674 6681 200
6674 6682 224
6675 6681 224
6675 6682 200
6675 6683 224
6676 6682 224
6676 6683 200
6676 6684 224
6677 6683 224
6677 6684 201
6678 6685 199
6678 6686 223
6679 6685 223
6679 6686 199
6679 6687 223
6680 6686 223
6680 6687 200
6680 6688 223
6681 6687 224
6681 6688 200
6681 6689 224
6682 6688 224
6682 6689 200
6682 6690 224
6683 6689 224
6683 6690 200
6683 6691 224
6684 6690 224
6684 6691 201
6685 6692 199
6685 6693 222
6686 6692 223
6686 6693 199
6686 6694 223
6687 6693 223
6687 6694 200
6687 6695 223
6688 6694 223
6688 6695 200
6688 6696 224
6689 6695 224
6689 6696 200
6689 6697 224
6690 6696 224
6690 6697 201
6690 6698 225
6691 6697 225
6691 6698 201
6692 6699 199
6692 6700 223
6693 6699 223
6693 6700 199
6693 6701 223
6694 6700 223
6694 6701 200
6694 6702 223
6695 6701 223
6695 6702 200
6695 6703 224
6696 6702 224
6696 6703 200
6696 6704 224
6697 6703 224
6697 6704 201
6697 6705 224
6698 6704 224
6698 6705 201
6699 6706 198
6699 6707 222
6700 6706 222
6700 6707 198
6700 6708 223
6701 6707 223
6701 6708 199
6701 6709 223
6702 6708 223
6702 6709 200
6702 6710 224
6703 6709 224
6703 6710 201
6703 6711 225
6704 6710 225
6704 6711 202
6704 6712 225
6705 6711 225
6705 6712 202
6706 6713 199
6706 6714 223
6707 6713 223
6707 6714 199
6707 6715 223
6708 6714 223
6708 6715 200
6708 6716 223
6709 6715 223
6709 6716 200
6709 6717 224
6710 6716 224
6710 6717 200
6710 6718 224
6711 6717 224
6711 6718 201
6711 6719 224
6712 6718 224
6712 6719 201
6713 6720 198
6713 6721 222
6714 6720 222
6714 6721 199
6714 6722 223
6715 6721 223
6715 6722 199
6715 6723 223
6716 6722 223
6716 6723 200
6716 6724 224
6717 6723 224
6717 6724 201
6717 6725 225
6718 6724 225
6718 6725 201
6718 6726 225
6719 6725 225
6719 6726 202
6720 6727 199
6720 6728 223
6721 6727 223
6721 6728 199
6721 6729 223
6722 6728 223
6722 6729 200
6722 6730 223
6723 6729 223
6723 6730 200
6723 6731 224
6724 6730 224
6724 6731 200
6724 6732 224
6725 6731 224
6725 6732 201
6725 6733 224
6726 6732 224
6726 6733 201
6727 6734 199
6727 6735 223
6728 6734 223
6728 6735 199
6728 6736 223
6729 6735 223
6729 6736 200
6729 6737 223
6730 6736 223
6730 6737 200
6730 6738 224
6731 6737 224
6731 6738 200
6731 6739 224
6732 6738 224
6732 6739 201
6732 6740 224
6733 6739 224
6733 6740 201
6734 6741 198
6734 6742 222
6735 6741 222
6735 6742 199
6735 6743 223
6736 6742 223
6736 6743 199
6736 6744 223
6737 6743 223
6737 6744 200
6737 6745 224
6738 6744 224
6738 6745 201
6738 6746 224
6739 6745 225
6739 6746 201
6739 6747 225
6740 6746 225
6740 6747 202
6741 6748 199
6741 6749 223
6742 6748 223
6742 6749 199
6742 6750 223
6743 6749 223
6743 6750 200
6743 6751 223
6744 6750 223
6744 6751 200
6744 6752 224
6745 6751 224
6745 6752 200
6745 6753 224
6746 6752 224
6746 6753 201
6746 6754 224
6747 6753 224
6747 6754 201
6748 6755 198
6748 6756 222
6749 6755 222
6749 6756 199
6749 6757 223
6750 6756 223
6750 6757 199
6750 6758 223
6751 6757 223
6751 6758 200
6751 6759 224
6752 6758 224
6752 6759 201
6752 6760 225
6753 6759 224
6753 6760 201
6753 6761 225
6754 6760 225
6754 6761 202
6755 6762 199
6755 6763 223
6756 6762 223
6756 6763 199
6756 6764 223
6757 6763 223
6757 6764 200
6757 6765 224
6758 6764 223
6758 6765 200
6758 6766 224
6759 6765 224
6759 6766 200
6759 6767 224
6760 6766 224
6760 6767 201
6760 6768 224
6761 6767 224
6761 6768 201
6762 6769 199
6762 6770 223
6763 6769 223
6763 6770 199
6763 6771 223
6764 6770 223
6764 6771 200
6764 6772 223
6765 6771 223
6765 6772 200
6765 6773 224
6766 6772 224
6766 6773 200
6766 6774 224
6767 6773 224
6767 6774 201
6767 6775 224
6768 6774 224
6768 6775 201
6769 6776 198
6769 6777 222
6770 6776 222
6770 6777 199
6770 6778 223
6771 6777 223
6771 6778 199
6771 6779 223
6772 6778 223
6772 6779 200
6772 6780 224
6773 6779 224
6773 6780 201
6773 6781 224
6774 6780 224
6774 6781 201
6774 6782 225
6775 6781 225
6775 6782 202
6776 6783 199
6776 6784 223
6777 6783 223
6777 6784 199
6777 6785 223
6778 6784 223
6778 6785 200
6778 6786 223
6779 6785 223
6779 6786 200
6779 6787 224
6780 6786 224
6780 6787 200
6780 6788 224
6781 6787 224
6781 6788 201
6781 6789 224
6782 6788 224
6782 6789 201
6783 6790 198
6783 6791 222
6784 6790 222
6784 6791 199
6784 6792 223
6785 6791 223
6785 6792 199
6785 6793 223
6786 6792 223
6786 6793 200
6786 6794 224
6787 6793 224
6787 6794 201
6787 6795 224
6788 6794 224
6788 6795 201
6788 6796 225
6789 6795 225
6789 6796 202
6790 6797 199
6790 6798 223
6791 6797 223
6791 6798 199
6791 6799 223
6792 6798 223
6792 6799 200
6792 6800 224
6793 6799 223
6793 6800 200
6793 6801 224
6794 6800 224
6794 6801 200
6794 6802 224
6795 6801 224
6795 6802 201
6795 6803 224
6796 6802 224
6796 6803 201
6797 6804 199
6797 6805 223
6798 6804 223
6798 6805 199
6798 6806 223
6799 6805 223
6799 6806 200
6799 6807 223
6800 6806 223
6800 6807 200
6800 6808 224
6801 6807 224
6801 6808 200
6801 6809 224
6802 6808 224
6802 6809 201
6802 6810 224
6803 6809 224
6803 6810 201
6804 6811 198
6804 6812 222
6805 6811 222
6805 6812 199
6805 6813 223
6806 6812 223
6806 6813 199
6806 6814 223
6807 6813 223
6807 6814 200
6807 6815 224
6808 6814 224
6808 6815 201
6808 6816 224
6809 6815 224
6809 6816 201
6809 6817 225
6810 6816 225
6810 6817 202
6811 6818 199
6811 6819 223
6812 6818 223
6812 6819 199
6812 6820 223
6813 6819 223
6813 6820 200
6813 6821 224
6814 6820 223
6814 6821 200
6814 6822 224
6815 6821 224
6815 6822 200
6815 6823 224
6816 6822 224
6816 6823 200
6816 6824 224
6817 6823 224
6817 6824 201
6818 6825 199
6818 6826 223
6819 6825 223
6819 6826 199
6819 6827 223
6820 6826 223
6820 6827 200
6820 6828 223
6821 6827 224
6821 6828 200
6821 6829 224
6822 6828 224
6822 6829 200
6822 6830 224
6823 6829 224
6823 6830 200
6823 6831 224
6824 6830 224
6824 6831 201
6825 6832 199
6825 6833 222
6826 6832 223
6826 6833 199
6826 6834 223
6827 6833 223
6827 6834 200
6827 6835 223
6828 6834 223
6828 6835 200
6828 6836 224
6829 6835 224
6829 6836 200
6829 6837 224
6830 6836 224
6830 6837 201
6830 6838 225
6831 6837 225
6831 6838 201
6832 6839 199
6832 6840 223
6833 6839 223
6833 6840 200
6833 6841 223
6834 6840 223
6834 6841 200
6834 6842 223
6835 6841 223
6835 6842 200
6835 6843 224
6836 6842 224
6836 6843 200
6836 6844 224
6837 6843 224
6837 6844 200
6837 6845 224
6838 6844 224
6838 6845 201
6839 6846 199
6839 6847 223
6840 6846 223
6840 6847 199
6840 6848 223
6841 6847 223
6841 6848 200
6841 6849 223
6842 6848 223
6842 6849 200
6842 6850 224
6843 6849 224
6843 6850 200
6843 6851 224
6844 6850 224
6844 6851 201
6844 6852 225
6845 6851 225
6845 6852 201
6846 6853 199
6846 6854 223
6847 6853 223
6847 6854 200
6847 6855 223
6848 6854 223
6848 6855 200
6848 6856 224
6849 6855 223
6849 6856 200
6849 6857 224
6850 6856 224
6850 6857 200
6850 6858 224
6851 6857 224
6851 6858 200
6851 6859 224
6852 6858 224
6852 6859 201
6853 6860 199
6853 6861 223
6854 6860 223
6854 6861 200
6854 6862 223
6855 6861 223
6855 6862 200
6855 6863 223
6856 6862 224
6856 6863 200
6856 6864 224
6857 6863 224
6857 6864 200
6857 6865 224
6858 6864 224
6858 6865 200
6858 6866 224
6859 6865 224
6859 6866 201
6860 6867 199
6860 6868 223
6861 6867 223
6861 6868 199
6861 6869 223
6862 6868 223
6862 6869 200
6862 6870 223
6863 6869 223
6863 6870 200
6863 6871 224
6864 6870 224
6864 6871 200
6864 6872 224
6865 6871 224
6865 6872 201
6865 6873 225
6866 6872 225
6866 6873 201
6867 6874 199
6867 6875 223
6868 6874 223
6868 6875 200
6868 6876 223
6869 6875 223
6869 6876 200
6869 6877 224
6870 6876 223
6870 6877 200
6870 6878 224
6871 6877 224
6871 6878 200
6871 6879 224
6872 6878 224
6872 6879 200
6872 6880 224
6873 6879 224
6873 6880 201
6874 6881 199
6874 6882 223
6875 6881 223
6875 6882 199
6875 6883 223
6876 6882 223
6876 6883 200
6876 6884 223
6877 6883 223
6877 6884 200
6877 6885 224
6878 6884 224
6878 6885 200
6878 6886 224
6879 6885 224
6879 6886 201
6879 6887 225
6880 6886 224
6880 6887 201
6881 6888 199
6881 6889 223
6882 6888 223
6882 6889 200
6882 6890 223
6883 6889 223
6883 6890 200
6883 6891 224
6884 6890 223
6884 6891 200
6884 6892 224
6885 6891 224
6885 6892 200
6885 6893 224
6886 6892 224
6886 6893 200
6886 6894 224
6887 6893 224
6887 6894 201
6888 6895 199
6888 6896 223
6889 6895 223
6889 6896 200
6889 6897 223
6890 6896 223
6890 6897 200
6890 6898 223
6891 6897 224
6891 6898 200
6891 6899 224
6892 6898 224
6892 6899 200
6892 6900 224
6893 6899 224
6893 6900 200
6893 6901 224
6894 6900 224
6894 6901 201
6895 6902 199
6895 6903 223
6896 6902 223
6896 6903 199
6896 6904 223
6897 6903 223
6897 6904 200
6897 6905 223
6898 6904 223
6898 6905 200
6898 6906 224
6899 6905 224
6899 6906 200
6899 6907 224
6900 6906 224
6900 6907 201
6900 6908 224
6901 6907 224
6901 6908 201
6902 6909 199
6902 6910 223
6903 6909 223
6903 6910 200
6903 6911 223
6904 6910 223
6904 6911 200
6904 6912 224
6905 6911 224
6905 6912 200
6905 6913 224
6906 6912 224
6906 6913 200
6906 6914 224
6907 6913 224
6907 6914 200
6907 6915 224
6908 6914 224
6908 6915 201
6909 6916 199
6909 6917 223
6910 6916 223
6910 6917 199
6910 6918 223
6911 6917 223
6911 6918 200
6911 6919 223
6912 6918 223
6912 6919 200
6912 6920 224
6913 6919 224
6913 6920 200
6913 6921 224
6914 6920 224
6914 6921 201
6914 6922 224
6915 6921 224
6915 6922 201
6916 6923 199
6916 6924 223
6917 6923 223
6917 6924 200
6917 6925 223
6918 6924 223
6918 6925 200
6918 6926 224
6919 6925 223
6919 6926 200
6919 6927 224
6920 6926 224
6920 6927 200
6920 6928 224
6921 6927 224
6921 6928 200
6921 6929 224
6922 6928 224
6922 6929 200
6923 6930 200
6923 6931 223
6924 6930 223
6924 6931 200
6924 6932 223
6925 6931 223
6925 6932 200
6925 6933 224
6926 6932 224
6926 6933 200
6926 6934 224
6927 6933 224
6927 6934 200
6927 6935 224
6928 6934 224
6928 6935 200
6928 6936 224
6929 6935 224
6929 6936 200
6930 6937 199
6930 6938 223
6931 6937 223
6931 6938 199
6931 6939 223
6932 6938 223
6932 6939 200
6932 6940 223
6933 6939 223
6933 6940 200
6933 6941 224
6934 6940 224
6934 6941 200
6934 6942 224
6935 6941 224
6935 6942 201
6935 6943 224
6936 6942 224
6936 6943 201
6937 6944 200
6937 6945 223
6938 6944 223
6938 6945 200
6938 6946 223
6939 6945 223
6939 6946 200
6939 6947 224
6940 6946 224
6940 6947 200
6940 6948 224
6941 6947 224
6941 6948 200
6941 6949 224
6942 6948 224
6942 6949 200
6942 6950 224
6943 6949 224
6943 6950 200
6944 6951 199
6944 6952 223
6945 6951 223
6945 6952 199
6945 6953 223
6946 6952 223
6946 6953 200
6946 6954 223
6947 6953 223
6947 6954 200
6947 6955 224
6948 6954 224
6948 6955 200
6948 6956 224
6949 6955 224
6949 6956 201
6949 6957 224
6950 6956 224
6950 6957 201
6951 6958 200
6951 6959 223
6952 6958 223
6952 6959 200
6952 6960 223
6953 6959 223
6953 6960 200
6953 6961 224
6954 6960 224
6954 6961 200
6954 6962 224
6955 6961 224
6955 6962 200
6955 6963 224
6956 6962 224
6956 6963 200
6956 6964 224
6957 6963 224
6957 6964 200
6958 6965 199
6958 6966 223
6959 6965 223
6959 6966 199
6959 6967 223
6960 6966 223
6960 6967 200
6960 6968 223
6961 6967 223
6961 6968 200
6961 6969 224
6962 6968 224
6962 6969 200
6962 6970 224
6963 6969 224
6963 6970 201
6963 6971 224
6964 6970 224
6964 6971 201
6965 6972 200
6965 6973 223
6966 6972 223
6966 6973 200
6966 6974 223
6967 6973 223
6967 6974 200
6967 6975 224
6968 6974 224
6968 6975 200
6968 6976 224
6969 6975 224
6969 6976 200
6969 6977 224
6970 6976 224
6970 6977 200
6970 6978 224
6971 6977 224
6971 6978 200
6972 6979 199
6972 6980 223
6973 6979 223
6973 6980 199
6973 6981 223
6974 6980 223
6974 6981 200
6974 6982 224
6975 6981 223
6975 6982 200
6975 6983 224
6976 6982 224
6976 6983 200
6976 6984 224
6977 6983 224
6977 6984 200
6977 6985 224
6978 6984 224
6978 6985 201
6979 6986 200
6979 6987 223
6980 6986 223
6980 6987 200
6980 6988 223
6981 6987 223
6981 6988 200
6981 6989 224
6982 6988 224
6982 6989 200
6982 6990 224
6983 6989 224
6983 6990 200
6983 6991 224
6984 6990 224
6984 6991 200
6984 6992 224
6985 6991 224
6985 6992 200
6986 6993 199
6986 6994 223
6987 6993 223
6987 6994 200
6987 6995 223
6988 6994 223
6988 6995 200
6988 6996 224
6989 6995 223
6989 6996 200
6989 6997 224
6990 6996 224
6990 6997 200
6990 6998 224
6991 6997 224
6991 6998 200
6991 6999 224
6992 6998 224
6992 6999 201
6993 7000 200
6993 7001 223
6994 7000 223
6994 7001 200
6994 7002 223
6995 7001 223
6995 7002 200
6995 7003 224
6996 7002 224
6996 7003 200
6996 7004 224
6997 7003 224
6997 7004 200
6997 7005 224
6998 7004 224
6998 7005 200
6998 7006 224
6999 7005 224
6999 7006 200
7000 7007 199
7000 7008 223
7001 7007 223
7001 7008 200
7001 7009 223
7002 7008 223
7002 7009 200
7002 7010 224
7003 7009 223
7003 7010 200
7003 7011 224
7004 7010 224
7004 7011 200
7004 7012 224
7005 7011 224
7005 7012 200
7005 7013 224
7006 7012 224
7006 7013 201
7007 7014 200
7007 7015 223
7008 7014 223
7008 7015 200
7008 7016 223
7009 7015 223
7009 7016 200
7009 7017 224
7010 7016 224
7010 7017 200
7010 7018 224
7011 7017 224
7011 7018 200
7011 7019 224
7012 7018 224
7012 7019 200
7012 7020 224
7013 7019 224
7013 7020 200
7014 7021 199
7014 7022 223
7015 7021 223
7015 7022 200
7015 7023 223
7016 7022 223
7016 7023 200
7016 7024 224
7017 7023 223
7017 7024 200
7017 7025 224
7018 7024 224
7018 7025 200
7018 7026 224
7019 7025 224
7019 7026 200
7019 7027 224
7020 7026 224
7020 7027 201
7021 7028 200
7021 7029 223
7022 7028 223
7022 7029 200
7022 7030 223
7023 7029 223
7023 7030 200
7023 7031 224
7024 7030 224
7024 7031 200
7024 7032 224
7025 7031 224
7025 7032 200
7025 7033 224
7026 7032 224
7026 7033 200
7026 7034 224
7027 7033 224
7027 7034 200
7028 7035 199
7028 7036 223
7029 7035 223
7029 7036 199
7029 7037 223
7030 7036 223
7030 7037 200
7030 7038 223
7031 7037 223
7031 7038 200
7031 7039 224
7032 7038 224
7032 7039 200
7032 7040 224
7033 7039 224
7033 7040 201
7033 7041 224
7034 7040 224
7034 7041 201
7035 7042 200
7035 7043 223
7036 7042 223
7036 7043 200
7036 7044 223
7037 7043 223
7037 7044 200
7037 7045 224
7038 7044 224
7038 7045 200
7038 7046 224
7039 7045 224
7039 7046 200
7039 7047 224
7040 7046 224
7040 7047 200
7040 7048 224
7041 7047 224
7041 7048 200
7042 7049 199
7042 7050 223
7043 7049 223
7043 7050 199
7043 7051 223
7044 7050 223
7044 7051 200
7044 7052 223
7045 7051 223
7045 7052 200
7045 7053 224
7046 7052 224
7046 7053 200
7046 7054 224
7047 7053 224
7047 7054 201
7047 7055 224
7048 7054 224
7048 7055 201
7049 7056 199
7049 7057 223
7050 7056 223
7050 7057 200
7050 7058 223
7051 7057 223
7051 7058 200
7051 7059 224
7052 7058 224
7052 7059 200
7052 7060 224
7053 7059 224
7053 7060 200
7053 7061 224
7054 7060 224
7054 7061 200
7054 7062 224
7055 7061 224
7055 7062 201
7056 7063 199
7056 7064 223
7057 7063 223
7057 7064 199
7057 7065 223
7058 7064 223
7058 7065 200
7058 7066 223
7059 7065 223
7059 7066 200
7059 7067 224
7060 7066 224
7060 7067 200
7060 7068 224
7061 7067 224
7061 7068 201
7061 7069 224
7062 7068 224
7062 7069 201
7063 7070 199
7063 7071 223
7064 7070 223
7064 7071 199
7064 7072 223
7065 7071 223
7065 7072 200
7065 7073 223
7066 7072 223
7066 7073 200
7066 7074 224
7067 7073 224
7067 7074 200
7067 7075 224
7068 7074 224
7068 7075 201
7068 7076 225
7069 7075 224
7069 7076 201
7070 7077 199
7070 7078 223
7071 7077 223
7071 7078 200
7071 7079 223
7072 7078 223
7072 7079 200
7072 7080 224
7073 7079 223
7073 7080 200
7073 7081 224
7074 7080 224
7074 7081 200
7074 7082 224
7075 7081 224
7075 7082 200
7075 7083 224
7076 7082 224
7076 7083 201
7077 7084 199
7077 7085 223
7078 7084 223
7078 7085 199
7078 7086 223
7079 7085 223
7079 7086 200
7079 7087 223
7080 7086 223
7080 7087 200
7080 7088 224
7081 7087 224
7081 7088 200
7081 7089 224
7082 7088 224
7082 7089 201
7082 7090 225
7083 7089 225
7083 7090 201
7084 7091 199
7084 7092 223
7085 7091 223
7085 7092 200
7085 7093 223
7086 7092 223
7086 7093 200
7086 7094 223
7087 7093 224
7087 7094 200
7087 7095 224
7088 7094 224
7088 7095 200
7088 7096 224
7089 7095 224
7089 7096 200
7089 7097 224
7090 7096 224
7090 7097 201
7091 7098 199
7091 7099 222
7092 7098 223
7092 7099 199
7092 7100 223
7093 7099 223
7093 7100 200
7093 7101 223
7094 7100 223
7094 7101 200
7094 7102 224
7095 7101 224
7095 7102 200
7095 7103 224
7096 7102 224
7096 7103 201
7096 7104 225
7097 7103 225
7097 7104 201
7098 7105 198
7098 7106 223
7099 7105 222
7099 7106 199
7099 7107 223
7100 7106 223
7100 7107 199
7100 7108 223
7101 7107 223
7101 7108 200
7101 7109 224
7102 7108 224
7102 7109 200
7102 7110 224
7103 7109 224
7103 7110 201
7103 7111 225
7104 7110 225
7104 7111 202
7105 7112 199
7105 7113 223
7106 7112 223
7106 7113 199
7106 7114 223
7107 7113 223
7107 7114 200
7107 7115 223
7108 7114 223
7108 7115 200
7108 7116 224
7109 7115 224
7109 7116 200
7109 7117 224
7110 7116 224
7110 7117 201
7110 7118 224
7111 7117 224
7111 7118 201
7112 7119 198
7112 7120 222
7113 7119 222
7113 7120 199
7113 7121 223
7114 7120 223
7114 7121 199
7114 7122 223
7115 7121 223
7115 7122 200
7115 7123 224
7116 7122 224
7116 7123 201
7116 7124 224
7117 7123 224
7117 7124 201
7117 7125 225
7118 7124 225
7118 7125 202
7119 7126 199
7119 7127 223
7120 7126 223
7120 7127 199
7120 7128 223
7121 7127 223
7121 7128 200
7121 7129 223
7122 7128 223
7122 7129 200
7122 7130 224
7123 7129 224
7123 7130 200
7123 7131 224
7124 7130 224
7124 7131 201
7124 7132 224
7125 7131 224
7125 7132 201
7126 7133 198
7126 7134 222
7127 7133 222
7127 7134 199
7127 7135 223
7128 7134 223
7128 7135 199
7128 7136 223
7129 7135 223
7129 7136 200
7129 7137 224
7130 7136 224
7130 7137 201
7130 7138 224
7131 7137 224
7131 7138 201
7131 7139 225
7132 7138 225
7132 7139 202
7133 7140 198
7133 7141 222
7134 7140 222
7134 7141 199
7134 7142 223
7135 7141 223
7135 7142 199
7135 7143 223
7136 7142 223
7136 7143 200
7136 7144 224
7137 7143 224
7137 7144 201
7137 7145 224
7138 7144 224
7138 7145 201
7138 7146 225
7139 7145 225
7139 7146 202
7140 7147 199
7140 7148 223
7141 7147 223
7141 7148 199
7141 7149 223
7142 7148 223
7142 7149 200
7142 7150 223
7143 7149 223
7143 7150 200
7143 7151 224
7144 7150 224
7144 7151 200
7144 7152 224
7145 7151 224
7145 7152 201
7145 7153 224
7146 7152 224
7146 7153 201
7147 7154 198
7147 7155 222
7148 7154 222
7148 7155 199
7148 7156 223
7149 7155 223
7149 7156 199
7149 7157 223
7150 7156 223
7150 7157 200
7150 7158 224
7151 7157 224
7151 7158 201
7151 7159 224
7152 7158 225
7152 7159 201
7152 7160 225
7153 7159 225
7153 7160 202
7154 7161 198
7154 7162 222
7155 7161 222
7155 7162 199
7155 7163 223
7156 7162 223
7156 7163 199
7156 7164 223
7157 7163 223
7157 7164 200
7157 7165 224
7158 7164 224
7158 7165 201
7158 7166 225
7159 7165 224
7159 7166 201
7159 7167 225
7160 7166 225
7160 7167 202
7161 7168 199
7161 7169 223
7162 7168 223
7162 7169 199
7162 7170 223
7163 7169 223
7163 7170 200
7163 7171 223
7164 7170 223
7164 7171 200
7164 7172 224
7165 7171 224
7165 7172 200
7165 7173 224
7166 7172 224
7166 7173 201
7166 7174 224
7167 7173 224
7167 7174 201
7168 7175 198
7168 7176 222
7169 7175 222
7169 7176 199
7169 7177 223
7170 7176 223
7170 7177 199
7170 7178 223
7171 7177 223
7171 7178 200
7171 7179 224
7172 7178 224
7172 7179 201
7172 7180 225
7173 7179 225
7173 7180 201
7173 7181 225
7174 7180 225
7174 7181 202
7175 7182 198
7175 7183 222
7176 7182 222
7176 7183 199
7176 7184 223
7177 7183 222
7177 7184 199
7177 7185 223
7178 7184 223
7178 7185 200
7178 7186 224
7179 7185 224
7179 7186 201
7179 7187 225
7180 7186 224
7180 7187 201
7180 7188 225
7181 7187 225
7181 7188 202
7182 7189 199
7182 7190 223
7183 7189 223
7183 7190 199
7183 7191 223
7184 7190 223
7184 7191 200
7184 7192 223
7185 7191 223
7185 7192 200
7185 7193 224
7186 7192 224
7186 7193 200
7186 7194 224
7187 7193 224
7187 7194 201
7187 7195 224
7188 7194 224
7188 7195 201
7189 7196 198
7189 7197 222
7190 7196 222
7190 7197 198
7190 7198 223
7191 7197 223
7191 7198 199
7191 7199 223
7192 7198 223
7192 7199 200
7192 7200 224
7193 7199 224
7193 7200 201
7193 7201 225
7194 7200 225
7194 7201 202
7194 7202 225
7195 7201 225
7195 7202 202
7196 7203 199
7196 7204 223
7197 7203 223
7197 7204 199
7197 7205 223
7198 7204 223
7198 7205 200
7198 7206 223
7199 7205 223
7199 7206 200
7199 7207 224
7200 7206 224
7200 7207 200
7200 7208 224
7201 7207 224
7201 7208 201
7201 7209 224
7202 7208 224
7202 7209 201
7203 7210 198
7203 7211 222
7204 7210 222
7204 7211 198
7204 7212 222
7205 7211 223
7205 7212 199
7205 7213 223
7206 7212 223
7206 7213 200
7206 7214 224
7207 7213 224
7207 7214 201
7207 7215 225
7208 7214 225
7208 7215 202
7208 7216 225
7209 7215 225
7209 7216 202
7210 7217 198
7210 7218 222
7211 7217 222
7211 7218 198
7211 7219 223
7212 7218 222
7212 7219 199
7212 7220 223
7213 7219 223
7213 7220 200
7213 7221 224
7214 7220 224
7214 7221 201
7214 7222 225
7215 7221 225
7215 7222 202
7215 7223 225
7216 7222 225
7216 7223 202
7217 7224 199
7217 7225 223
7218 7224 223
7218 7225 199
7218 7226 223
7219 7225 223
7219 7226 200
7219 7227 223
7220 7226 223
7220 7227 200
7220 7228 224
7221 7227 224
7221 7228 200
7221 7229 224
7222 7228 224
7222 7229 201
7222 7230 225
7223 7229 225
7223 7230 201
7224 7231 197
7224 7232 222
7225 7231 222
7225 7232 198
7225 7233 222
7226 7232 223
7226 7233 199
7226 7234 223
7227 7233 223
7227 7234 200
7227 7235 224
7228 7234 224
7228 7235 201
7228 7236 225
7229 7235 225
7229 7236 202
7229 7237 225
7230 7236 226
7230 7237 203
7231 7238 197
7231 7239 222
7232 7238 222
7232 7239 198
7232 7240 223
7233 7239 222
7233 7240 199
7233 7241 223
7234 7240 223
7234 7241 200
7234 7242 224
7235 7241 224
7235 7242 201
7235 7243 225
7236 7242 225
7236 7243 202
7236 7244 226
7237 7243 225
7237 7244 203
7238 7245 199
7238 7246 223
7239 7245 223
7239 7246 199
7239 7247 223
7240 7246 223
7240 7247 200
7240 7248 223
7241 7247 223
7241 7248 200
7241 7249 224
7242 7248 224
7242 7249 200
7242 7250 224
7243 7249 224
7243 7250 201
7243 7251 225
7244 7250 225
7244 7251 201
7245 7252 197
7245 7253 222
7246 7252 222
7246 7253 198
7246 7254 222
7247 7253 222
7247 7254 199
7247 7255 223
7248 7254 223
7248 7255 200
7248 7256 224
7249 7255 224
7249 7256 201
7249 7257 225
7250 7256 225
7250 7257 202
7250 7258 226
7251 7257 226
7251 7258 203
7252 7259 199
7252 7260 223
7253 7259 223
7253 7260 199
7253 7261 223
7254 7260 223
7254 7261 200
7254 7262 223
7255 7261 223
7255 7262 200
7255 7263 224
7256 7262 224
7256 7263 200
7256 7264 224
7257 7263 224
7257 7264 201
7257 7265 224
7258 7264 224
7258 7265 201
7259 7266 198
7259 7267 222
7260 7266 222
7260 7267 199
7260 7268 223
7261 7267 223
7261 7268 199
7261 7269 223
7262 7268 223
7262 7269 200
7262 7270 224
7263 7269 224
7263 7270 201
7263 7271 224
7264 7270 224
7264 7271 201
7264 7272 225
7265 7271 225
7265 7272 202
7266 7273 198
7266 7274 222
7267 7273 222
7267 7274 199
7267 7275 223
7268 7274 223
7268 7275 199
7268 7276 223
7269 7275 223
7269 7276 200
7269 7277 224
7270 7276 224
7270 7277 201
7270 7278 224
7271 7277 224
7271 7278 201
7271 7279 225
7272 7278 225
7272 7279 202
7273 7280 199
7273 7281 223
7274 7280 223
7274 7281 199
7274 7282 223
7275 7281 223
7275 7282 200
7275 7283 223
7276 7282 223
7276 7283 200
7276 7284 224
7277 7283 224
7277 7284 200
7277 7285 224
7278 7284 224
7278 7285 201
7278 7286 224
7279 7285 224
7279 7286 201
7280 7287 198
7280 7288 222
7281 7287 222
7281 7288 199
7281 7289 223
7282 7288 223
7282 7289 199
7282 7290 223
7283 7289 223
7283 7290 200
7283 7291 224
7284 7290 224
7284 7291 201
7284 7292 224
7285 7291 224
7285 7292 201
7285 7293 225
7286 7292 225
7286 7293 202
7287 7294 199
7287 7295 223
7288 7294 223
7288 7295 199
7288 7296 223
7289 7295 223
7289 7296 200
7289 7297 223
7290 7296 223
7290 7297 200
7290 7298 224
7291 7297 224
7291 7298 200
7291 7299 224
7292 7298 224
7292 7299 201
7292 7300 224
7293 7299 224
7293 7300 201
7294 7301 198
7294 7302 222
7295 7301 222
7295 7302 199
7295 7303 223
7296 7302 223
7296 7303 199
7296 7304 223
7297 7303 223
7297 7304 200
7297 7305 224
7298 7304 224
7298 7305 201
7298 7306 224
7299 7305 224
7299 7306 201
7299 7307 225
7300 7306 225
7300 7307 202
7301 7308 198
7301 7309 222
7302 7308 222
7302 7309 199
7302 7310 223
7303 7309 223
7303 7310 199
7303 7311 223
7304 7310 223
7304 7311 200
7304 7312 224
7305 7311 224
7305 7312 201
7305 7313 225
7306 7312 224
7306 7313 201
7306 7314 225
7307 7313 225
7307 7314 202
7308 7315 199
7308 7316 223
7309 7315 223
7309 7316 199
7309 7317 223
7310 7316 223
7310 7317 200
7310 7318 223
7311 7317 223
7311 7318 200
7311 7319 224
7312 7318 224
7312 7319 200
7312 7320 224
7313 7319 224
7313 7320 201
7313 7321 224
7314 7320 224
7314 7321 201
7315 7322 198
7315 7323 222
7316 7322 222
7316 7323 199
7316 7324 223
7317 7323 223
7317 7324 199
7317 7325 223
7318 7324 223
7318 7325 200
7318 7326 224
7319 7325 224
7319 7326 201
7319 7327 224
7320 7326 224
7320 7327 201
7320 7328 225
7321 7327 225
7321 7328 202
7322 7329 199
7322 7330 223
7323 7329 223
7323 7330 199
7323 7331 223
7324 7330 223
7324 7331 200
7324 7332 223
7325 7331 223
7325 7332 200
7325 7333 224
7326 7332 224
7326 7333 200
7326 7334 224
7327 7333 224
7327 7334 201
7327 7335 224
7328 7334 224
7328 7335 201
7329 7336 198
7329 7337 222
7330 7336 222
7330 7337 199
7330 7338 223
7331 7337 223
7331 7338 199
7331 7339 223
7332 7338 223
7332 7339 200
7332 7340 224
7333 7339 224
7333 7340 201
7333 7341 224
7334 7340 225
7334 7341 201
7334 7342 225
7335 7341 225
7335 7342 202
7336 7343 199
7336 7344 223
7337 7343 223
7337 7344 199
7337 7345 223
7338 7344 223
7338 7345 200
7338 7346 223
7339 7345 223
7339 7346 200
7339 7347 224
7340 7346 224
7340 7347 200
7340 7348 224
7341 7347 224
7341 7348 201
7341 7349 224
7342 7348 224
7342 7349 201
7343 7350 198
7343 7351 222
7344 7350 222
7344 7351 199
7344 7352 223
7345 7351 223
7345 7352 199
7345 7353 223
7346 7352 223
7346 7353 200
7346 7354 224
7347 7353 224
7347 7354 201
7347 7355 224
7348 7354 225
7348 7355 201
7348 7356 225
7349 7355 225
7349 7356 202
7350 7357 198
7350 7358 222
7351 7357 222
7351 7358 199
7351 7359 223
7352 7358 223
7352 7359 199
7352 7360 223
7353 7359 223
7353 7360 200
7353 7361 224
7354 7360 224
7354 7361 201
7354 7362 225
7355 7361 224
7355 7362 201
7355 7363 225
7356 7362 225
7356 7363 202
7357 7364 199
7357 7365 223
7358 7364 223
7358 7365 199
7358 7366 223
7359 7365 223
7359 7366 200
7359 7367 223
7360 7366 223
7360 7367 200
7360 7368 224
7361 7367 224
7361 7368 200
7361 7369 224
7362 7368 224
7362 7369 201
7362 7370 224
7363 7369 224
7363 7370 201
7364 7371 198
7364 7372 222
7365 7371 222
7365 7372 199
7365 7373 223
7366 7372 223
7366 7373 199
7366 7374 223
7367 7373 223
7367 7374 200
7367 7375 224
7368 7374 224
7368 7375 201
7368 7376 225
7369 7375 225
7369 7376 201
7369 7377 225
7370 7376 225
7370 7377 202
7371 7378 199
7371 7379 223
7372 7378 223
7372 7379 199
7372 7380 223
7373 7379 223
7373 7380 200
7373 7381 223
7374 7380 223
7374 7381 200
7374 7382 224
7375 7381 224
7375 7382 200
7375 7383 224
7376 7382 224
7376 7383 201
7376 7384 224
7377 7383 224
7377 7384 201
7378 7385 198
7378 7386 222
7379 7385 222
7379 7386 198
7379 7387 223
7380 7386 223
7380 7387 199
7380 7388 223
7381 7387 223
7381 7388 200
7381 7389 224
7382 7388 224
7382 7389 201
7382 7390 225
7383 7389 225
7383 7390 201
7383 7391 225
7384 7390 225
7384 7391 202
7385 7392 198
7385 7393 222
7386 7392 222
7386 7393 198
7386 7394 223
7387 7393 222
7387 7394 199
7387 7395 223
7388 7394 223
7388 7395 200
7388 7396 224
7389 7395 224
7389 7396 201
7389 7397 225
7390 7396 225
7390 7397 202
7390 7398 225
7391 7397 225
7391 7398 202
7392 7399 199
7392 7400 223
7393 7399 223
7393 7400 199
7393 7401 223
7394 7400 223
7394 7401 200
7394 7402 223
7395 7401 223
7395 7402 200
7395 7403 224
7396 7402 224
7396 7403 200
7396 7404 224
7397 7403 224
7397 7404 201
7397 7405 225
7398 7404 224
7398 7405 201
7399 7406 198
7399 7407 222
7400 7406 222
7400 7407 198
7400 7408 223
7401 7407 222
7401 7408 199
7401 7409 223
7402 7408 223
7402 7409 200
7402 7410 224
7403 7409 224
7403 7410 201
7403 7411 225
7404 7410 225
7404 7411 202
7404 7412 225
7405 7411 225
7405 7412 202
7406 7413 199
7406 7414 223
7407 7413 223
7407 7414 199
7407 7415 223
7408 7414 223
7408 7415 200
7408 7416 223
7409 7415 223
7409 7416 200
7409 7417 224
7410 7416 224
7410 7417 200
7410 7418 224
7411 7417 224
7411 7418 201
7411 7419 225
7412 7418 225
7412 7419 201
7413 7420 197
7413 7421 222
7414 7420 222
7414 7421 198
7414 7422 222
7415 7421 223
7415 7422 199
7415 7423 223
7416 7422 223
7416 7423 200
7416 7424 224
7417 7423 224
7417 7424 201
7417 7425 225
7418 7424 225
7418 7425 202
7418 7426 225
7419 7425 225
7419 7426 202
7420 7427 199
7420 7428 223
7421 7427 223
7421 7428 199
7421 7429 223
7422 7428 223
7422 7429 200
7422 7430 223
7423 7429 223
7423 7430 200
7423 7431 224
7424 7430 224
7424 7431 200
7424 7432 224
7425 7431 224
7425 7432 201
7425 7433 225
7426 7432 225
7426 7433 201
7427 7434 197
7427 7435 222
7428 7434 222
7428 7435 198
7428 7436 222
7429 7435 223
7429 7436 199
7429 7437 223
7430 7436 223
7430 7437 200
7430 7438 224
7431 7437 224
7431 7438 201
7431 7439 225
7432 7438 225
7432 7439 202
7432 7440 225
7433 7439 226
7433 7440 203
7434 7441 197
7434 7442 222
7435 7441 222
7435 7442 198
7435 7443 222
7436 7442 222
7436 7443 199
7436 7444 223
7437 7443 223
7437 7444 200
7437 7445 224
7438 7444 224
7438 7445 201
7438 7446 225
7439 7445 225
7439 7446 202
7439 7447 226
7440 7446 226
7440 7447 203
7441 7448 199
7441 7449 223
7442 7448 223
7442 7449 199
7442 7450 223
7443 7449 223
7443 7450 200
7443 7451 223
7444 7450 223
7444 7451 200
7444 7452 224
7445 7451 224
7445 7452 200
7445 7453 224
7446 7452 224
7446 7453 201
7446 7454 225
7447 7453 225
7447 7454 201
7448 7455 197
7448 7456 221
7449 7455 222
7449 7456 198
7449 7457 222
7450 7456 222
7450 7457 199
7450 7458 223
7451 7457 223
7451 7458 200
7451 7459 224
7452 7458 224
7452 7459 201
7452 7460 225
7453 7459 225
7453 7460 202
7453 7461 226
7454 7460 226
7454 7461 203
7455 7462 199
7455 7463 222
7456 7462 223
7456 7463 199
7456 7464 223
7457 7463 223
7457 7464 200
7457 7465 223
7458 7464 223
7458 7465 200
7458 7466 224
7459 7465 224
7459 7466 200
7459 7467 224
7460 7466 224
7460 7467 201
7460 7468 225
7461 7467 225
7461 7468 201
7462 7469 197
7462 7470 221
7463 7469 222
7463 7470 198
7463 7471 222
7464 7470 222
7464 7471 199
7464 7472 223
7465 7471 223
7465 7472 200
7465 7473 224
7466 7472 224
7466 7473 201
7466 7474 225
7467 7473 225
7467 7474 202
7467 7475 226
7468 7474 226
7468 7475 203
7469 7476 197
7469 7477 221
7470 7476 221
7470 7477 198
7470 7478 222
7471 7477 222
7471 7478 199
7471 7479 223
7472 7478 223
7472 7479 200
7472 7480 224
7473 7479 224
7473 7480 201
7473 7481 225
7474 7480 225
7474 7481 202
7474 7482 226
7475 7481 226
7475 7482 203
7476 7483 198
7476 7484 222
7477 7483 222
7477 7484 199
7477 7485 223
7478 7484 223
7478 7485 199
7478 7486 223
7479 7485 223
7479 7486 200
7479 7487 224
7480 7486 224
7480 7487 200
7480 7488 224
7481 7487 224
7481 7488 201
7481 7489 225
7482 7488 225
7482 7489 202
7483 7490 197
7483 7491 221
7484 7490 221
7484 7491 198
7484 7492 222
7485 7491 222
7485 7492 199
7485 7493 223
7486 7492 223
7486 7493 200
7486 7494 224
7487 7493 224
7487 7494 201
7487 7495 225
7488 7494 225
7488 7495 202
7488 7496 226
7489 7495 226
7489 7496 203
7490 7497 197
7490 7498 221
7491 7497 221
7491 7498 198
7491 7499 222
7492 7498 222
7492 7499 199
7492 7500 223
7493 7499 223
7493 7500 200
7493 7501 224
7494 7500 224
7494 7501 201
7494 7502 225
7495 7501 225
7495 7502 202
7495 7503 226
7496 7502 226
7496 7503 203
7497 7504 198
7497 7505 222
7498 7504 222
7498 7505 199
7498 7506 223
7499 7505 223
7499 7506 199
7499 7507 223
7500 7506 223
7500 7507 200
7500 7508 224
7501 7507 224
7501 7508 201
7501 7509 224
7502 7508 224
7502 7509 201
7502 7510 225
7503 7509 225
7503 7510 202
7504 7511 197
7504 7512 221
7505 7511 221
7505 7512 198
7505 7513 222
7506 7512 222
7506 7513 199
7506 7514 223
7507 7513 223
7507 7514 200
7507 7515 224
7508 7514 224
7508 7515 201
7508 7516 225
7509 7515 225
7509 7516 202
7509 7517 226
7510 7516 226
7510 7517 203
7511 7518 197
7511 7519 221
7512 7518 221
7512 7519 198
7512 7520 222
7513 7519 222
7513 7520 199
7513 7521 223
7514 7520 223
7514 7521 200
7514 7522 224
7515 7521 224
7515 7522 201
7515 7523 225
7516 7522 225
7516 7523 202
7516 7524 226
7517 7523 226
7517 7524 203
7518 7525 199
7518 7526 223
7519 7525 223
7519 7526 199
7519 7527 223
7520 7526 223
7520 7527 200
7520 7528 223
7521 7527 223
7521 7528 200
7521 7529 224
7522 7528 224
7522 7529 200
7522 7530 224
7523 7529 224
7523 7530 201
7523 7531 225
7524 7530 225
7524 7531 201
7525 7532 197
7525 7533 222
7526 7532 222
7526 7533 198
7526 7534 222
7527 7533 222
7527 7534 199
7527 7535 223
7528 7534 223
7528 7535 200
7528 7536 224
7529 7535 224
7529 7536 201
7529 7537 225
7530 7536 225
7530 7537 202
7530 7538 226
7531 7537 226
7531 7538 203
7532 7539 199
7532 7540 223
7533 7539 223
7533 7540 199
7533 7541 223
7534 7540 223
7534 7541 200
7534 7542 223
7535 7541 223
7535 7542 200
7535 7543 224
7536 7542 224
7536 7543 200
7536 7544 224
7537 7543 224
7537 7544 201
7537 7545 225
7538 7544 225
7538 7545 201
7539 7546 197
7539 7547 221
7540 7546 222
7540 7547 198
7540 7548 222
7541 7547 223
7541 7548 199
7541 7549 223
7542 7548 223
7542 7549 200
7542 7550 224
7543 7549 224
7543 7550 201
7543 7551 225
7544 7550 225
7544 7551 202
7544 7552 225
7545 7551 226
7545 7552 203
7546 7553 197
7546 7554 222
7547 7553 222
7547 7554 198
7547 7555 222
7548 7554 222
7548 7555 199
7548 7556 223
7549 7555 223
7549 7556 200
7549 7557 224
7550 7556 224
7550 7557 201
7550 7558 225
7551 7557 225
7551 7558 202
7551 7559 226
7552 7558 226
7552 7559 203
7553 7560 199
7553 7561 223
7554 7560 223
7554 7561 199
7554 7562 223
7555 7561 223
7555 7562 200
7555 7563 223
7556 7562 223
7556 7563 200
7556 7564 224
7557 7563 224
7557 7564 200
7557 7565 224
7558 7564 224
7558 7565 201
7558 7566 225
7559 7565 225
7559 7566 201
7560 7567 197
7560 7568 222
7561 7567 222
7561 7568 198
7561 7569 222
7562 7568 222
7562 7569 199
7562 7570 223
7563 7569 223
7563 7570 200
7563 7571 224
7564 7570 224
7564 7571 201
7564 7572 225
7565 7571 225
7565 7572 202
7565 7573 226
7566 7572 226
7566 7573 203
7567 7574 199
7567 7575 223
7568 7574 223
7568 7575 199
7568 7576 223
7569 7575 223
7569 7576 200
7569 7577 223
7570 7576 223
7570 7577 200
7570 7578 224
7571 7577 224
7571 7578 200
7571 7579 224
7572 7578 224
7572 7579 201
7572 7580 225
7573 7579 225
7573 7580 201
7574 7581 197
7574 7582 221
7575 7581 222
7575 7582 198
7575 7583 222
7576 7582 223
7576 7583 199
7576 7584 223
7577 7583 223
7577 7584 200
7577 7585 224
7578 7584 224
7578 7585 201
7578 7586 225
7579 7585 225
7579 7586 202
7579 7587 225
7580 7586 226
7580 7587 203
7581 7588 197
7581 7589 222
7582 7588 222
7582 7589 198
7582 7590 222
7583 7589 222
7583 7590 199
7583 7591 223
7584 7590 223
7584 7591 200
7584 7592 224
7585 7591 224
7585 7592 201
7585 7593 225
7586 7592 225
7586 7593 202
7586 7594 226
7587 7593 226
7587 7594 203
7588 7595 199
7588 7596 223
7589 7595 223
7589 7596 199
7589 7597 223
7590 7596 223
7590 7597 200
7590 7598 223
7591 7597 223
7591 7598 200
7591 7599 224
7592 7598 224
7592 7599 200
7592 7600 224
7593 7599 224
7593 7600 201
7593 7601 225
7594 7600 225
7594 7601 201
7595 7602 197
7595 7603 222
7596 7602 222
7596 7603 198
7596 7604 222
7597 7603 222
7597 7604 199
7597 7605 223
7598 7604 223
7598 7605 200
7598 7606 224
7599 7605 224
7599 7606 201
7599 7607 225
7600 7606 225
7600 7607 202
7600 7608 226
7601 7607 226
7601 7608 203
7602 7609 199
7602 7610 223
7603 7609 223
7603 7610 199
7603 7611 223
7604 7610 223
7604 7611 200
7604 7612 223
7605 7611 223
7605 7612 200
7605 7613 224
7606 7612 224
7606 7613 200
7606 7614 224
7607 7613 224
7607 7614 201
7607 7615 225
7608 7614 225
7608 7615 201
7609 7616 197
7609 7617 221
7610 7616 222
7610 7617 198
7610 7618 222
7611 7617 223
7611 7618 199
7611 7619 223
7612 7618 223
7612 7619 200
7612 7620 224
7613 7619 224
7613 7620 201
7613 7621 225
7614 7620 225
7614 7621 202
7614 7622 225
7615 7621 226
7615 7622 203
7616 7623 197
7616 7624 222
7617 7623 221
7617 7624 198
7617 7625 222
7618 7624 222
7618 7625 199
7618 7626 223
7619 7625 223
7619 7626 200
7619 7627 224
7620 7626 224
7620 7627 201
7620 7628 225
7621 7627 225
7621 7628 202
7621 7629 226
7622 7628 226
7622 7629 203
7623 7630 199
7623 7631 223
7624 7630 223
7624 7631 199
7624 7632 223
7625 7631 223
7625 7632 200
7625 7633 223
7626 7632 223
7626 7633 200
7626 7634 224
7627 7633 224
7627 7634 200
7627 7635 224
7628 7634 224
7628 7635 201
7628 7636 225
7629 7635 225
7629 7636 201
7630 7637 197
7630 7638 221
7631 7637 222
7631 7638 198
7631 7639 222
7632 7638 222
7632 7639 199
7632 7640 223
7633 7639 223
7633 7640 200
7633 7641 224
7634 7640 224
7634 7641 201
7634 7642 225
7635 7641 225
7635 7642 202
7635 7643 226
7636 7642 226
7636 7643 203
7637 7644 197
7637 7645 222
7638 7644 221
7638 7645 198
7638 7646 222
7639 7645 222
7639 7646 199
7639 7647 223
7640 7646 223
7640 7647 200
7640 7648 224
7641 7647 224
7641 7648 201
7641 7649 225
7642 7648 225
7642 7649 202
7642 7650 226
7643 7649 226
7643 7650 203
7644 7651 199
7644 7652 223
7645 7651 222
7645 7652 199
7645 7653 223
7646 7652 223
7646 7653 200
7646 7654 223
7647 7653 223
7647 7654 200
7647 7655 224
7648 7654 224
7648 7655 200
7648 7656 224
7649 7655 224
7649 7656 201
7649 7657 225
7650 7656 225
7650 7657 201
7651 7658 197
7651 7659 221
7652 7658 221
7652 7659 198
7652 7660 222
7653 7659 222
7653 7660 199
7653 7661 223
7654 7660 223
7654 7661 200
7654 7662 224
7655 7661 224
7655 7662 201
7655 7663 225
7656 7662 225
7656 7663 202
7656 7664 226
7657 7663 226
7657 7664 203
7658 7665 198
7658 7666 222
7659 7665 223
7659 7666 199
7659 7667 223
7660 7666 223
7660 7667 199
7660 7668 223
7661 7667 223
7661 7668 200
7661 7669 224
7662 7668 224
7662 7669 200
7662 7670 224
7663 7669 224
7663 7670 201
7663 7671 225
7664 7670 225
7664 7671 201
7665 7672 197
7665 7673 221
7666 7672 221
7666 7673 198
7666 7674 222
7667 7673 222
7667 7674 199
7667 7675 223
7668 7674 223
7668 7675 200
7668 7676 224
7669 7675 224
7669 7676 201
7669 7677 225
7670 7676 225
7670 7677 202
7670 7678 226
7671 7677 226
7671 7678 203
7672 7679 197
7672 7680 221
7673 7679 221
7673 7680 198
7673 7681 222
7674 7680 222
7674 7681 199
7674 7682 223
7675 7681 223
7675 7682 200
7675 7683 224
7676 7682 224
7676 7683 201
7676 7684 225
7677 7683 225
7677 7684 202
7677 7685 226
7678 7684 226
7678 7685 203
7679 7686 198
7679 7687 222
7680 7686 222
7680 7687 199
7680 7688 223
7681 7687 223
7681 7688 199
7681 7689 223
7682 7688 223
7682 7689 200
7682 7690 224
7683 7689 224
7683 7690 201
7683 7691 224
7684 7690 224
7684 7691 201
7684 7692 225
7685 7691 225
7685 7692 202
7686 7693 197
7686 7694 221
7687 7693 221
7687 7694 198
7687 7695 222
7688 7694 222
7688 7695 199
7688 7696 223
7689 7695 223
7689 7696 200
7689 7697 224
7690 7696 224
7690 7697 201
7690 7698 225
7691 7697 225
7691 7698 202
7691 7699 226
7692 7698 226
7692 7699 203
7693 7700 197
7693 7701 221
7694 7700 221
7694 7701 198
7694 7702 222
7695 7701 222
7695 7702 199
7695 7703 223
7696 7702 223
7696 7703 200
7696 7704 224
7697 7703 224
7697 7704 201
7697 7705 225
7698 7704 225
7698 7705 202
7698 7706 226
7699 7705 226
7699 7706 203
7700 7707 198
7700 7708 222
7701 7707 222
7701 7708 199
7701 7709 223
7702 7708 223
7702 7709 199
7702 7710 223
7703 7709 223
7703 7710 200
7703 7711 224
7704 7710 224
7704 7711 201
7704 7712 224
7705 7711 224
7705 7712 201
7705 7713 225
7706 7712 225
7706 7713 202
7707 7714 196
7707 7715 221
7708 7714 221
7708 7715 198
7708 7716 222
7709 7715 222
7709 7716 199
7709 7717 223
7710 7716 223
7710 7717 200
7710 7718 224
7711 7717 224
7711 7718 201
7711 7719 225
7712 7718 225
7712 7719 202
7712 7720 226
7713 7719 226
7713 7720 203
7714 7721 196
7714 7722 221
7715 7721 221
7715 7722 198
7715 7723 222
7716 7722 222
7716 7723 199
7716 7724 223
7717 7723 223
7717 7724 200
7717 7725 224
7718 7724 224
7718 7725 201
7718 7726 225
7719 7725 225
7719 7726 202
7719 7727 226
7720 7726 226
7720 7727 204
7721 7728 196
7721 7729 221
7722 7728 221
7722 7729 197
7722 7730 222
7723 7729 222
7723 7730 199
7723 7731 223
7724 7730 223
7724 7731 200
7724 7732 224
7725 7731 224
7725 7732 201
7725 7733 225
7726 7732 225
7726 7733 202
7726 7734 227
7727 7733 226
7727 7734 204
7728 7735 198
7728 7736 222
7729 7735 222
7729 7736 199
7729 7737 223
7730 7736 223
7730 7737 199
7730 7738 223
7731 7737 223
7731 7738 200
7731 7739 224
7732 7738 224
7732 7739 201
7732 7740 224
7733 7739 224
7733 7740 201
7733 7741 225
7734 7740 225
7734 7741 202
7735 7742 196
7735 7743 221
7736 7742 221
7736 7743 197
7736 7744 222
7737 7743 222
7737 7744 199
7737 7745 223
7738 7744 223
7738 7745 200
7738 7746 224
7739 7745 224
7739 7746 201
7739 7747 225
7740 7746 225
7740 7747 203
7740 7748 226
7741 7747 227
7741 7748 204
7742 7749 196
7742 7750 221
7743 7749 220
7743 7750 197
7743 7751 222
7744 7750 222
7744 7751 199
7744 7752 223
7745 7751 223
7745 7752 200
7745 7753 224
7746 7752 224
7746 7753 201
7746 7754 225
7747 7753 225
7747 7754 203
7747 7755 227
7748 7754 227
7748 7755 204
7749 7756 196
7749 7757 221
7750 7756 220
7750 7757 197
7750 7758 222
7751 7757 221
7751 7758 199
7751 7759 223
7752 7758 223
7752 7759 200
7752 7760 224
7753 7759 224
7753 7760 201
7753 7761 226
7754 7760 225
7754 7761 203
7754 7762 227
7755 7761 227
7755 7762 204
7756 7763 198
7756 7764 222
7757 7763 222
7757 7764 198
7757 7765 223
7758 7764 223
7758 7765 199
7758 7766 223
7759 7765 223
7759 7766 200
7759 7767 224
7760 7766 224
7760 7767 201
7760 7768 225
7761 7767 225
7761 7768 201
7761 7769 225
7762 7768 225
7762 7769 202
7763 7770 195
7763 7771 220
7764 7770 220
7764 7771 197
7764 7772 221
7765 7771 222
7765 7772 198
7765 7773 223
7766 7772 223
7766 7773 200
7766 7774 224
7767 7773 225
7767 7774 202
7767 7775 225
7768 7774 226
7768 7775 203
7768 7776 227
7769 7775 227
7769 7776 205
7770 7777 201
7770 7778 224
7771 7777 224
7771 7778 201
7771 7779 224
7772 7778 224
7772 7779 200
7772 7780 224
7773 7779 224
7773 7780 200
7773 7781 223
7774 7780 224
7774 7781 200
7774 7782 223
7775 7781 223
7775 7782 199
7775 7783 223
7776 7782 223
7776 7783 199
7777 7784 202
7777 7785 225
7778 7784 225
7778 7785 202
7778 7786 225
7779 7785 225
7779 7786 201
7779 7787 224
7780 7786 224
7780 7787 200
7780 7788 223
7781 7787 223
7781 7788 199
7781 7789 223
7782 7788 222
7782 7789 198
7782 7790 222
7783 7789 222
7783 7790 198
7784 7791 202
7784 7792 225
7785 7791 225
7785 7792 201
7785 7793 224
7786 7792 224
7786 7793 201
7786 7794 224
7787 7793 224
7787 7794 200
7787 7795 223
7788 7794 223
7788 7795 199
7788 7796 223
7789 7795 223
7789 7796 199
7789 7797 222
7790 7796 222
7790 7797 198
7791 7798 201
7791 7799 225
7792 7798 224
7792 7799 201
7792 7800 224
7793 7799 224
7793 7800 200
7793 7801 224
7794 7800 224
7794 7801 200
7794 7802 223
7795 7801 223
7795 7802 200
7795 7803 223
7796 7802 223
7796 7803 199
7796 7804 223
7797 7803 223
7797 7804 199
7798 7805 200
7798 7806 223
7799 7805 223
7799 7806 200
7799 7807 224
7800 7806 223
7800 7807 200
7800 7808 224
7801 7807 224
7801 7808 200
7801 7809 224
7802 7808 224
7802 7809 200
7802 7810 224
7803 7809 224
7803 7810 200
7803 7811 224
7804 7810 224
7804 7811 200
7805 7812 199
7805 7813 223
7806 7812 223
7806 7813 199
7806 7814 223
7807 7813 223
7807 7814 200
7807 7815 223
7808 7814 223
7808 7815 200
7808 7816 224
7809 7815 224
7809 7816 200
7809 7817 224
7810 7816 224
7810 7817 201
7810 7818 224
7811 7817 224
7811 7818 201
7812 7819 196
7812 7820 221
7813 7819 221
7813 7820 198
7813 7821 222
7814 7820 222
7814 7821 199
7814 7822 223
7815 7821 223
7815 7822 200
7815 7823 224
7816 7822 224
7816 7823 201
7816 7824 225
7817 7823 225
7817 7824 202
7817 7825 226
7818 7824 226
7818 7825 204
7819 7826 196
7819 7827 221
7820 7826 221
7820 7827 197
7820 7828 222
7821 7827 222
7821 7828 199
7821 7829 223
7822 7828 223
7822 7829 200
7822 7830 224
7823 7829 224
7823 7830 201
7823 7831 225
7824 7830 225
7824 7831 203
7824 7832 226
7825 7831 226
7825 7832 204
7826 7833 192
7826 7834 218
7827 7833 218
7827 7834 195
7827 7835 220
7828 7834 220
7828 7835 197
7828 7836 222
7829 7835 223
7829 7836 200
7829 7837 225
7830 7836 225
7830 7837 203
7830 7838 227
7831 7837 227
7831 7838 205
7831 7839 229
7832 7838 229
7832 7839 208
7833 7840 190
7833 7841 217
7834 7840 216
7834 7841 193
7834 7842 219
7835 7841 219
7835 7842 197
7835 7843 222
7836 7842 222
7836 7843 200
7836 7844 225
7837 7843 225
7837 7844 203
7837 7845 228
7838 7844 228
7838 7845 207
7838 7846 231
7839 7845 231
7839 7846 210
7840 7847 192
7840 7848 218
7841 7847 218
7841 7848 195
7841 7849 220
7842 7848 220
7842 7849 197
7842 7850 223
7843 7849 222
7843 7850 200
7843 7851 225
7844 7850 225
7844 7851 203
7844 7852 227
7845 7851 227
7845 7852 205
7845 7853 229
7846 7852 229
7846 7853 208
7847 7854 187
7847 7855 214
7848 7854 214
7848 7855 192
7848 7856 218
7849 7855 218
7849 7856 196
7849 7857 222
7850 7856 222
7850 7857 200
7850 7858 225
7851 7857 225
7851 7858 204
7851 7859 229
7852 7858 229
7852 7859 208
7852 7860 233
7853 7859 233
7853 7860 213
7854 7861 191
7854 7862 217
7855 7861 217
7855 7862 194
7855 7863 219
7856 7862 220
7856 7863 197
7856 7864 222
7857 7863 222
7857 7864 200
7857 7865 225
7858 7864 225
7858 7865 203
7858 7866 227
7859 7865 228
7859 7866 206
7859 7867 230
7860 7866 230
7860 7867 209
7861 7868 186
7861 7869 213
7862 7868 214
7862 7869 191
7862 7870 217
7863 7869 218
7863 7870 195
7863 7871 221
7864 7870 222
7864 7871 200
7864 7872 225
7865 7871 226
7865 7872 205
7865 7873 230
7866 7872 230
7866 7873 209
7866 7874 234
7867 7873 234
7867 7874 214
7868 7875 191
7868 7876 217
7869 7875 217
7869 7876 194
7869 7877 220
7870 7876 220
7870 7877 197
7870 7878 222
7871 7877 222
7871 7878 200
7871 7879 225
7872 7878 225
7872 7879 203
7872 7880 228
7873 7879 228
7873 7880 206
7873 7881 230
7874 7880 230
7874 7881 209
7875 7882 191
7875 7883 217
7876 7882 218
7876 7883 194
7876 7884 219
7877 7883 220
7877 7884 197
7877 7885 222
7878 7884 223
7878 7885 200
7878 7886 224
7879 7885 225
7879 7886 203
7879 7887 227
7880 7886 228
7880 7887 206
7880 7888 230
7881 7887 231
7881 7888 209
7882 7889 188
7882 7890 214
7883 7889 215
7883 7890 192
7883 7891 218
7884 7890 218
7884 7891 196
7884 7892 222
7885 7891 222
7885 7892 200
7885 7893 225
7886 7892 226
7886 7893 204
7886 7894 229
7887 7893 229
7887 7894 208
7887 7895 233
7888 7894 233
7888 7895 212
7889 7896 192
7889 7897 218
7890 7896 218
7890 7897 195
7890 7898 221
7891 7897 220
7891 7898 197
7891 7899 223
7892 7898 222
7892 7899 200
7892 7900 225
7893 7899 224
7893 7900 203
7893 7901 227
7894 7900 227
7894 7901 205
7894 7902 230
7895 7901 229
7895 7902 208
7896 7903 193
7896 7904 219
7897 7903 218
7897 7904 195
7897 7905 221
7898 7904 220
7898 7905 198
7898 7906 223
7899 7905 222
7899 7906 200
7899 7907 225
7900 7906 224
7900 7907 202
7900 7908 227
7901 7907 226
7901 7908 205
7901 7909 229
7902 7908 228
7902 7909 207
7903 7910 197
7903 7911 221
7904 7910 221
7904 7911 198
7904 7912 222
7905 7911 222
7905 7912 199
7905 7913 223
7906 7912 223
7906 7913 200
7906 7914 224
7907 7913 224
7907 7914 201
7907 7915 225
7908 7914 225
7908 7915 202
7908 7916 226
7909 7915 226
7909 7916 203
7910 7917 194
7910 7918 219
7911 7917 219
7911 7918 196
7911 7919 221
7912 7918 221
7912 7919 198
7912 7920 222
7913 7919 223
7913 7920 200
7913 7921 224
7914 7920 225
7914 7921 202
7914 7922 226
7915 7921 227
7915 7922 204
7915 7923 228
7916 7922 229
7916 7923 206
7917 7924 194
7917 7925 219
7918 7924 219
7918 7925 196
7918 7926 221
7919 7925 221
7919 7926 198
7919 7927 223
7920 7926 223
7920 7927 200
7920 7928 224
7921 7927 224
7921 7928 202
7921 7929 226
7922 7928 226
7922 7929 204
7922 7930 228
7923 7929 228
7923 7930 206
7924 7931 197
7924 7932 222
7925 7931 222
7925 7932 198
7925 7933 222
7926 7932 222
7926 7933 199
7926 7934 223
7927 7933 223
7927 7934 200
7927 7935 224
7928 7934 224
7928 7935 201
7928 7936 225
7929 7935 225
7929 7936 202
7929 7937 226
7930 7936 226
7930 7937 203
7931 7938 195
7931 7939 220
7932 7938 220
7932 7939 197
7932 7940 221
7933 7939 222
7933 7940 198
7933 7941 223
7934 7940 223
7934 7941 200
7934 7942 224
7935 7941 224
7935 7942 202
7935 7943 226
7936 7942 226
7936 7943 203
7936 7944 227
7937 7943 227
7937 7944 205
7938 7945 198
7938 7946 222
7939 7945 222
7939 7946 198
7939 7947 223
7940 7946 223
7940 7947 199
7940 7948 223
7941 7947 223
7941 7948 200
7941 7949 224
7942 7948 224
7942 7949 201
7942 7950 225
7943 7949 225
7943 7950 201
7943 7951 225
7944 7950 225
7944 7951 202
7945 7952 196
7945 7953 220
7946 7952 221
7946 7953 197
7946 7954 222
7947 7953 222
7947 7954 199
7947 7955 223
7948 7954 223
7948 7955 200
7948 7956 224
7949 7955 224
7949 7956 201
7949 7957 225
7950 7956 225
7950 7957 203
7950 7958 227
7951 7957 227
7951 7958 204
7952 7959 198
7952 7960 222
7953 7959 222
7953 7960 199
7953 7961 223
7954 7960 223
7954 7961 199
7954 7962 223
7955 7961 223
7955 7962 200
7955 7963 224
7956 7962 224
7956 7963 201
7956 7964 224
7957 7963 224
7957 7964 201
7957 7965 225
7958 7964 225
7958 7965 202
7959 7966 198
7959 7967 222
7960 7966 222
7960 7967 199
7960 7968 223
7961 7967 223
7961 7968 199
7961 7969 223
7962 7968 223
7962 7969 200
7962 7970 224
7963 7969 224
7963 7970 201
7963 7971 224
7964 7970 224
7964 7971 201
7964 7972 225
7965 7971 225
7965 7972 202
7966 7973 197
7966 7974 221
7967 7973 221
7967 7974 198
7967 7975 222
7968 7974 222
7968 7975 199
7968 7976 223
7969 7975 223
7969 7976 200
7969 7977 224
7970 7976 224
7970 7977 201
7970 7978 225
7971 7977 225
7971 7978 202
7971 7979 226
7972 7978 226
7972 7979 203
7973 7980 198
7973 7981 222
7974 7980 222
7974 7981 198
7974 7982 223
7975 7981 222
7975 7982 199
7975 7983 223
7976 7982 223
7976 7983 200
7976 7984 224
7977 7983 224
7977 7984 201
7977 7985 225
7978 7984 224
7978 7985 202
7978 7986 226
7979 7985 225
7979 7986 202
7980 7987 197
7980 7988 222
7981 7987 221
7981 7988 198
7981 7989 222
7982 7988 222
7982 7989 199
7982 7990 223
7983 7989 223
7983 7990 200
7983 7991 224
7984 7990 224
7984 7991 201
7984 7992 225
7985 7991 225
7985 7992 202
7985 7993 226
7986 7992 226
7986 7993 203
7987 7994 197
7987 7995 222
7988 7994 222
7988 7995 198
7988 7996 222
7989 7995 222
7989 7996 199
7989 7997 223
7990 7996 223
7990 7997 200
7990 7998 224
7991 7997 224
7991 7998 201
7991 7999 225
7992 7998 225
7992 7999 202
7992 8000 226
7993 7999 225
7993 8000 203
7994 8001 198
7994 8002 222
7995 8001 222
7995 8002 198
7995 8003 223
7996 8002 222
7996 8003 199
7996 8004 223
7997 8003 223
7997 8004 200
7997 8005 224
7998 8004 224
7998 8005 201
7998 8006 225
7999 8005 225
7999 8006 202
7999 8007 225
8000 8006 225
8000 8007 202
8001 8008 198
8001 8009 222
8002 8008 222
8002 8009 199
8002 8010 223
8003 8009 223
8003 8010 199
8003 8011 223
8004 8010 223
8004 8011 200
8004 8012 224
8005 8011 224
8005 8012 201
8005 8013 225
8006 8012 225
8006 8013 201
8006 8014 225
8007 8013 225
8007 8014 202
8008 8015 198
8008 8016 222
8009 8015 222
8009 8016 199
8009 8017 223
8010 8016 223
8010 8017 199
8010 8018 223
8011 8017 223
8011 8018 200
8011 8019 224
8012 8018 224
8012 8019 201
8012 8020 224
8013 8019 224
8013 8020 201
8013 8021 225
8014 8020 225
8014 8021 202
8015 8022 198
8015 8023 222
8016 8022 222
8016 8023 199
8016 8024 223
8017 8023 223
8017 8024 199
8017 8025 223
8018 8024 223
8018 8025 200
8018 8026 224
8019 8025 224
8019 8026 201
8019 8027 224
8020 8026 224
8020 8027 201
8020 8028 225
8021 8027 225
8021 8028 202
8022 8029 198
8022 8030 222
8023 8029 222
8023 8030 199
8023 8031 223
8024 8030 223
8024 8031 199
8024 8032 223
8025 8031 223
8025 8032 200
8025 8033 224
8026 8032 224
8026 8033 201
8026 8034 224
8027 8033 224
8027 8034 201
8027 8035 225
8028 8034 225
8028 8035 202
8029 8036 198
8029 8037 222
8030 8036 222
8030 8037 199
8030 8038 223
8031 8037 223
8031 8038 199
8031 8039 223
8032 8038 223
8032 8039 200
8032 8040 224
8033 8039 224
8033 8040 201
8033 8041 224
8034 8040 224
8034 8041 201
8034 8042 225
8035 8041 225
8035 8042 202
8036 8043 199
8036 8044 223
8037 8043 222
8037 8044 199
8037 8045 223
8038 8044 223
8038 8045 200
8038 8046 223
8039 8045 223
8039 8046 200
8039 8047 224
8040 8046 224
8040 8047 200
8040 8048 224
8041 8047 224
8041 8048 201
8041 8049 225
8042 8048 225
8042 8049 201
8043 8050 199
8043 8051 223
8044 8050 222
8044 8051 199
8044 8052 223
8045 8051 223
8045 8052 200
8045 8053 224
8046 8052 223
8046 8053 200
8046 8054 224
8047 8053 224
8047 8054 200
8047 8055 224
8048 8054 224
8048 8055 201
8048 8056 225
8049 8055 224
8049 8056 201
8050 8057 200
8050 8058 224
8051 8057 224
8051 8058 200
8051 8059 224
8052 8058 224
8052 8059 200
8052 8060 224
8053 8059 224
8053 8060 200
8053 8061 224
8054 8060 224
8054 8061 200
8054 8062 224
8055 8061 224
8055 8062 200
8055 8063 224
8056 8062 224
8056 8063 200
8057 8064 199
8057 8065 222
8058 8064 223
8058 8065 199
8058 8066 223
8059 8065 223
8059 8066 200
8059 8067 223
8060 8066 224
8060 8067 200
8060 8068 224
8061 8067 224
8061 8068 200
8061 8069 224
8062 8068 224
8062 8069 201
8062 8070 224
8063 8069 225
8063 8070 201
8064 8071 199
8064 8072 223
8065 8071 223
8065 8072 199
8065 8073 223
8066 8072 223
8066 8073 200
8066 8074 223
8067 8073 224
8067 8074 200
8067 8075 224
8068 8074 224
8068 8075 200
8068 8076 224
8069 8075 224
8069 8076 201
8069 8077 224
8070 8076 225
8070 8077 201
8071 8078 199
8071 8079 223
8072 8078 223
8072 8079 199
8072 8080 223
8073 8079 223
8073 8080 200
8073 8081 223
8074 8080 223
8074 8081 200
8074 8082 224
8075 8081 224
8075 8082 200
8075 8083 224
8076 8082 224
8076 8083 201
8076 8084 224
8077 8083 224
8077 8084 201
8078 8085 199
8078 8086 223
8079 8085 223
8079 8086 199
8079 8087 223
8080 8086 223
8080 8087 200
8080 8088 223
8081 8087 223
8081 8088 200
8081 8089 224
8082 8088 224
8082 8089 200
8082 8090 224
8083 8089 224
8083 8090 201
8083 8091 224
8084 8090 224
8084 8091 201
8085 8092 199
8085 8093 223
8086 8092 223
8086 8093 199
8086 8094 223
8087 8093 223
8087 8094 200
8087 8095 224
8088 8094 223
8088 8095 200
8088 8096 224
8089 8095 224
8089 8096 200
8089 8097 224
8090 8096 224
8090 8097 201
8090 8098 224
8091 8097 224
8091 8098 201
8092 8099 200
8092 8100 224
8093 8099 224
8093 8100 200
8093 8101 224
8094 8100 224
8094 8101 200
8094 8102 224
8095 8101 224
8095 8102 200
8095 8103 224
8096 8102 224
8096 8103 200
8096 8104 224
8097 8103 224
8097 8104 200
8097 8105 224
8098 8104 224
8098 8105 200
8099 8106 199
8099 8107 223
8100 8106 223
8100 8107 199
8100 8108 223
8101 8107 223
8101 8108 200
8101 8109 223
8102 8108 224
8102 8109 200
8102 8110 224
8103 8109 224
8103 8110 200
8103 8111 224
8104 8110 224
8104 8111 201
8104 8112 224
8105 8111 224
8105 8112 201
8106 8113 199
8106 8114 223
8107 8113 223
8107 8114 199
8107 8115 223
8108 8114 223
8108 8115 200
8108 8116 223
8109 8115 224
8109 8116 200
8109 8117 224
8110 8116 224
8110 8117 200
8110 8118 224
8111 8117 224
8111 8118 201
8111 8119 224
8112 8118 224
8112 8119 201
8113 8120 199
8113 8121 223
8114 8120 223
8114 8121 199
8114 8122 223
8115 8121 223
8115 8122 200
8115 8123 224
8116 8122 223
8116 8123 200
8116 8124 224
8117 8123 224
8117 8124 200
8117 8125 224
8118 8124 224
8118 8125 200
8118 8126 224
8119 8125 224
8119 8126 201
8120 8127 199
8120 8128 223
8121 8127 223
8121 8128 200
8121 8129 223
8122 8128 223
8122 8129 200
8122 8130 224
8123 8129 223
8123 8130 200
8123 8131 224
8124 8130 224
8124 8131 200
8124 8132 224
8125 8131 224
8125 8132 200
8125 8133 224
8126 8132 224
8126 8133 201
8127 8134 200
8127 8135 224
8128 8134 224
8128 8135 200
8128 8136 224
8129 8135 224
8129 8136 200
8129 8137 224
8130 8136 224
8130 8137 200
8130 8138 224
8131 8137 224
8131 8138 200
8131 8139 224
8132 8138 224
8132 8139 200
8132 8140 224
8133 8139 224
8133 8140 200
8134 8141 199
8134 8142 223
8135 8141 223
8135 8142 200
8135 8143 223
8136 8142 223
8136 8143 200
8136 8144 223
8137 8143 224
8137 8144 200
8137 8145 224
8138 8144 224
8138 8145 200
8138 8146 224
8139 8145 224
8139 8146 200
8139 8147 224
8140 8146 224
8140 8147 201
8141 8148 199
8141 8149 223
8142 8148 223
8142 8149 200
8142 8150 223
8143 8149 223
8143 8150 200
8143 8151 224
8144 8150 223
8144 8151 200
8144 8152 224
8145 8151 224
8145 8152 200
8145 8153 224
8146 8152 224
8146 8153 200
8146 8154 224
8147 8153 224
8147 8154 201
8148 8155 199
8148 8156 223
8149 8155 223
8149 8156 200
8149 8157 223
8150 8156 223
8150 8157 200
8150 8158 224
8151 8157 223
8151 8158 200
8151 8159 224
8152 8158 224
8152 8159 200
8152 8160 224
8153 8159 224
8153 8160 200
8153 8161 224
8154 8160 224
8154 8161 201
8155 8162 200
8155 8163 224
8156 8162 224
8156 8163 200
8156 8164 224
8157 8163 224
8157 8164 200
8157 8165 224
8158 8164 224
8158 8165 200
8158 8166 224
8159 8165 224
8159 8166 200
8159 8167 224
8160 8166 224
8160 8167 200
8160 8168 224
8161 8167 224
8161 8168 200
8162 8169 199
8162 8170 223
8163 8169 223
8163 8170 200
8163 8171 223
8164 8170 223
8164 8171 200
8164 8172 223
8165 8171 224
8165 8172 200
8165 8173 224
8166 8172 224
8166 8173 200
8166 8174 224
8167 8173 224
8167 8174 200
8167 8175 224
8168 8174 224
8168 8175 201
8169 8176 200
8169 8177 223
8170 8176 223
8170 8177 200
8170 8178 223
8171 8177 223
8171 8178 200
8171 8179 224
8172 8178 224
8172 8179 200
8172 8180 224
8173 8179 224
8173 8180 200
8173 8181 224
8174 8180 224
8174 8181 200
8174 8182 224
8175 8181 224
8175 8182 200
8176 8183 200
8176 8184 224
8177 8183 224
8177 8184 200
8177 8185 224
8178 8184 224
8178 8185 200
8178 8186 224
8179 8185 224
8179 8186 200
8179 8187 224
8180 8186 224
8180 8187 200
8180 8188 224
8181 8187 224
8181 8188 200
8181 8189 224
8182 8188 224
8182 8189 200
8183 8190 200
8183 8191 223
8184 8190 223
8184 8191 200
8184 8192 223
8185 8191 223
8185 8192 200
8185 8193 223
8186 8192 224
8186 8193 200
8186 8194 224
8187 8193 224
8187 8194 200
8187 8195 224
8188 8194 224
8188 8195 200
8188 8196 224
8189 8195 224
8189 8196 200
8190 8197 200
8190 8198 223
8191 8197 223
8191 8198 200
8191 8199 223
8192 8198 223
8192 8199 200
8192 8200 224
8193 8199 224
8193 8200 200
8193 8201 224
8194 8200 224
8194 8201 200
8194 8202 224
8195 8201 224
8195 8202 200
8195 8203 224
8196 8202 224
8196 8203 200
8197 8204 200
8197 8205 223
8198 8204 223
8198 8205 200
8198 8206 223
8199 8205 223
8199 8206 200
8199 8207 224
8200 8206 224
8200 8207 200
8200 8208 224
8201 8207 224
8201 8208 200
8201 8209 224
8202 8208 224
8202 8209 200
8202 8210 224
8203 8209 224
8203 8210 200
8204 8211 200
8204 8212 224
8205 8211 224
8205 8212 200
8205 8213 224
8206 8212 224
8206 8213 200
8206 8214 224
8207 8213 224
8207 8214 200
8207 8215 224
8208 8214 224
8208 8215 200
8208 8216 224
8209 8215 224
8209 8216 200
8209 8217 224
8210 8216 224
8210 8217 200
8211 8218 200
8211 8219 223
8212 8218 223
8212 8219 200
8212 8220 223
8213 8219 223
8213 8220 200
8213 8221 224
8214 8220 224
8214 8221 200
8214 8222 224
8215 8221 224
8215 8222 200
8215 8223 224
8216 8222 224
8216 8223 200
8216 8224 224
8217 8223 224
8217 8224 200
8218 8225 200
8218 8226 223
8219 8225 223
8219 8226 200
8219 8227 223
8220 8226 223
8220 8227 200
8220 8228 224
8221 8227 224
8221 8228 200
8221 8229 224
8222 8228 224
8222 8229 200
8222 8230 224
8223 8229 224
8223 8230 200
8223 8231 224
8224 8230 224
8224 8231 200
8225 8232 200
8225 8233 223
8226 8232 223
8226 8233 200
8226 8234 224
8227 8233 223
8227 8234 200
8227 8235 224
8228 8234 224
8228 8235 200
8228 8236 224
8229 8235 224
8229 8236 200
8229 8237 224
8230 8236 224
8230 8237 200
8230 8238 224
8231 8237 224
8231 8238 200
8232 8239 200
8232 8240 224
8233 8239 224
8233 8240 200
8233 8241 224
8234 8240 224
8234 8241 200
8234 8242 224
8235 8241 224
8235 8242 200
8235 8243 224
8236 8242 224
8236 8243 200
8236 8244 224
8237 8243 224
8237 8244 200
8237 8245 224
8238 8244 224
8238 8245 200
8239 8246 200
8239 8247 223
8240 8246 223
8240 8247 200
8240 8248 223
8241 8247 223
8241 8248 200
8241 8249 224
8242 8248 224
8242 8249 200
8242 8250 224
8243 8249 224
8243 8250 200
8243 8251 224
8244 8250 224
8244 8251 200
8244 8252 224
8245 8251 224
8245 8252 200
8246 8253 200
8246 8254 223
8247 8253 223
8247 8254 200
8247 8255 224
8248 8254 223
8248 8255 200
8248 8256 224
8249 8255 224
8249 8256 200
8249 8257 224
8250 8256 224
8250 8257 200
8250 8258 224
8251 8257 224
8251 8258 200
8251 8259 224
8252 8258 224
8252 8259 200
8253 8260 200
8253 8261 224
8254 8260 224
8254 8261 200
8254 8262 224
8255 8261 224
8255 8262 200
8255 8263 224
8256 8262 224
8256 8263 200
8256 8264 224
8257 8263 224
8257 8264 200
8257 8265 224
8258 8264 224
8258 8265 200
8258 8266 224
8259 8265 224
8259 8266 200
8260 8267 200
8260 8268 223
8261 8267 223
8261 8268 200
8261 8269 223
8262 8268 224
8262 8269 200
8262 8270 224
8263 8269 224
8263 8270 200
8263 8271 224
8264 8270 224
8264 8271 200
8264 8272 224
8265 8271 224
8265 8272 200
8265 8273 224
8266 8272 224
8266 8273 200
8267 8274 200
8267 8275 223
8268 8274 223
8268 8275 200
8268 8276 224
8269 8275 224
8269 8276 200
8269 8277 224
8270 8276 224
8270 8277 200
8270 8278 224
8271 8277 224
8271 8278 200
8271 8279 224
8272 8278 224
8272 8279 200
8272 8280 224
8273 8279 224
8273 8280 200
8274 8281 200
8274 8282 224
8275 8281 223
8275 8282 200
8275 8283 224
8276 8282 224
8276 8283 200
8276 8284 224
8277 8283 224
8277 8284 200
8277 8285 224
8278 8284 224
8278 8285 200
8278 8286 224
8279 8285 224
8279 8286 200
8279 8287 224
8280 8286 224
8280 8287 200
8281 8288 200
8281 8289 224
8282 8288 224
8282 8289 200
8282 8290 224
8283 8289 224
8283 8290 200
8283 8291 224
8284 8290 224
8284 8291 200
8284 8292 224
8285 8291 224
8285 8292 200
8285 8293 224
8286 8292 224
8286 8293 200
8286 8294 224
8287 8293 224
8287 8294 200
8288 8295 200
8288 8296 224
8289 8295 224
8289 8296 200
8289 8297 224
8290 8296 224
8290 8297 200
8290 8298 224
8291 8297 224
8291 8298 200
8291 8299 224
8292 8298 224
8292 8299 200
8292 8300 224
8293 8299 224
8293 8300 200
8293 8301 224
8294 8300 224
8294 8301 200
8295 8302 200
8295 8303 224
8296 8302 224
8296 8303 200
8296 8304 224
8297 8303 224
8297 8304 200
8297 8305 224
8298 8304 224
8298 8305 200
8298 8306 224
8299 8305 224
8299 8306 200
8299 8307 224
8300 8306 224
8300 8307 200
8300 8308 224
8301 8307 224
8301 8308 200
8302 8309 200
8302 8310 224
8303 8309 224
8303 8310 200
8303 8311 224
8304 8310 224
8304 8311 200
8304 8312 224
8305 8311 224
8305 8312 200
8305 8313 224
8306 8312 224
8306 8313 200
8306 8314 224
8307 8313 224
8307 8314 200
8307 8315 224
8308 8314 224
8308 8315 200
8309 8316 200
8309 8317 224
8310 8316 224
8310 8317 200
8310 8318 224
8311 8317 224
8311 8318 200
8311 8319 224
8312 8318 224
8312 8319 200
8312 8320 224
8313 8319 224
8313 8320 200
8313 8321 224
8314 8320 224
8314 8321 200
8314 8322 224
8315 8321 224
8315 8322 200
8316 8323 200
8316 8324 224
8317 8323 224
8317 8324 200
8317 8325 224
8318 8324 224
8318 8325 200
8318 8326 224
8319 8325 224
8319 8326 200
8319 8327 224
8320 8326 224
8320 8327 200
8320 8328 224
8321 8327 224
8321 8328 200
8321 8329 224
8322 8328 224
8322 8329 200
8323 8330 200
8323 8331 224
8324 8330 224
8324 8331 200
8324 8332 224
8325 8331 224
8325 8332 200
8325 8333 224
8326 8332 224
8326 8333 200
8326 8334 224
8327 8333 224
8327 8334 200
8327 8335 224
8328 8334 224
8328 8335 200
8328 8336 224
8329 8335 224
8329 8336 200
8330 8337 200
8330 8338 224
8331 8337 224
8331 8338 200
8331 8339 224
8332 8338 224
8332 8339 200
8332 8340 224
8333 8339 224
8333 8340 200
8333 8341 224
8334 8340 224
8334 8341 200
8334 8342 224
8335 8341 224
8335 8342 200
8335 8343 224
8336 8342 224
8336 8343 200
8337 8344 200
8337 8345 224
8338 8344 224
8338 8345 200
8338 8346 224
8339 8345 224
8339 8346 200
8339 8347 224
8340 8346 224
8340 8347 200
8340 8348 224
8341 8347 224
8341 8348 200
8341 8349 224
8342 8348 224
8342 8349 200
8342 8350 224
8343 8349 224
8343 8350 200
8344 8351 200
8344 8352 224
8345 8351 224
8345 8352 200
8345 8353 224
8346 8352 224
8346 8353 200
8346 8354 224
8347 8353 224
8347 8354 200
8347 8355 224
8348 8354 224
8348 8355 200
8348 8356 224
8349 8355 224
8349 8356 200
8349 8357 224
8350 8356 224
8350 8357 200
8351 8358 200
8351 8359 224
8352 8358 224
8352 8359 200
8352 8360 224
8353 8359 224
8353 8360 200
8353 8361 224
8354 8360 224
8354 8361 200
8354 8362 224
8355 8361 224
8355 8362 200
8355 8363 224
8356 8362 224
8356 8363 200
8356 8364 224
8357 8363 224
8357 8364 200
8358 8365 200
8358 8366 224
8359 8365 224
8359 8366 200
8359 8367 224
8360 8366 224
8360 8367 200
8360 8368 224
8361 8367 224
8361 8368 200
8361 8369 224
8362 8368 224
8362 8369 200
8362 8370 224
8363 8369 224
8363 8370 200
8363 8371 224
8364 8370 224
8364 8371 200
8365 8372 200
8365 8373 224
8366 8372 224
8366 8373 200
8366 8374 224
8367 8373 224
8367 8374 200
8367 8375 224
8368 8374 224
8368 8375 200
8368 8376 224
8369 8375 224
8369 8376 200
8369 8377 224
8370 8376 224
8370 8377 200
8370 8378 224
8371 8377 224
8371 8378 200
8372 8379 200
8372 8380 224
8373 8379 224
8373 8380 200
8373 8381 224
8374 8380 224
8374 8381 200
8374 8382 224
8375 8381 224
8375 8382 200
8375 8383 224
8376 8382 224
8376 8383 200
8376 8384 224
8377 8383 224
8377 8384 200
8377 8385 223
8378 8384 223
8378 8385 200
8379 8386 200
8379 8387 224
8380 8386 224
8380 8387 200
8380 8388 224
8381 8387 224
8381 8388 200
8381 8389 224
8382 8388 224
8382 8389 200
8382 8390 224
8383 8389 224
8383 8390 200
8383 8391 224
8384 8390 224
8384 8391 200
8384 8392 224
8385 8391 224
8385 8392 200
8386 8393 200
8386 8394 224
8387 8393 224
8387 8394 200
8387 8395 224
8388 8394 224
8388 8395 200
8388 8396 224
8389 8395 224
8389 8396 200
8389 8397 224
8390 8396 224
8390 8397 200
8390 8398 224
8391 8397 223
8391 8398 200
8391 8399 223
8392 8398 223
8392 8399 200
8393 8400 200
8393 8401 224
8394 8400 224
8394 8401 200
8394 8402 224
8395 8401 224
8395 8402 200
8395 8403 224
8396 8402 224
8396 8403 200
8396 8404 224
8397 8403 224
8397 8404 200
8397 8405 224
8398 8404 223
8398 8405 200
8398 8406 223
8399 8405 223
8399 8406 200
8400 8407 200
8400 8408 224
8401 8407 224
8401 8408 200
8401 8409 224
8402 8408 224
8402 8409 200
8402 8410 224
8403 8409 224
8403 8410 200
8403 8411 224
8404 8410 224
8404 8411 200
8404 8412 223
8405 8411 223
8405 8412 200
8405 8413 223
8406 8412 223
8406 8413 200
8407 8414 200
8407 8415 224
8408 8414 224
8408 8415 200
8408 8416 224
8409 8415 224
8409 8416 200
8409 8417 224
8410 8416 224
8410 8417 200
8410 8418 224
8411 8417 224
8411 8418 200
8411 8419 223
8412 8418 224
8412 8419 200
8412 8420 223
8413 8419 223
8413 8420 200
8414 8421 200
8414 8422 224
8415 8421 224
8415 8422 200
8415 8423 224
8416 8422 224
8416 8423 200
8416 8424 224
8417 8423 224
8417 8424 200
8417 8425 224
8418 8424 224
8418 8425 200
8418 8426 224
8419 8425 224
8419 8426 200
8419 8427 224
8420 8426 224
8420 8427 200
8421 8428 200
8421 8429 224
8422 8428 224
8422 8429 200
8422 8430 224
8423 8429 224
8423 8430 200
8423 8431 224
8424 8430 224
8424 8431 200
8424 8432 224
8425 8431 224
8425 8432 200
8425 8433 223
8426 8432 223
8426 8433 200
8426 8434 223
8427 8433 223
8427 8434 200
8428 8435 200
8428 8436 224
8429 8435 224
8429 8436 200
8429 8437 224
8430 8436 224
8430 8437 200
8430 8438 224
8431 8437 224
8431 8438 200
8431 8439 224
8432 8438 224
8432 8439 200
8432 8440 223
8433 8439 223
8433 8440 200
8433 8441 223
8434 8440 223
8434 8441 200
8435 8442 200
8435 8443 224
8436 8442 224
8436 8443 200
8436 8444 224
8437 8443 224
8437 8444 200
8437 8445 224
8438 8444 224
8438 8445 200
8438 8446 224
8439 8445 224
8439 8446 200
8439 8447 223
8440 8446 223
8440 8447 200
8440 8448 223
8441 8447 223
8441 8448 200
8442 8449 200
8442 8450 224
8443 8449 224
8443 8450 200
8443 8451 224
8444 8450 224
8444 8451 200
8444 8452 224
8445 8451 224
8445 8452 200
8445 8453 223
8446 8452 224
8446 8453 200
8446 8454 223
8447 8453 223
8447 8454 200
8447 8455 223
8448 8454 223
8448 8455 200
8449 8456 200
8449 8457 224
8450 8456 224
8450 8457 200
8450 8458 224
8451 8457 224
8451 8458 200
8451 8459 224
8452 8458 224
8452 8459 200
8452 8460 224
8453 8459 224
8453 8460 200
8453 8461 224
8454 8460 224
8454 8461 200
8454 8462 224
8455 8461 224
8455 8462 200
8456 8463 200
8456 8464 224
8457 8463 224
8457 8464 200
8457 8465 224
8458 8464 224
8458 8465 200
8458 8466 224
8459 8465 224
8459 8466 200
8459 8467 224
8460 8466 223
8460 8467 200
8460 8468 223
8461 8467 223
8461 8468 200
8461 8469 223
8462 8468 223
8462 8469 199
8463 8470 201
8463 8471 224
8464 8470 224
8464 8471 200
8464 8472 224
8465 8471 224
8465 8472 200
8465 8473 224
8466 8472 224
8466 8473 200
8466 8474 224
8467 8473 223
8467 8474 200
8467 8475 223
8468 8474 223
8468 8475 200
8468 8476 223
8469 8475 223
8469 8476 199
8470 8477 201
8470 8478 224
8471 8477 224
8471 8478 200
8471 8479 224
8472 8478 224
8472 8479 200
8472 8480 224
8473 8479 224
8473 8480 200
8473 8481 224
8474 8480 223
8474 8481 200
8474 8482 223
8475 8481 223
8475 8482 200
8475 8483 223
8476 8482 223
8476 8483 199
8477 8484 201
8477 8485 224
8478 8484 224
8478 8485 200
8478 8486 224
8479 8485 224
8479 8486 200
8479 8487 224
8480 8486 224
8480 8487 200
8480 8488 223
8481 8487 223
8481 8488 200
8481 8489 223
8482 8488 223
8482 8489 200
8482 8490 223
8483 8489 223
8483 8490 199
8484 8491 201
8484 8492 224
8485 8491 224
8485 8492 201
8485 8493 224
8486 8492 224
8486 8493 200
8486 8494 224
8487 8493 224
8487 8494 200
8487 8495 223
8488 8494 223
8488 8495 200
8488 8496 223
8489 8495 223
8489 8496 199
8489 8497 223
8490 8496 223
8490 8497 199
8491 8498 201
8491 8499 224
8492 8498 224
8492 8499 201
8492 8500 224
8493 8499 224
8493 8500 200
8493 8501 224
8494 8500 224
8494 8501 200
8494 8502 223
8495 8501 223
8495 8502 200
8495 8503 223
8496 8502 223
8496 8503 199
8496 8504 223
8497 8503 223
8497 8504 199
8498 8505 201
8498 8506 224
8499 8505 224
8499 8506 200
8499 8507 224
8500 8506 224
8500 8507 200
8500 8508 224
8501 8507 224
8501 8508 200
8501 8509 223
8502 8508 224
8502 8509 200
8502 8510 223
8503 8509 223
8503 8510 200
8503 8511 223
8504 8510 223
8504 8511 199
8505 8512 200
8505 8513 224
8506 8512 224
8506 8513 200
8506 8514 224
8507 8513 224
8507 8514 200
8507 8515 224
8508 8514 224
8508 8515 200
8508 8516 224
8509 8515 224
8509 8516 200
8509 8517 223
8510 8516 223
8510 8517 200
8510 8518 223
8511 8517 223
8511 8518 200
8512 8519 200
8512 8520 224
8513 8519 224
8513 8520 200
8513 8521 224
8514 8520 224
8514 8521 200
8514 8522 224
8515 8521 224
8515 8522 200
8515 8523 224
8516 8522 224
8516 8523 200
8516 8524 223
8517 8523 223
8517 8524 200
8517 8525 223
8518 8524 223
8518 8525 200
8519 8526 200
8519 8527 224
8520 8526 224
8520 8527 200
8520 8528 224
8521 8527 224
8521 8528 200
8521 8529 224
8522 8528 224
8522 8529 200
8522 8530 224
8523 8529 224
8523 8530 200
8523 8531 223
8524 8530 223
8524 8531 200
8524 8532 223
8525 8531 223
8525 8532 200
8526 8533 200
8526 8534 224
8527 8533 224
8527 8534 200
8527 8535 224
8528 8534 224
8528 8535 200
8528 8536 224
8529 8535 224
8529 8536 200
8529 8537 224
8530 8536 224
8530 8537 200
8530 8538 223
8531 8537 223
8531 8538 200
8531 8539 223
8532 8538 223
8532 8539 200
8533 8540 200
8533 8541 224
8534 8540 224
8534 8541 200
8534 8542 224
8535 8541 224
8535 8542 200
8535 8543 224
8536 8542 224
8536 8543 200
8536 8544 224
8537 8543 224
8537 8544 200
8537 8545 223
8538 8544 223
8538 8545 200
8538 8546 223
8539 8545 223
8539 8546 200
8540 8547 200
8540 8548 224
8541 8547 224
8541 8548 200
8541 8549 224
8542 8548 224
8542 8549 200
8542 8550 224
8543 8549 224
8543 8550 200
8543 8551 224
8544 8550 224
8544 8551 200
8544 8552 223
8545 8551 223
8545 8552 200
8545 8553 223
8546 8552 223
8546 8553 200
8547 8554 200
8547 8555 224
8548 8554 224
8548 8555 200
8548 8556 224
8549 8555 224
8549 8556 200
8549 8557 224
8550 8556 224
8550 8557 200
8550 8558 224
8551 8557 224
8551 8558 200
8551 8559 223
8552 8558 223
8552 8559 200
8552 8560 223
8553 8559 223
8553 8560 200
8554 8561 200
8554 8562 224
8555 8561 224
8555 8562 200
8555 8563 224
8556 8562 224
8556 8563 200
8556 8564 224
8557 8563 224
8557 8564 200
8557 8565 224
8558 8564 224
8558 8565 200
8558 8566 223
8559 8565 223
8559 8566 200
8559 8567 223
8560 8566 223
8560 8567 200
8561 8568 200
8561 8569 224
8562 8568 224
8562 8569 200
8562 8570 224
8563 8569 224
8563 8570 200
8563 8571 224
8564 8570 224
8564 8571 200
8564 8572 224
8565 8571 224
8565 8572 200
8565 8573 223
8566 8572 223
8566 8573 200
8566 8574 223
8567 8573 223
8567 8574 200
8568 8575 200
8568 8576 224
8569 8575 224
8569 8576 200
8569 8577 224
8570 8576 224
8570 8577 200
8570 8578 224
8571 8577 224
8571 8578 200
8571 8579 224
8572 8578 224
8572 8579 200
8572 8580 224
8573 8579 223
8573 8580 200
8573 8581 223
8574 8580 223
8574 8581 200
8575 8582 200
8575 8583 224
8576 8582 224
8576 8583 200
8576 8584 224
8577 8583 224
8577 8584 200
8577 8585 224
8578 8584 224
8578 8585 200
8578 8586 224
8579 8585 224
8579 8586 200
8579 8587 224
8580 8586 223
8580 8587 200
8580 8588 223
8581 8587 223
8581 8588 200
8582 8589 200
8582 8590 224
8583 8589 224
8583 8590 200
8583 8591 224
8584 8590 224
8584 8591 200
8584 8592 224
8585 8591 224
8585 8592 200
8585 8593 224
8586 8592 224
8586 8593 200
8586 8594 224
8587 8593 223
8587 8594 200
8587 8595 223
8588 8594 223
8588 8595 200
8589 8596 200
8589 8597 224
8590 8596 224
8590 8597 200
8590 8598 224
8591 8597 224
8591 8598 200
8591 8599 224
8592 8598 224
8592 8599 200
8592 8600 224
8593 8599 224
8593 8600 200
8593 8601 223
8594 8600 223
8594 8601 200
8594 8602 223
8595 8601 223
8595 8602 200
8596 8603 200
8596 8604 224
8597 8603 224
8597 8604 200
8597 8605 224
8598 8604 224
8598 8605 200
8598 8606 224
8599 8605 224
8599 8606 200
8599 8607 224
8600 8606 224
8600 8607 200
8600 8608 224
8601 8607 224
8601 8608 200
8601 8609 223
8602 8608 223
8602 8609 200
8603 8610 200
8603 8611 224
8604 8610 224
8604 8611 200
8604 8612 224
8605 8611 224
8605 8612 200
8605 8613 224
8606 8612 224
8606 8613 200
8606 8614 224
8607 8613 224
8607 8614 200
8607 8615 224
8608 8614 224
8608 8615 200
8608 8616 223
8609 8615 223
8609 8616 200
8610 8617 200
8610 8618 224
8611 8617 224
8611 8618 200
8611 8619 224
8612 8618 224
8612 8619 200
8612 8620 224
8613 8619 224
8613 8620 200
8613 8621 224
8614 8620 224
8614 8621 200
8614 8622 224
8615 8621 224
8615 8622 200
8615 8623 223
8616 8622 223
8616 8623 200
8617 8624 200
8617 8625 224
8618 8624 224
8618 8625 200
8618 8626 224
8619 8625 224
8619 8626 200
8619 8627 224
8620 8626 224
8620 8627 200
8620 8628 224
8621 8627 224
8621 8628 200
8621 8629 224
8622 8628 224
8622 8629 200
8622 8630 224
8623 8629 223
8623 8630 200
8624 8631 200
8624 8632 224
8625 8631 224
8625 8632 200
8625 8633 224
8626 8632 224
8626 8633 200
8626 8634 224
8627 8633 224
8627 8634 200
8627 8635 224
8628 8634 224
8628 8635 200
8628 8636 224
8629 8635 224
8629 8636 200
8629 8637 224
8630 8636 224
8630 8637 200
8631 8638 200
8631 8639 224
8632 8638 224
8632 8639 200
8632 8640 224
8633 8639 224
8633 8640 200
8633 8641 224
8634 8640 224
8634 8641 200
8634 8642 224
8635 8641 224
8635 8642 200
8635 8643 224
8636 8642 224
8636 8643 200
8636 8644 223
8637 8643 223
8637 8644 200
8638 8645 200
8638 8646 224
8639 8645 224
8639 8646 200
8639 8647 224
8640 8646 224
8640 8647 200
8640 8648 224
8641 8647 224
8641 8648 200
8641 8649 224
8642 8648 224
8642 8649 200
8642 8650 224
8643 8649 224
8643 8650 200
8643 8651 224
8644 8650 224
8644 8651 200
8645 8652 200
8645 8653 224
8646 8652 224
8646 8653 200
8646 8654 224
8647 8653 224
8647 8654 200
8647 8655 224
8648 8654 224
8648 8655 200
8648 8656 224
8649 8655 224
8649 8656 200
8649 8657 224
8650 8656 224
8650 8657 200
8650 8658 224
8651 8657 224
8651 8658 200
8652 8659 200
8652 8660 224
8653 8659 224
8653 8660 200
8653 8661 224
8654 8660 224
8654 8661 200
8654 8662 224
8655 8661 224
8655 8662 200
8655 8663 224
8656 8662 224
8656 8663 200
8656 8664 224
8657 8663 224
8657 8664 200
8657 8665 224
8658 8664 224
8658 8665 200
8659 8666 200
8659 8667 224
8660 8666 224
8660 8667 200
8660 8668 224
8661 8667 224
8661 8668 200
8661 8669 224
8662 8668 224
8662 8669 200
8662 8670 224
8663 8669 224
8663 8670 200
8663 8671 224
8664 8670 224
8664 8671 200
8664 8672 224
8665 8671 224
8665 8672 200
8666 8673 200
8666 8674 224
8667 8673 224
8667 8674 200
8667 8675 224
8668 8674 224
8668 8675 200
8668 8676 224
8669 8675 224
8669 8676 200
8669 8677 224
8670 8676 224
8670 8677 200
8670 8678 224
8671 8677 224
8671 8678 200
8671 8679 224
8672 8678 224
8672 8679 200
8673 8680 200
8673 8681 224
8674 8680 224
8674 8681 200
8674 8682 224
8675 8681 224
8675 8682 200
8675 8683 224
8676 8682 224
8676 8683 200
8676 8684 224
8677 8683 224
8677 8684 200
8677 8685 224
8678 8684 224
8678 8685 200
8678 8686 224
8679 8685 224
8679 8686 200
8680 8687 200
8680 8688 224
8681 8687 223
8681 8688 200
8681 8689 224
8682 8688 224
8682 8689 200
8682 8690 224
8683 8689 224
8683 8690 200
8683 8691 224
8684 8690 224
8684 8691 200
8684 8692 224
8685 8691 224
8685 8692 200
8685 8693 224
8686 8692 224
8686 8693 200
8687 8694 200
8687 8695 224
8688 8694 224
8688 8695 200
8688 8696 224
8689 8695 224
8689 8696 200
8689 8697 224
8690 8696 224
8690 8697 200
8690 8698 224
8691 8697 224
8691 8698 200
8691 8699 224
8692 8698 224
8692 8699 200
8692 8700 224
8693 8699 224
8693 8700 200
8694 8701 200
8694 8702 224
8695 8701 224
8695 8702 200
8695 8703 224
8696 8702 224
8696 8703 200
8696 8704 224
8697 8703 224
8697 8704 200
8697 8705 224
8698 8704 224
8698 8705 200
8698 8706 224
8699 8705 224
8699 8706 200
8699 8707 224
8700 8706 224
8700 8707 200
8701 8708 200
8701 8709 223
8702 8708 223
8702 8709 200
8702 8710 223
8703 8709 223
8703 8710 200
8703 8711 224
8704 8710 224
8704 8711 200
8704 8712 224
8705 8711 224
8705 8712 200
8705 8713 224
8706 8712 224
8706 8713 200
8706 8714 224
8707 8713 224
8707 8714 200
8708 8715 200
8708 8716 223
8709 8715 223
8709 8716 200
8709 8717 224
8710 8716 224
8710 8717 200
8710 8718 224
8711 8717 224
8711 8718 200
8711 8719 224
8712 8718 224
8712 8719 200
8712 8720 224
8713 8719 224
8713 8720 200
8713 8721 224
8714 8720 224
8714 8721 200
8715 8722 200
8715 8723 223
8716 8722 223
8716 8723 200
8716 8724 224
8717 8723 224
8717 8724 200
8717 8725 224
8718 8724 224
8718 8725 200
8718 8726 224
8719 8725 224
8719 8726 200
8719 8727 224
8720 8726 224
8720 8727 200
8720 8728 224
8721 8727 224
8721 8728 200
8722 8729 200
8722 8730 223
8723 8729 223
8723 8730 200
8723 8731 223
8724 8730 223
8724 8731 200
8724 8732 224
8725 8731 224
8725 8732 200
8725 8733 224
8726 8732 224
8726 8733 200
8726 8734 224
8727 8733 224
8727 8734 200
8727 8735 224
8728 8734 224
8728 8735 200
8729 8736 200
8729 8737 223
8730 8736 223
8730 8737 200
8730 8738 223
8731 8737 223
8731 8738 200
8731 8739 224
8732 8738 224
8732 8739 200
8732 8740 224
8733 8739 224
8733 8740 200
8733 8741 224
8734 8740 224
8734 8741 200
8734 8742 224
8735 8741 224
8735 8742 200
8736 8743 200
8736 8744 223
8737 8743 223
8737 8744 200
8737 8745 223
8738 8744 223
8738 8745 200
8738 8746 224
8739 8745 224
8739 8746 200
8739 8747 224
8740 8746 224
8740 8747 200
8740 8748 224
8741 8747 224
8741 8748 200
8741 8749 224
8742 8748 224
8742 8749 200
8743 8750 199
8743 8751 223
8744 8750 223
8744 8751 200
8744 8752 223
8745 8751 223
8745 8752 200
8745 8753 224
8746 8752 224
8746 8753 200
8746 8754 224
8747 8753 224
8747 8754 200
8747 8755 224
8748 8754 224
8748 8755 200
8748 8756 224
8749 8755 224
8749 8756 201
8750 8757 200
8750 8758 223
8751 8757 223
8751 8758 200
8751 8759 223
8752 8758 223
8752 8759 200
8752 8760 224
8753 8759 224
8753 8760 200
8753 8761 224
8754 8760 224
8754 8761 200
8754 8762 224
8755 8761 224
8755 8762 200
8755 8763 224
8756 8762 224
8756 8763 200
8757 8764 199
8757 8765 223
8758 8764 223
8758 8765 199
8758 8766 223
8759 8765 223
8759 8766 200
8759 8767 224
8760 8766 223
8760 8767 200
8760 8768 224
8761 8767 224
8761 8768 200
8761 8769 224
8762 8768 224
8762 8769 200
8762 8770 224
8763 8769 224
8763 8770 201
8764 8771 200
8764 8772 223
8765 8771 223
8765 8772 200
8765 8773 223
8766 8772 223
8766 8773 200
8766 8774 224
8767 8773 224
8767 8774 200
8767 8775 224
8768 8774 224
8768 8775 200
8768 8776 224
8769 8775 224
8769 8776 200
8769 8777 224
8770 8776 224
8770 8777 200
8771 8778 200
8771 8779 223
8772 8778 223
8772 8779 200
8772 8780 223
8773 8779 223
8773 8780 200
8773 8781 224
8774 8780 224
8774 8781 200
8774 8782 224
8775 8781 224
8775 8782 200
8775 8783 224
8776 8782 224
8776 8783 200
8776 8784 224
8777 8783 224
8777 8784 200
8778 8785 199
8778 8786 223
8779 8785 223
8779 8786 199
8779 8787 223
8780 8786 223
8780 8787 200
8780 8788 223
8781 8787 223
8781 8788 200
8781 8789 224
8782 8788 224
8782 8789 200
8782 8790 224
8783 8789 224
8783 8790 201
8783 8791 224
8784 8790 224
8784 8791 201
8785 8792 200
8785 8793 223
8786 8792 223
8786 8793 200
8786 8794 223
8787 8793 223
8787 8794 200
8787 8795 224
8788 8794 224
8788 8795 200
8788 8796 224
8789 8795 224
8789 8796 200
8789 8797 224
8790 8796 224
8790 8797 200
8790 8798 224
8791 8797 224
8791 8798 200
8792 8799 199
8792 8800 223
8793 8799 223
8793 8800 199
8793 8801 223
8794 8800 223
8794 8801 200
8794 8802 223
8795 8801 223
8795 8802 200
8795 8803 224
8796 8802 224
8796 8803 200
8796 8804 224
8797 8803 224
8797 8804 201
8797 8805 224
8798 8804 224
8798 8805 201
8799 8806 199
8799 8807 223
8800 8806 223
8800 8807 200
8800 8808 223
8801 8807 223
8801 8808 200
8801 8809 224
8802 8808 223
8802 8809 200
8802 8810 224
8803 8809 224
8803 8810 200
8803 8811 224
8804 8810 224
8804 8811 200
8804 8812 224
8805 8811 224
8805 8812 201
8806 8813 199
8806 8814 223
8807 8813 223
8807 8814 200
8807 8815 223
8808 8814 223
8808 8815 200
8808 8816 223
8809 8815 224
8809 8816 200
8809 8817 224
8810 8816 224
8810 8817 200
8810 8818 224
8811 8817 224
8811 8818 200
8811 8819 224
8812 8818 224
8812 8819 201
8813 8820 199
8813 8821 223
8814 8820 223
8814 8821 199
8814 8822 223
8815 8821 223
8815 8822 200
8815 8823 223
8816 8822 223
8816 8823 200
8816 8824 224
8817 8823 224
8817 8824 200
8817 8825 224
8818 8824 224
8818 8825 201
8818 8826 224
8819 8825 224
8819 8826 201
8820 8827 199
8820 8828 223
8821 8827 223
8821 8828 200
8821 8829 223
8822 8828 223
8822 8829 200
8822 8830 223
8823 8829 224
8823 8830 200
8823 8831 224
8824 8830 224
8824 8831 200
8824 8832 224
8825 8831 224
8825 8832 200
8825 8833 224
8826 8832 224
8826 8833 201
8827 8834 199
8827 8835 223
8828 8834 223
8828 8835 199
8828 8836 223
8829 8835 223
8829 8836 200
8829 8837 223
8830 8836 223
8830 8837 200
8830 8838 224
8831 8837 224
8831 8838 200
8831 8839 224
8832 8838 224
8832 8839 201
8832 8840 225
8833 8839 225
8833 8840 201
8834 8841 201
8834 8842 224
8835 8841 224
8835 8842 200
8835 8843 224
8836 8842 224
8836 8843 200
8836 8844 224
8837 8843 224
8837 8844 200
8837 8845 223
8838 8844 224
8838 8845 200
8838 8846 223
8839 8845 223
8839 8846 200
8839 8847 223
8840 8846 223
8840 8847 199
8841 8848 204
8841 8849 226
8842 8848 226
8842 8849 202
8842 8850 225
8843 8849 225
8843 8850 201
8843 8851 224
8844 8850 224
8844 8851 200
8844 8852 223
8845 8851 223
8845 8852 199
8845 8853 222
8846 8852 222
8846 8853 198
8846 8854 221
8847 8853 221
8847 8854 196
8848 8855 202
8848 8856 225
8849 8855 225
8849 8856 201
8849 8857 224
8850 8856 224
8850 8857 201
8850 8858 224
8851 8857 224
8851 8858 200
8851 8859 223
8852 8858 223
8852 8859 199
8852 8860 223
8853 8859 223
8853 8860 199
8853 8861 222
8854 8860 222
8854 8861 198
8855 8862 201
8855 8863 225
8856 8862 225
8856 8863 201
8856 8864 224
8857 8863 224
8857 8864 200
8857 8865 224
8858 8864 224
8858 8865 200
8858 8866 223
8859 8865 223
8859 8866 199
8859 8867 223
8860 8866 223
8860 8867 199
8860 8868 223
8861 8867 222
8861 8868 198
8862 8869 203
8862 8870 226
8863 8869 226
8863 8870 202
8863 8871 225
8864 8870 225
8864 8871 201
8864 8872 224
8865 8871 224
8865 8872 200
8865 8873 223
8866 8872 223
8866 8873 199
8866 8874 222
8867 8873 222
8867 8874 198
8867 8875 222
8868 8874 222
8868 8875 197
8869 8876 201
8869 8877 224
8870 8876 224
8870 8877 201
8870 8878 224
8871 8877 224
8871 8878 200
8871 8879 224
8872 8878 224
8872 8879 200
8872 8880 223
8873 8879 223
8873 8880 200
8873 8881 223
8874 8880 223
8874 8881 199
8874 8882 223
8875 8881 223
8875 8882 199
8876 8883 201
8876 8884 224
8877 8883 224
8877 8884 201
8877 8885 224
8878 8884 224
8878 8885 200
8878 8886 224
8879 8885 224
8879 8886 200
8879 8887 224
8880 8886 223
8880 8887 200
8880 8888 223
8881 8887 223
8881 8888 199
8881 8889 223
8882 8888 223
8882 8889 199
8883 8890 202
8883 8891 225
8884 8890 225
8884 8891 201
8884 8892 224
8885 8891 224
8885 8892 201
8885 8893 224
8886 8892 224
8886 8893 200
8886 8894 223
8887 8893 223
8887 8894 199
8887 8895 223
8888 8894 223
8888 8895 199
8888 8896 222
8889 8895 222
8889 8896 198
8890 8897 201
8890 8898 224
8891 8897 224
8891 8898 200
8891 8899 224
8892 8898 224
8892 8899 200
8892 8900 224
8893 8899 224
8893 8900 200
8893 8901 223
8894 8900 223
8894 8901 200
8894 8902 223
8895 8901 223
8895 8902 200
8895 8903 223
8896 8902 223
8896 8903 199
8897 8904 201
8897 8905 224
8898 8904 224
8898 8905 201
8898 8906 224
8899 8905 224
8899 8906 200
8899 8907 224
8900 8906 224
8900 8907 200
8900 8908 223
8901 8907 223
8901 8908 200
8901 8909 223
8902 8908 223
8902 8909 199
8902 8910 223
8903 8909 223
8903 8910 199
8904 8911 200
8904 8912 224
8905 8911 224
8905 8912 200
8905 8913 224
8906 8912 224
8906 8913 200
8906 8914 224
8907 8913 224
8907 8914 200
8907 8915 224
8908 8914 224
8908 8915 200
8908 8916 223
8909 8915 223
8909 8916 200
8909 8917 223
8910 8916 223
8910 8917 200
8911 8918 200
8911 8919 224
8912 8918 224
8912 8919 200
8912 8920 224
8913 8919 224
8913 8920 200
8913 8921 224
8914 8920 224
8914 8921 200
8914 8922 224
8915 8921 224
8915 8922 200
8915 8923 223
8916 8922 223
8916 8923 200
8916 8924 223
8917 8923 223
8917 8924 200
8918 8925 200
8918 8926 224
8919 8925 224
8919 8926 200
8919 8927 224
8920 8926 224
8920 8927 200
8920 8928 224
8921 8927 224
8921 8928 200
8921 8929 224
8922 8928 224
8922 8929 200
8922 8930 223
8923 8929 223
8923 8930 200
8923 8931 223
8924 8930 223
8924 8931 200
8925 8932 200
8925 8933 224
8926 8932 224
8926 8933 200
8926 8934 224
8927 8933 224
8927 8934 200
8927 8935 224
8928 8934 224
8928 8935 200
8928 8936 224
8929 8935 224
8929 8936 200
8929 8937 224
8930 8936 224
8930 8937 200
8930 8938 224
8931 8937 224
8931 8938 200
8932 8939 200
8932 8940 223
8933 8939 223
8933 8940 200
8933 8941 223
8934 8940 223
8934 8941 200
8934 8942 224
8935 8941 224
8935 8942 200
8935 8943 224
8936 8942 224
8936 8943 200
8936 8944 224
8937 8943 224
8937 8944 200
8937 8945 224
8938 8944 224
8938 8945 200
8939 8946 200
8939 8947 223
8940 8946 223
8940 8947 200
8940 8948 223
8941 8947 223
8941 8948 200
8941 8949 224
8942 8948 224
8942 8949 200
8942 8950 224
8943 8949 224
8943 8950 200
8943 8951 224
8944 8950 224
8944 8951 200
8944 8952 224
8945 8951 224
8945 8952 200
8946 8953 200
8946 8954 223
8947 8953 223
8947 8954 200
8947 8955 223
8948 8954 223
8948 8955 200
8948 8956 224
8949 8955 224
8949 8956 200
8949 8957 224
8950 8956 224
8950 8957 200
8950 8958 224
8951 8957 224
8951 8958 200
8951 8959 224
8952 8958 224
8952 8959 200
8953 8960 199
8953 8961 223
8954 8960 223
8954 8961 199
8954 8962 223
8955 8961 223
8955 8962 200
8955 8963 223
8956 8962 223
8956 8963 200
8956 8964 224
8957 8963 224
8957 8964 200
8957 8965 224
8958 8964 224
8958 8965 201
8958 8966 225
8959 8965 225
8959 8966 201
8960 8967 199
8960 8968 223
8961 8967 223
8961 8968 199
8961 8969 223
8962 8968 223
8962 8969 200
8962 8970 223
8963 8969 223
8963 8970 200
8963 8971 224
8964 8970 224
8964 8971 200
8964 8972 224
8965 8971 224
8965 8972 201
8965 8973 224
8966 8972 224
8966 8973 201
8967 8974 198
8967 8975 222
8968 8974 222
8968 8975 199
8968 8976 223
8969 8975 223
8969 8976 199
8969 8977 223
8970 8976 223
8970 8977 200
8970 8978 224
8971 8977 224
8971 8978 201
8971 8979 225
8972 8978 224
8972 8979 201
8972 8980 225
8973 8979 225
8973 8980 202
8974 8981 199
8974 8982 223
8975 8981 223
8975 8982 199
8975 8983 223
8976 8982 223
8976 8983 200
8976 8984 223
8977 8983 223
8977 8984 200
8977 8985 224
8978 8984 224
8978 8985 200
8978 8986 224
8979 8985 224
8979 8986 201
8979 8987 225
8980 8986 224
8980 8987 201
8981 8988 197
8981 8989 222
8982 8988 221
8982 8989 198
8982 8990 222
8983 8989 222
8983 8990 199
8983 8991 223
8984 8990 223
8984 8991 200
8984 8992 224
8985 8991 224
8985 8992 201
8985 8993 225
8986 8992 225
8986 8993 202
8986 8994 226
8987 8993 226
8987 8994 203
8988 8995 198
8988 8996 222
8989 8995 222
8989 8996 199
8989 8997 223
8990 8996 223
8990 8997 199
8990 8998 223
8991 8997 223
8991 8998 200
8991 8999 224
8992 8998 224
8992 8999 201
8992 9000 224
8993 8999 224
8993 9000 201
8993 9001 225
8994 9000 225
8994 9001 202
8995 9002 196
8995 9003 221
8996 9002 221
8996 9003 197
8996 9004 222
8997 9003 222
8997 9004 199
8997 9005 223
8998 9004 223
8998 9005 200
8998 9006 224
8999 9005 224
8999 9006 201
8999 9007 225
9000 9006 225
9000 9007 203
9000 9008 227
9001 9007 226
9001 9008 204
9002 9009 198
9002 9010 222
9003 9009 222
9003 9010 199
9003 9011 223
9004 9010 223
9004 9011 199
9004 9012 223
9005 9011 223
9005 9012 200
9005 9013 224
9006 9012 224
9006 9013 201
9006 9014 225
9007 9013 225
9007 9014 201
9007 9015 225
9008 9014 225
9008 9015 202
9009 9016 195
9009 9017 220
9010 9016 220
9010 9017 197
9010 9018 221
9011 9017 221
9011 9018 198
9011 9019 223
9012 9018 223
9012 9019 200
9012 9020 224
9013 9019 224
9013 9020 202
9013 9021 226
9014 9020 226
9014 9021 203
9014 9022 227
9015 9021 227
9015 9022 205
9016 9023 197
9016 9024 221
9017 9023 222
9017 9024 198
9017 9025 222
9018 9024 222
9018 9025 199
9018 9026 223
9019 9025 223
9019 9026 200
9019 9027 224
9020 9026 224
9020 9027 201
9020 9028 225
9021 9027 225
9021 9028 202
9021 9029 226
9022 9028 226
9022 9029 203
9023 9030 194
9023 9031 219
9024 9030 219
9024 9031 196
9024 9032 221
9025 9031 221
9025 9032 198
9025 9033 222
9026 9032 223
9026 9033 200
9026 9034 224
9027 9033 225
9027 9034 202
9027 9035 226
9028 9034 227
9028 9035 204
9028 9036 228
9029 9035 229
9029 9036 206
9030 9037 193
9030 9038 218
9031 9037 218
9031 9038 195
9031 9039 220
9032 9038 220
9032 9039 198
9032 9040 223
9033 9039 223
9033 9040 200
9033 9041 225
9034 9040 225
9034 9041 202
9034 9042 227
9035 9041 227
9035 9042 205
9035 9043 229
9036 9042 229
9036 9043 207
9037 9044 192
9037 9045 218
9038 9044 217
9038 9045 194
9038 9046 220
9039 9045 219
9039 9046 197
9039 9047 223
9040 9046 222
9040 9047 200
9040 9048 225
9041 9047 224
9041 9048 203
9041 9049 228
9042 9048 227
9042 9049 206
9042 9050 230
9043 9049 229
9043 9050 208
9044 9051 195
9044 9052 220
9045 9051 220
9045 9052 197
9045 9053 222
9046 9052 222
9046 9053 198
9046 9054 223
9047 9053 223
9047 9054 200
9047 9055 224
9048 9054 224
9048 9055 202
9048 9056 226
9049 9055 226
9049 9056 203
9049 9057 227
9050 9056 227
9050 9057 205
9051 9058 190
9051 9059 215
9052 9058 217
9052 9059 193
9052 9060 218
9053 9059 220
9053 9060 197
9053 9061 221
9054 9060 223
9054 9061 200
9054 9062 225
9055 9061 226
9055 9062 203
9055 9063 228
9056 9062 229
9056 9063 207
9056 9064 231
9057 9063 232
9057 9064 210
9058 9065 188
9058 9066 214
9059 9065 215
9059 9066 192
9059 9067 218
9060 9066 219
9060 9067 196
9060 9068 221
9061 9067 222
9061 9068 200
9061 9069 225
9062 9068 226
9062 9069 204
9062 9070 228
9063 9069 229
9063 9070 208
9063 9071 232
9064 9070 233
9064 9071 212
9065 9072 186
9065 9073 213
9066 9072 214
9066 9073 191
9066 9074 217
9067 9073 218
9067 9074 195
9067 9075 221
9068 9074 222
9068 9075 200
9068 9076 225
9069 9075 226
9069 9076 205
9069 9077 229
9070 9076 230
9070 9077 209
9070 9078 233
9071 9077 234
9071 9078 214
9072 9079 184
9072 9080 211
9073 9079 213
9073 9080 189
9073 9081 216
9074 9080 217
9074 9081 195
9074 9082 220
9075 9081 222
9075 9082 200
9075 9083 225
9076 9082 227
9076 9083 205
9076 9084 230
9077 9083 231
9077 9084 211
9077 9085 235
9078 9084 236
9078 9085 216
9079 9086 172
9079 9087 203
9080 9086 203
9080 9087 181
9080 9088 211
9081 9087 211
9081 9088 190
9081 9089 219
9082 9088 219
9082 9089 200
9082 9090 228
9083 9089 228
9083 9090 209
9083 9091 236
9084 9090 236
9084 9091 219
9084 9092 245
9085 9091 245
9085 9092 228
9086 9093 177
9086 9094 207
9087 9093 206
9087 9094 185
9087 9095 214
9088 9094 213
9088 9095 192
9088 9096 221
9089 9095 220
9089 9096 200
9089 9097 227
9090 9096 226
9090 9097 207
9090 9098 234
9091 9097 233
9091 9098 215
9091 9099 241
9092 9098 240
9092 9099 222
9093 0 160
9093 1 196
9094 0 193
9094 1 173
9094 2 207
9095 1 204
9095 2 187
9095 3 219
9096 2 216
9096 3 200
9096 4 231
9097 3 228
9097 4 213
9097 5 243
9098 4 240
9098 5 226
9098 6 255
9099 5 252
9099 6 240
